fight_id,event_date,year,red_fighter,blue_fighter,division,scheduled_rounds,actual_red_win,actual_method,actual_finish_round,actual_duration_seconds,historical_kd,historical_sub_attempts,red_win_probability,blue_win_probability,average_simulated_finish_time,simulated_nondecision_paths,simulated_finish_time_sum_seconds,simulated_total_kd,simulated_total_exposure_seconds,simulated_total_submission_attempts,simulated_paths_with_submission_attempt,simulated_total_path_count,simulated_standing_seconds,simulated_ground_seconds,kd_per_path,zero_kd_share,multi_kd_share,submission_attempts_per_path,ko_tko_probability,red_ko_tko_probability,blue_ko_tko_probability,sub_probability,red_sub_probability,blue_sub_probability,dec_probability,red_dec_probability,blue_dec_probability,sim_finish_r1_share,sim_finish_r1_count,sim_finish_r2_share,sim_finish_r2_count,sim_finish_r3_share,sim_finish_r3_count,sim_finish_r4_share,sim_finish_r4_count,sim_finish_r5_share,sim_finish_r5_count,red_td_attempts,red_td_completions,red_strike_attempts,red_strikes_landed,blue_td_attempts,blue_td_completions,blue_strike_attempts,blue_strikes_landed,simulated_strike_attempts_per_path,simulated_strikes_landed_per_path,simulated_takedown_attempts_per_path,simulated_takedowns_landed_per_path
32a8f38bd1d46e3e,2020-01-18,2020,Anthony Pettis,Diego Ferreira,lightweight,3,0,SUB,2,406.0,0.0,1.0,0.52,0.48,178.78034034919736,15,2681.70510523796,11,11681.70510523796,2,1,25,10029.542637662807,1652.1624675751532,0.44,0.64,0.08,0.08,0.56,0.4,0.16,0.04,0.04,0.0,0.4,0.08,0.32,0.7333333333333333,11,0.2,3,0.06666666666666667,1,0.0,0,0.0,0,0.84,0.32,63.2,29.72,2.16,0.72,86.8,32.6,150.0,62.32,3.0,1.04
36032308b7e86fd0,2020-01-18,2020,Holly Holm,Raquel Pennington,women's bantamweight,3,1,DEC,3,900.0,0.0,0.0,0.92,0.08,41.94288671553656,3,125.82866014660968,0,19925.82866014661,3,3,25,18724.02134914402,1201.8073110025825,0.0,1.0,0.0,0.12,0.12,0.08,0.04,0.0,0.0,0.0,0.88,0.84,0.04,1.0,3,0.0,0,0.0,0,0.0,0,0.0,0,1.56,0.44,111.08,42.32,2.72,0.56,76.4,27.56,187.48000000000002,69.88,4.28,1.0
5868c154789648f0,2020-01-18,2020,Andre Fili,Sodiq Yusuff,featherweight,3,0,DEC,3,900.0,0.0,1.0,0.68,0.32,335.1014582433861,4,1340.4058329735444,3,20240.40583297354,3,3,25,18343.583518193227,1896.8223147803126,0.12,0.88,0.0,0.12,0.12,0.08,0.04,0.04,0.04,0.0,0.84,0.56,0.28,0.75,3,0.0,0,0.25,1,0.0,0,0.0,0,2.52,1.08,126.84,48.48,1.96,0.44,112.64,49.28,239.48000000000002,97.75999999999999,4.48,1.52
63dd38f0dcc2ee88,2020-01-18,2020,Drew Dober,Nasrat Haqparast,lightweight,3,1,KO_TKO,1,70.0,1.0,0.0,0.68,0.32,,0,0.0,6,22500.0,2,2,25,21101.509809697218,1398.4901903027778,0.24,0.88,0.08,0.08,0.0,0.0,0.0,0.0,0.0,0.0,1.0,0.68,0.32,0.0,0,0.0,0,0.0,0,0.0,0,0.0,0,3.84,0.6,183.08,62.4,1.52,0.4,137.28,59.24,320.36,121.64,5.359999999999999,1.0
702759500d47a059,2020-01-18,2020,Aleksei Oleinik,Maurice Greene,heavyweight,3,1,SUB,2,578.0,0.0,3.0,0.36,0.64,231.77923636968643,17,3940.2470182846696,18,11140.247018284668,6,3,25,10039.98327613915,1100.2637421455213,0.72,0.52,0.16,0.24,0.6,0.24,0.36,0.08,0.08,0.0,0.32,0.04,0.28,0.7647058823529411,13,0.17647058823529413,3,0.058823529411764705,1,0.0,0,0.0,0,1.92,0.68,59.0,23.8,0.56,0.32,70.2,27.08,129.2,50.879999999999995,2.48,1.0
760b5b16b4931a77,2020-01-18,2020,Roxanne Modafferi,Maycee Barber,women's flyweight,3,1,DEC,3,900.0,1.0,1.0,0.2,0.8,230.869455306571,4,923.477821226284,5,19823.477821226283,3,3,25,17702.472134565378,2121.00568666091,0.2,0.84,0.04,0.12,0.12,0.04,0.08,0.04,0.04,0.0,0.84,0.12,0.72,0.75,3,0.25,1,0.0,0,0.0,0,0.0,0,2.92,0.68,153.12,51.76,2.04,0.84,157.6,65.6,310.72,117.35999999999999,4.96,1.52
eed6c9aff2234b7a,2020-01-18,2020,Conor McGregor,Donald Cerrone,welterweight,5,1,KO_TKO,1,40.0,1.0,0.0,1.0,0.0,469.2085261625171,12,5630.502313950205,21,25130.502313950205,4,4,25,24253.7411506611,876.7611632891073,0.84,0.44,0.2,0.16,0.48,0.48,0.0,0.0,0.0,0.0,0.52,0.52,0.0,0.5,6,0.25,3,0.0,0,0.16666666666666666,2,0.08333333333333333,1,0.96,0.16,158.56,76.68,2.08,0.76,122.92,56.68,281.48,133.36,3.04,0.92
037d2f426c916ffc,2020-01-25,2020,Curtis Blaydes,Junior Dos Santos,heavyweight,5,1,KO_TKO,2,366.0,0.0,0.0,0.08,0.92,498.84959142573626,25,12471.239785643405,19,12471.239785643405,1,1,25,10812.174572248286,1659.0652133951219,0.76,0.32,0.04,0.04,1.0,0.08,0.92,0.0,0.0,0.0,0.0,0.0,0.0,0.4,10,0.28,7,0.12,3,0.12,3,0.08,2,3.56,1.12,51.92,18.96,0.0,0.0,64.32,29.92,116.24,48.88,3.56,1.12
2ef54419defb2364,2020-01-25,2020,Rafael Dos Anjos,Michael Chiesa,welterweight,3,0,DEC,3,900.0,0.0,0.0,0.48,0.52,420.3329660655087,5,2101.6648303275433,2,20101.664830327543,12,9,25,15044.703893426637,5056.960936900901,0.08,0.92,0.0,0.48,0.08,0.0,0.08,0.12,0.04,0.08,0.8,0.44,0.36,0.4,2,0.4,2,0.2,1,0.0,0,0.0,0,2.44,0.92,86.16,39.6,4.76,2.12,99.68,34.04,185.84,73.64,7.199999999999999,3.04
79161bde28636128,2020-01-25,2020,Sara McMann,Lina Lansberg,women's bantamweight,3,1,DEC,3,900.0,0.0,1.0,0.88,0.12,,0,0.0,3,22500.0,5,4,25,18093.766771920695,4406.233228079308,0.12,0.88,0.0,0.2,0.0,0.0,0.0,0.0,0.0,0.0,1.0,0.88,0.12,0.0,0,0.0,0,0.0,0,0.0,0,0.0,0,3.8,1.84,128.04,40.56,0.56,0.28,87.04,34.2,215.07999999999998,74.76,4.359999999999999,2.12
b88b170a7fe40544,2020-01-25,2020,Hannah Cifers,Angela Hill,women's strawweight,3,0,KO_TKO,2,566.0,0.0,0.0,0.36,0.64,310.06834563121816,7,2170.478419418527,4,18370.478419418527,5,4,25,17360.07855125552,1010.3998681630085,0.16,0.88,0.04,0.2,0.28,0.0,0.28,0.0,0.0,0.0,0.72,0.36,0.36,0.5714285714285714,4,0.14285714285714285,1,0.2857142857142857,2,0.0,0,0.0,0,1.08,0.4,133.72,44.68,2.08,0.64,112.0,47.16,245.72,91.84,3.16,1.04
ed94cdc0f2b97e15,2020-01-25,2020,Arnold Allen,Nik Lentz,featherweight,3,1,DEC,3,900.0,0.0,0.0,0.56,0.44,319.1104803805909,3,957.3314411417728,2,20757.331441141774,13,10,25,16045.907902129187,4711.423539012585,0.08,0.92,0.0,0.52,0.08,0.0,0.08,0.04,0.0,0.04,0.88,0.56,0.32,0.3333333333333333,1,0.6666666666666666,2,0.0,0,0.0,0,0.0,0,1.6,0.8,98.72,45.52,9.24,2.36,80.92,34.2,179.64,79.72,10.84,3.16
11f7bac5037a184c,2020-02-08,2020,Trevin Giles,James Krause,middleweight,3,1,DEC,3,900.0,0.0,5.0,0.28,0.72,254.4389729761563,9,2289.950756785406,13,16689.95075678541,9,7,25,14768.364473257672,1921.5862835277355,0.52,0.52,0.04,0.36,0.36,0.04,0.32,0.0,0.0,0.0,0.64,0.24,0.4,0.6666666666666666,6,0.2222222222222222,2,0.1111111111111111,1,0.0,0,0.0,0,1.2,0.8,95.48,38.04,2.84,0.52,97.0,40.32,192.48000000000002,78.36,4.04,1.32
326b843cb2b7fd94,2020-02-08,2020,Andre Ewell,Jonathan Martinez,bantamweight,3,1,DEC,3,900.0,0.0,0.0,0.68,0.32,270.6425793051197,7,1894.4980551358376,11,18094.498055135835,15,10,25,14048.384323172986,4046.1137319628497,0.44,0.64,0.08,0.6,0.24,0.2,0.04,0.04,0.04,0.0,0.72,0.44,0.28,0.7142857142857143,5,0.0,0,0.2857142857142857,2,0.0,0,0.0,0,1.36,0.84,93.0,34.68,2.6,1.04,80.48,33.04,173.48000000000002,67.72,3.96,1.88
be822403f364fff3,2020-02-08,2020,Mirsad Bektic,Dan Ige,featherweight,3,0,DEC,3,900.0,0.0,1.0,0.44,0.56,369.8136134384603,12,4437.763361261524,19,16137.763361261523,1,1,25,13926.23471462838,2211.528646633147,0.76,0.36,0.12,0.04,0.48,0.0,0.48,0.0,0.0,0.0,0.52,0.44,0.08,0.5,6,0.25,3,0.25,3,0.0,0,0.0,0,1.56,0.92,94.32,34.44,3.52,0.4,70.64,26.24,164.95999999999998,60.67999999999999,5.08,1.32
cb56e868deaddac4,2020-02-08,2020,Lauren Murphy,Andrea Lee,women's flyweight,3,1,DEC,3,900.0,0.0,1.0,0.2,0.8,,0,0.0,0,22500.0,2,2,25,19405.959957241717,3094.040042758282,0.0,1.0,0.0,0.08,0.0,0.0,0.0,0.0,0.0,0.0,1.0,0.2,0.8,0.0,0,0.0,0,0.0,0,0.0,0,0.0,0,6.12,2.0,130.88,43.28,2.16,0.72,147.12,58.36,278.0,101.64,8.280000000000001,2.7199999999999998
cefb47bcc04f540e,2020-02-08,2020,Derrick Lewis,Ilir Latifi,heavyweight,3,1,DEC,3,900.0,0.0,0.0,0.6,0.4,311.83492728889627,12,3742.019127466755,10,15442.019127466756,7,6,25,12568.938479225246,2873.080648241509,0.4,0.68,0.08,0.28,0.48,0.44,0.04,0.0,0.0,0.0,0.52,0.16,0.36,0.5833333333333334,7,0.25,3,0.16666666666666666,2,0.0,0,0.0,0,0.0,0.0,32.16,12.4,4.24,1.96,24.0,10.92,56.16,23.32,4.24,1.96
fae99a4089f8abb0,2020-02-08,2020,Jon Jones,Dominick Reyes,light heavyweight,5,1,DEC,5,1500.0,0.0,0.0,0.72,0.28,491.031853474215,4,1964.12741389686,2,33464.12741389686,13,7,25,28970.970597377047,4493.156816519815,0.08,0.92,0.0,0.52,0.12,0.08,0.04,0.04,0.04,0.0,0.84,0.6,0.24,0.5,2,0.25,1,0.0,0,0.25,1,0.0,0,9.68,2.68,85.44,42.16,1.04,0.08,114.44,40.52,199.88,82.68,10.719999999999999,2.7600000000000002
08426f06239d903c,2020-02-15,2020,John Dodson,Nathaniel Wood,bantamweight,3,1,KO_TKO,3,616.0,1.0,0.0,0.32,0.68,368.231883668046,4,1472.927534672184,1,20372.927534672184,7,6,25,19140.469634780213,1232.457899891969,0.04,0.96,0.0,0.28,0.08,0.08,0.0,0.08,0.0,0.08,0.84,0.24,0.6,0.5,2,0.25,1,0.25,1,0.0,0,0.0,0,2.44,0.64,101.0,40.64,2.24,0.68,115.8,41.72,216.8,82.36,4.68,1.32
801b3f24c670f19a,2020-02-15,2020,Corey Anderson,Jan Blachowicz,light heavyweight,5,0,KO_TKO,1,188.0,1.0,0.0,0.28,0.72,566.0233936428224,16,9056.37429828516,24,22556.374298285155,1,1,25,17596.077862815986,4960.296435469166,0.96,0.44,0.24,0.04,0.64,0.0,0.64,0.0,0.0,0.0,0.36,0.28,0.08,0.375,6,0.1875,3,0.1875,3,0.0625,1,0.1875,3,5.08,2.44,101.84,39.48,0.04,0.0,88.36,36.92,190.2,76.4,5.12,2.44
96919cf8d3e988ff,2020-02-15,2020,Montana De La Rosa,Mara Romero Borella,women's flyweight,3,1,DEC,3,900.0,1.0,1.0,0.72,0.28,291.42141071510525,5,1457.1070535755264,3,19457.107053575528,23,12,25,15470.228151621848,3986.878901953676,0.12,0.88,0.0,0.92,0.04,0.04,0.0,0.16,0.16,0.0,0.8,0.52,0.28,0.6,3,0.4,2,0.0,0,0.0,0,0.0,0,2.96,1.28,99.12,32.12,2.44,1.24,75.64,32.2,174.76,64.32,5.4,2.52
eab100e978c730c5,2020-02-15,2020,Lando Vannata,Yancy Medeiros,lightweight,3,1,DEC,3,900.0,0.0,0.0,0.8,0.2,225.64262988915,13,2933.3541885589498,10,13733.354188558953,6,4,25,12950.292540578748,783.061647980205,0.4,0.68,0.08,0.24,0.48,0.48,0.0,0.04,0.0,0.04,0.48,0.32,0.16,0.6923076923076923,9,0.15384615384615385,2,0.15384615384615385,2,0.0,0,0.0,0,1.72,0.44,81.04,32.68,0.56,0.2,90.36,34.24,171.4,66.92,2.2800000000000002,0.64
f3e2038bfb9b5d9d,2020-02-15,2020,Jim Miller,Scott Holtzman,lightweight,3,0,DEC,3,900.0,0.0,0.0,0.36,0.64,408.9260766178209,7,2862.4825363247464,2,19062.482536324747,13,11,25,15422.120513819724,3640.362022505021,0.08,0.92,0.0,0.52,0.12,0.04,0.08,0.16,0.12,0.04,0.72,0.2,0.52,0.42857142857142855,3,0.14285714285714285,1,0.42857142857142855,3,0.0,0,0.0,0,5.08,1.84,96.72,37.52,1.84,1.04,112.12,45.48,208.84,83.0,6.92,2.88
060987bb3025a0a8,2020-02-22,2020,Karolina Kowalkiewicz,Yan Xiaonan,women's strawweight,3,0,DEC,3,900.0,0.0,1.0,0.08,0.92,401.88815536516734,1,401.88815536516734,1,22001.888155365166,1,1,25,21170.112568257668,831.7755871075,0.04,0.96,0.0,0.04,0.04,0.04,0.0,0.0,0.0,0.0,0.96,0.04,0.92,0.0,0,1.0,1,0.0,0,0.0,0,0.0,0,0.36,0.2,165.44,57.44,0.96,0.48,186.32,71.88,351.76,129.32,1.3199999999999998,0.6799999999999999
102fb91414fd24ab,2020-02-22,2020,Priscila Cachoeira,Shana Dobson,women's flyweight,3,1,KO_TKO,1,40.0,1.0,0.0,0.16,0.84,66.51607826178244,2,133.03215652356488,5,20833.032156523564,4,3,25,19858.233935987628,974.798220535935,0.2,0.8,0.0,0.16,0.04,0.0,0.04,0.04,0.0,0.04,0.92,0.16,0.76,1.0,2,0.0,0,0.0,0,0.0,0,0.0,0,0.68,0.32,142.64,53.36,2.24,0.48,152.88,59.8,295.52,113.16,2.9200000000000004,0.8
3bd20b66b585d621,2020-02-22,2020,Jake Matthews,Emil Meek,welterweight,3,1,DEC,3,900.0,1.0,0.0,0.72,0.28,503.72270014959315,5,2518.6135007479656,0,20518.613500747964,22,15,25,14414.048004973123,6104.56549577484,0.0,1.0,0.0,0.88,0.04,0.0,0.04,0.16,0.04,0.12,0.8,0.68,0.12,0.4,2,0.2,1,0.4,2,0.0,0,0.0,0,5.36,2.96,77.8,33.44,0.44,0.16,103.88,35.04,181.68,68.47999999999999,5.800000000000001,3.12
5fceb95c29d929bc,2020-02-22,2020,Paul Felder,Dan Hooker,lightweight,5,0,DEC,5,1500.0,0.0,0.0,0.2,0.8,530.5947289373105,9,4775.352560435795,7,28775.352560435793,6,6,25,26321.101634531555,2454.2509259042417,0.28,0.8,0.08,0.24,0.36,0.16,0.2,0.0,0.0,0.0,0.64,0.04,0.6,0.3333333333333333,3,0.3333333333333333,3,0.1111111111111111,1,0.1111111111111111,1,0.1111111111111111,1,4.44,1.08,155.76,62.4,2.8,1.08,147.0,71.84,302.76,134.24,7.24,2.16
f882cf76a8bce308,2020-02-22,2020,Kevin Aguilar,Zubaira Tukhugov,featherweight,3,0,KO_TKO,1,201.0,2.0,0.0,0.56,0.44,227.64959337989313,1,227.64959337989313,7,21827.649593379894,0,0,25,21141.250288487645,686.3993048922495,0.28,0.72,0.0,0.0,0.04,0.0,0.04,0.0,0.0,0.0,0.96,0.56,0.4,1.0,1,0.0,0,0.0,0,0.0,0,0.0,0,0.0,0.0,116.4,37.72,1.52,0.6,85.96,32.64,202.36,70.36,1.52,0.6
e8219ea7da46f67f,2020-02-29,2020,Joseph Benavidez,Deiveson Figueiredo,flyweight,5,0,KO_TKO,2,414.0,1.0,1.0,0.88,0.12,534.2380807702601,5,2671.1904038513007,3,32671.190403851302,9,6,25,29132.59696380725,3538.593440044043,0.12,0.92,0.04,0.36,0.16,0.08,0.08,0.04,0.0,0.04,0.8,0.8,0.0,0.2,1,0.4,2,0.2,1,0.2,1,0.0,0,7.68,2.72,150.28,61.56,4.24,0.84,97.4,37.76,247.68,99.32,11.92,3.56
f5b49f4c5a27e53b,2020-02-29,2020,Ion Cutelaba,Magomed Ankalaev,light heavyweight,3,0,KO_TKO,1,38.0,0.0,0.0,0.8,0.2,192.23096333984353,5,961.1548166992177,7,18961.154816699218,7,4,25,17552.237105992208,1408.9177107070077,0.28,0.8,0.08,0.28,0.16,0.16,0.0,0.04,0.04,0.0,0.8,0.6,0.2,0.8,4,0.2,1,0.0,0,0.0,0,0.0,0,3.88,1.24,94.16,30.72,2.16,0.36,61.6,24.64,155.76,55.36,6.04,1.6
4d607b6ddc77a34c,2020-03-07,2020,Alex Oliveira,Max Griffin,welterweight,3,1,DEC,3,900.0,0.0,0.0,0.56,0.44,271.8280241905978,9,2446.45221771538,15,16846.45221771538,4,4,25,13420.276238421695,3426.1759792936846,0.6,0.56,0.12,0.16,0.28,0.04,0.24,0.08,0.0,0.08,0.64,0.52,0.12,0.6666666666666666,6,0.1111111111111111,1,0.2222222222222222,2,0.0,0,0.0,0,3.8,1.48,79.28,32.04,2.4,1.2,59.96,26.84,139.24,58.879999999999995,6.199999999999999,2.6799999999999997
891470d896b1de5a,2020-03-07,2020,Beneil Dariush,Drakkar Klose,lightweight,3,1,KO_TKO,2,360.0,1.0,2.0,0.76,0.24,450.91651965874325,4,1803.666078634973,2,20703.666078634975,11,7,25,17796.39122868694,2907.2748499480367,0.08,0.92,0.0,0.44,0.08,0.04,0.04,0.08,0.08,0.0,0.84,0.64,0.2,0.5,2,0.0,0,0.5,2,0.0,0,0.0,0,2.84,1.2,96.92,40.8,3.36,0.92,84.08,32.6,181.0,73.4,6.199999999999999,2.12
b46f2f007b622bce,2020-03-07,2020,Israel Adesanya,Yoel Romero,middleweight,5,1,DEC,5,1500.0,0.0,0.0,0.84,0.16,364.56438588195124,3,1093.6931576458537,6,34093.69315764585,3,3,25,32039.839698466778,2053.8534591790776,0.24,0.76,0.0,0.12,0.12,0.0,0.12,0.0,0.0,0.0,0.88,0.84,0.04,0.3333333333333333,1,0.6666666666666666,2,0.0,0,0.0,0,0.0,0,0.76,0.12,153.52,65.0,10.72,2.08,115.64,47.6,269.16,112.6,11.48,2.2
d66a8591af39ca7b,2020-03-07,2020,Neil Magny,Li Jingliang,welterweight,3,1,DEC,3,900.0,0.0,0.0,0.44,0.56,378.5669173889699,8,3028.535339111759,17,18328.535339111757,3,3,25,15366.970052718176,2961.565286393585,0.68,0.56,0.16,0.12,0.32,0.12,0.2,0.0,0.0,0.0,0.68,0.32,0.36,0.625,5,0.125,1,0.25,2,0.0,0,0.0,0,3.24,1.52,102.28,39.36,2.2,0.96,93.72,39.08,196.0,78.44,5.44,2.48
5bba49d88db7430f,2020-03-14,2020,Johnny Walker,Nikita Krylov,light heavyweight,3,0,DEC,3,900.0,0.0,0.0,0.24,0.76,229.2341591995835,17,3896.9807063929193,15,11096.98070639292,10,7,25,9344.784840167771,1752.1958662251463,0.6,0.56,0.12,0.4,0.64,0.16,0.48,0.04,0.0,0.04,0.32,0.08,0.24,0.5882352941176471,10,0.35294117647058826,6,0.058823529411764705,1,0.0,0,0.0,0,2.16,0.8,42.92,19.6,1.56,0.56,63.8,24.92,106.72,44.52,3.72,1.36
5cee1d8f1e43d6f5,2020-03-14,2020,Demian Maia,Gilbert Burns,welterweight,3,0,KO_TKO,1,154.0,1.0,0.0,0.76,0.24,376.1105209403408,11,4137.215730343749,11,16737.215730343753,4,4,25,14440.899910706898,2296.3158196368536,0.44,0.56,0.0,0.16,0.32,0.32,0.0,0.12,0.08,0.04,0.56,0.36,0.2,0.5454545454545454,6,0.09090909090909091,1,0.36363636363636365,4,0.0,0,0.0,0,4.0,1.32,62.72,24.16,1.52,0.64,73.2,26.72,135.92000000000002,50.879999999999995,5.52,1.96
b3c74554c871fbf8,2020-03-14,2020,Jussier Formiga,Brandon Moreno,flyweight,3,0,DEC,3,900.0,0.0,1.0,0.32,0.68,697.4291896566863,1,697.4291896566863,5,22297.429189656687,4,4,25,20451.975269444232,1845.4539202124547,0.2,0.8,0.0,0.16,0.04,0.0,0.04,0.0,0.0,0.0,0.96,0.32,0.64,0.0,0,0.0,0,1.0,1,0.0,0,0.0,0,3.6,1.16,70.68,24.76,2.08,0.4,111.32,32.12,182.0,56.879999999999995,5.68,1.56
c26a3f4c08333886,2020-03-14,2020,Renato Moicano,Damir Hadzovic,lightweight,3,1,SUB,1,44.0,0.0,1.0,0.84,0.16,443.7176473059679,3,1331.1529419179037,4,21131.152941917902,13,10,25,18230.459587102432,2900.6933548154725,0.16,0.84,0.0,0.52,0.12,0.0,0.12,0.0,0.0,0.0,0.88,0.84,0.04,0.0,0,0.6666666666666666,2,0.3333333333333333,1,0.0,0,0.0,0,3.36,2.2,132.12,54.52,0.96,0.36,100.28,39.84,232.4,94.36000000000001,4.32,2.56
dc45c8d70e256749,2020-03-14,2020,Francisco Trinaldo,John Makdessi,lightweight,3,1,DEC,3,900.0,0.0,0.0,0.28,0.72,296.6646640335828,5,1483.323320167914,10,19483.323320167918,0,0,25,18886.130521102692,597.1927990652197,0.4,0.6,0.0,0.0,0.2,0.04,0.16,0.0,0.0,0.0,0.8,0.24,0.56,0.2,1,0.8,4,0.0,0,0.0,0,0.0,0,1.12,0.16,112.6,41.08,0.48,0.2,89.96,44.16,202.56,85.24,1.6,0.36
e0b323dae5bf4c90,2020-03-14,2020,Kevin Lee,Charles Oliveira,lightweight,5,0,SUB,3,628.0,0.0,2.0,0.48,0.52,489.405779769173,8,3915.246238153384,4,29415.246238153388,24,12,25,24429.802691281668,4985.443546871716,0.16,0.84,0.0,0.96,0.24,0.04,0.2,0.08,0.0,0.08,0.68,0.44,0.24,0.375,3,0.375,3,0.0,0,0.25,2,0.0,0,4.28,2.04,163.88,64.16,7.92,2.36,124.0,58.4,287.88,122.56,12.2,4.4
02f5621f480ad1d4,2020-05-09,2020,Jeremy Stephens,Calvin Kattar,featherweight,3,0,KO_TKO,2,469.0,1.0,0.0,0.52,0.48,776.0711476416134,2,1552.1422952832268,4,22252.142295283225,2,2,25,21463.43981696555,788.7024783176759,0.16,0.84,0.0,0.08,0.08,0.0,0.08,0.0,0.0,0.0,0.92,0.52,0.4,0.0,0,0.0,0,1.0,2,0.0,0,0.0,0,1.12,0.28,149.36,56.96,1.44,0.52,126.44,55.04,275.8,112.0,2.56,0.8
08244974cf39ae38,2020-05-09,2020,Bryce Mitchell,Charles Rosa,featherweight,3,1,DEC,3,900.0,0.0,5.0,0.32,0.68,172.99738435928313,5,864.9869217964157,2,18864.986921796415,21,14,25,13726.79783975542,5138.189082040997,0.08,0.92,0.0,0.84,0.08,0.08,0.0,0.12,0.08,0.04,0.8,0.16,0.64,0.8,4,0.0,0,0.2,1,0.0,0,0.0,0,3.36,1.32,76.2,31.76,4.16,2.52,104.08,38.4,180.28,70.16,7.52,3.84
3f810c3433dddb80,2020-05-09,2020,Vicente Luque,Niko Price,welterweight,3,1,KO_TKO,3,817.0,1.0,0.0,0.84,0.16,171.17853195415537,11,1882.9638514957092,21,14482.96385149571,10,8,25,13159.175825730119,1323.7880257655897,0.84,0.36,0.2,0.4,0.36,0.36,0.0,0.08,0.08,0.0,0.56,0.4,0.16,0.8181818181818182,9,0.09090909090909091,1,0.09090909090909091,1,0.0,0,0.0,0,1.56,0.48,79.2,39.76,3.32,0.84,95.64,36.04,174.84,75.8,4.88,1.3199999999999998
4e77cc2c8d604241,2020-05-09,2020,Henry Cejudo,Dominick Cruz,bantamweight,5,1,KO_TKO,2,598.0,1.0,0.0,0.6,0.4,487.3233256739938,9,4385.909931065944,15,28385.909931065948,0,0,25,26544.96151793147,1840.9484131344705,0.6,0.48,0.08,0.0,0.36,0.36,0.0,0.0,0.0,0.0,0.64,0.24,0.4,0.3333333333333333,3,0.3333333333333333,3,0.1111111111111111,1,0.2222222222222222,2,0.0,0,3.8,1.08,121.2,42.64,2.56,0.44,148.0,53.56,269.2,96.2,6.359999999999999,1.52
593f3b051aa82b0f,2020-05-09,2020,Aleksei Oleinik,Fabricio Werdum,heavyweight,3,1,DEC,3,900.0,0.0,1.0,0.12,0.88,306.6516526460546,19,5826.381400275036,18,11226.381400275035,12,8,25,8941.135175551359,2285.246224723678,0.72,0.56,0.2,0.48,0.68,0.04,0.64,0.08,0.04,0.04,0.24,0.04,0.2,0.5263157894736842,10,0.3684210526315789,7,0.10526315789473684,2,0.0,0,0.0,0,1.72,1.08,50.28,18.0,1.36,0.56,56.28,27.96,106.56,45.96,3.08,1.6400000000000001
b70dfff154b135bf,2020-05-09,2020,Ryan Spann,Sam Alvey,light heavyweight,3,1,DEC,3,900.0,0.0,1.0,0.76,0.24,446.9023562510859,6,2681.4141375065155,4,19781.414137506512,1,1,25,18747.756809142058,1033.657328364457,0.16,0.88,0.04,0.04,0.24,0.12,0.12,0.0,0.0,0.0,0.76,0.64,0.12,0.3333333333333333,2,0.16666666666666666,1,0.5,3,0.0,0,0.0,0,2.48,0.4,94.96,39.72,2.2,0.68,73.08,27.12,168.04,66.84,4.68,1.08
b9abcce29378e5cc,2020-05-09,2020,Anthony Pettis,Donald Cerrone,welterweight,3,1,DEC,3,900.0,0.0,0.0,0.6,0.4,320.6293246825436,13,4168.181220873067,19,14968.18122087307,4,3,25,13322.69757983294,1645.4836410401278,0.76,0.44,0.2,0.16,0.52,0.36,0.16,0.0,0.0,0.0,0.48,0.24,0.24,0.3076923076923077,4,0.5384615384615384,7,0.15384615384615385,2,0.0,0,0.0,0,0.44,0.04,80.96,42.16,3.12,1.12,83.68,39.4,164.64,81.56,3.56,1.1600000000000001
d395828f5cb045a5,2020-05-09,2020,Tony Ferguson,Justin Gaethje,interim lightweight,5,0,KO_TKO,5,1419.0,0.0,0.0,0.92,0.08,262.3507153138599,16,4197.611445021758,23,17697.611445021754,1,1,25,17617.336034548054,80.27541047370016,0.92,0.44,0.16,0.04,0.64,0.56,0.08,0.0,0.0,0.0,0.36,0.36,0.0,0.6875,11,0.1875,3,0.0625,1,0.0625,1,0.0,0,0.12,0.12,157.8,68.88,0.04,0.04,122.2,50.04,280.0,118.91999999999999,0.16,0.16
fcfaa28ed6888088,2020-05-09,2020,Francis Ngannou,Jairzinho Rozenstruik,heavyweight,3,1,KO_TKO,1,20.0,1.0,0.0,0.4,0.6,271.8104808090001,4,1087.2419232360005,4,19987.241923235997,2,2,25,17165.24046072257,2822.0014625134318,0.16,0.84,0.0,0.08,0.16,0.0,0.16,0.0,0.0,0.0,0.84,0.4,0.44,0.5,2,0.5,2,0.0,0,0.0,0,0.0,0,3.68,1.08,75.96,29.8,3.2,0.96,70.28,29.28,146.24,59.08,6.880000000000001,2.04
3094e82731ec55e7,2020-05-13,2020,Ricky Simon,Ray Borg,bantamweight,3,1,DEC,3,900.0,0.0,0.0,0.6,0.4,513.7224502135606,3,1541.167350640682,4,21341.16735064068,7,7,25,15922.90598339054,5418.261367250145,0.16,0.84,0.0,0.28,0.08,0.04,0.04,0.04,0.04,0.0,0.88,0.52,0.36,0.3333333333333333,1,0.0,0,0.6666666666666666,2,0.0,0,0.0,0,5.08,2.28,86.52,31.88,7.2,3.12,85.08,29.84,171.6,61.72,12.280000000000001,5.4
