fight_id,event_name,fight_display,refresh_timestamp,red_fighter,blue_fighter,v5_model_p_red,predicted_side,target,market_red_ko,market_red_sub,market_red_dec,market_blue_ko,market_blue_sub,market_blue_dec,hier_red_ko,hier_red_sub,hier_red_dec,hier_blue_ko,hier_blue_sub,hier_blue_dec
e9f389ba3a1e33c4,UFC 329: McGregor vs. Holloway 2,Cody Garbrandt vs Adrian Yanez,2026-07-10 20:36:17.559163+00:00,Cody Garbrandt,Adrian Yanez,0.2436831465155028,blue,,0.08908935003259365,0.02730157500998838,0.11284651004128529,0.4334957397927423,0.04030232501474475,0.2969645001086455,0.07641805694797782,0.02171333341737473,0.14555175615015029,0.4089284895768265,0.03882969700145301,0.30855866690621775
7ecb154439aca0f9,UFC Fight Night: Medic vs. Rodriguez,Vlasto Cepo vs Gilbert Urbina,2026-07-31 21:20:50.686938+00:00,Vlasto Cepo,Gilbert Urbina,0.7829594415539757,red,,0.5952220636160414,0.06944257408853816,0.06410083762018907,0.0833310889062458,0.1388851481770763,0.04901828759190929,0.6670624021587006,0.05879226582115621,0.057104773574118854,0.04521871663084318,0.11256045369210162,0.05926138812307953
f1bce0c9a3fa4bcb,UFC Fight Night: Medic vs. Rodriguez,Oban Elliott vs Michael Oliveira,2026-07-31 21:20:50.686938+00:00,Oban Elliott,Michael Oliveira,0.21185879101868949,blue,,0.06553522246051013,0.05679719279910878,0.14199298199777194,0.49697543699220187,0.04056942342793484,0.1981297423224725,0.04718397917917303,0.029125970249293403,0.13554884159022307,0.5627409971482653,0.027187195594482336,0.1982130162385628
4ace64aa144389c5,UFC Fight Night: Ankalaev vs. Guskov,Magomed Zaynukov vs Damian Rzepecki,2026-07-24 20:31:56.149697+00:00,Magomed Zaynukov,Damian Rzepecki,0.7321445692117894,red,,0.2883638627650162,0.08218370088802962,0.3424320870334568,0.0747124553527542,0.10272962611003703,0.10957826785070617,0.2385195463893797,0.06529484613195988,0.42833017669044976,0.07412243044179871,0.06666019724686276,0.12707280309954913
bbd05484f8c8d739,UFC Fight Night: Hernandez vs. Rodrigues,Chris Padilla vs Nasrat Haqparast,2026-08-21 20:39:18.694686+00:00,Chris Padilla,Nasrat Haqparast,0.5580817045183738,red,,0.1507948055420991,0.07539740277104955,0.27192505917427706,0.16587428609630903,0.023038095291154026,0.31297035112511135,0.14673539570079064,0.06121969331833923,0.3501266154992439,0.1840611163862052,0.016827714903028746,0.24102946419239224
012c307c9d446c4d,UFC Fight Night: Fiziev vs. Torres,Shara Magomedov vs Michel Pereira,2026-06-26 23:21:05.564609+00:00,Shara Magomedov,Michel Pereira,0.8009307210873123,red,,0.34126950830676295,0.02941978519885887,0.3878062594395033,0.07756125188790067,0.050186692398053366,0.11375650276892096,0.3456428249962019,0.022889974315344366,0.43239792177576614,0.05699968919158072,0.03472777519689234,0.10734181452421462
f44ab9e9e4a89735,UFC Fight Night: Gamrot vs. Salkilld,Ty Miller vs Billy Ray Goff,2026-08-07 20:54:02.712432+00:00,Billy Ray Goff,Ty Miller,0.2184724279523935,blue,,0.09249536569913414,0.048968134781894546,0.09249536569913414,0.3964087101391463,0.055497219419480485,0.31413520426121033,0.091779279113967,0.026823579777189792,0.09986956906123673,0.3964194261128733,0.04982302700734225,0.33528511892739105
fb77b08a90b92d5b,UFC Fight Night: Hernandez vs. Rodrigues,Anthony Hernandez vs Gregory Rodrigues,2026-08-21 20:39:18.694686+00:00,Anthony Hernandez,Gregory Rodrigues,0.707269936275651,red,,0.2229602717639274,0.26542889495705646,0.1520183671117687,0.2459120644455082,0.044005316795511985,0.06967508492622732,0.2392131892377767,0.25674094337564873,0.21131580366222563,0.21733207891920064,0.01976075226758649,0.05563723253756181
13380a8d6cdbb381,UFC Fight Night: Gamrot vs. Salkilld,Diyar Nurgozhay vs Bruno Lopes,2026-08-07 20:54:02.712432+00:00,Diyar Nurgozhay,Bruno Lopes,0.6288545233562007,red,,0.37074705111402356,0.0490694626474443,0.13903014416775886,0.12833551769331586,0.17378768020969856,0.13903014416775886,0.44878506593870227,0.029668830189821596,0.15040062722767686,0.1153695593550851,0.13098112769103032,0.12479478959768386
f425b7a527dd53aa,UFC Fight Night: Medic vs. Rodriguez,Dusko Todorovic vs Robert Valentin,2026-07-31 21:20:50.686938+00:00,Dusko Todorovic,Robert Valentin,0.43466852070827905,blue,,0.17297929913752616,0.11861437655144651,0.12773855936309625,0.24420606937062517,0.24420606937062517,0.09225562620668061,0.1731615428352266,0.10162923631134123,0.15987774156171122,0.2756478611404513,0.20672972520501628,0.08295389294625335
35985895d4ef321e,UFC Fight Night: Fiziev vs. Torres,Abus Magomedov vs Michal Oleksiejczuk,2026-06-26 23:21:05.564609+00:00,Abus Magomedov,Michal Oleksiejczuk,0.535851696973766,red,,0.14009790532194363,0.25864228674820366,0.09889263905078374,0.3172028045025139,0.03233028584352546,0.15283407853302944,0.13886137900678144,0.2578869991482816,0.13910331881870294,0.30359866296615634,0.019225685951431763,0.14132395410864584
701c97405da76603,UFC Fight Night: Du Plessis vs. Usman,Dricus Du Plessis vs Kamaru Usman,2026-07-17 20:16:59.459648+00:00,Dricus Du Plessis,Kamaru Usman,0.6745095114533409,red,,0.2649123751374545,0.08344739816829819,0.3148958421445215,0.11921056881185454,0.03209515314165315,0.1854386625962182,0.26153496422004413,0.06513085853263066,0.3478436887006661,0.11171786082967942,0.01646906927744392,0.19730355843953573
7765e5e779dd7dc9,UFC 329: McGregor vs. Holloway 2,Nikita Krylov vs Robert Whittaker,2026-07-10 20:36:17.559163+00:00,Nikita Krylov,Robert Whittaker,0.5076095132034574,red,,0.1928966698412021,0.0975830212137846,0.18432348451492644,0.25521713240528277,0.0487915106068923,0.22118818141791174,0.2106219480917144,0.07006833058560889,0.22691923452613408,0.2408819513732191,0.03769265544010414,0.21381587998321938
4eff5a845db17572,UFC Fight Night: Du Plessis vs. Usman,Jared Cannonier vs Christian Leroy Duncan,2026-07-17 20:16:59.459648+00:00,Jared Cannonier,Christian Leroy Duncan,0.2186704357840142,blue,,0.11266102195960517,0.02347104624158441,0.12070823781386268,0.31885194894227886,0.04023607927128756,0.3840716657713813,0.07919193494088782,0.012425840509855424,0.12705266033327098,0.3436382124461005,0.024587888754792855,0.4131034630150924
e79e4d13546d2360,UFC 330: Makhachev vs. Machado Garry,Vicente Luque vs Tresean Gore,2026-08-14 20:42:43.693741+00:00,Vicente Luque,Tresean Gore,0.47082854471179203,blue,,0.13645017981806645,0.18193357309075525,0.16374021578167974,0.19039559974613923,0.16374021578167974,0.16374021578167974,0.11503481813887755,0.1485515425135573,0.20724218405935715,0.17723725786633332,0.14008849323673694,0.2118457041851377
989760fa75321d69,UFC 329: McGregor vs. Holloway 2,Conor McGregor vs Max Holloway,2026-07-10 20:36:17.559163+00:00,Conor McGregor,Max Holloway,0.3179765036989904,blue,,0.23932498082331888,0.03221682434160062,0.06443364868320124,0.46535412937867565,0.06980311940680134,0.12886729736640248,0.2014656707107561,0.024004446501023995,0.09250638648721031,0.4885654712785718,0.058596800228575066,0.1348612247938628
a10deecfb8558335,UFC Fight Night: Gamrot vs. Salkilld,Mateusz Gamrot vs Quillan Salkilld,2026-08-07 20:54:02.712432+00:00,Mateusz Gamrot,Quillan Salkilld,0.45960138743964907,blue,,0.06839140929628025,0.1094262548740484,0.2525221266324194,0.2413814445751068,0.1641393823110726,0.1641393823110726,0.05703996102427117,0.08221482944218969,0.3203465969731882,0.21141108485921212,0.11194612048917306,0.21704140721196574
a122306d0ce5fbfb,UFC Fight Night: Ankalaev vs. Guskov,Ismael Bonfim vs Axel Sola,2026-07-24 20:31:56.149697+00:00,Ismael Bonfim,Axel Sola,0.37227261870398526,blue,,0.136986301369863,0.0684931506849315,0.1643835616438356,0.3287671232876712,0.0821917808219178,0.2191780821917808,0.1262114547069769,0.042464763476210976,0.20359640052079736,0.30317333195755297,0.06515877712828085,0.2593952722101808
d83294b031502177,UFC Fight Night: Fiziev vs. Torres,Ikram Aliskerov vs Brunno Ferreira,2026-06-26 23:21:05.564609+00:00,Ikram Aliskerov,Brunno Ferreira,0.714622877691677,red,,0.38834951456310673,0.16310679611650486,0.16310679611650486,0.13592233009708737,0.08155339805825243,0.06796116504854369,0.39651254342956255,0.12271820371034496,0.19539213055176946,0.14793955727592317,0.07381856149590862,0.06361900353649122
64829a32c78ab656,UFC Fight Night: Gamrot vs. Salkilld,Louie Sutherland vs Jose Montanha,2026-08-07 20:54:02.712432+00:00,Louie Sutherland,Jose Montanha,0.6176294401387786,red,,0.3093088312219973,0.10245855034228661,0.21857824073021143,0.09107426697092143,0.18214853394184286,0.09643157679274034,0.2680779379356085,0.05924716181938986,0.2903043403837803,0.13070950620336103,0.14996737190846104,0.1016936817493993
5e7f4ba1210f433d,UFC Fight Night: Fiziev vs. Torres,Nursulton Ruziboev vs Andrey Pulyaev,2026-06-26 23:21:05.564609+00:00,Nursulton Ruziboev,Andrey Pulyaev,0.683654465903303,red,,0.3296256997548571,0.07491493176246752,0.2616076982181405,0.16481284987742856,0.03169477882258241,0.1373440415645238,0.2968877372827493,0.05219930594347373,0.33456742267708,0.16186938572272264,0.019492044611285265,0.13498410376268907
a6873fd459587d17,UFC Fight Night: Hernandez vs. Rodrigues,Terrance Chatman vs Anthony Wint,2026-08-21 20:39:18.694686+00:00,Anthony Wint,Terrance Chatman,0.8724569316035277,red,,0.6514262593566661,0.11167307303257132,0.09306089419380943,0.06979567064535708,0.01820756625531054,0.05583653651628566,0.6469605856700996,0.10351642591760002,0.12197992001582811,0.060905457515266485,0.009684409430368687,0.05695320145083718
1162a74e3604c488,UFC 329: McGregor vs. Holloway 2,Ryan Gandra vs Zach Reese,2026-07-10 20:36:17.559163+00:00,Ryan Gandra,Zach Reese,0.5999153937202867,red,,0.42363336428422554,0.048652571248328426,0.06362259317089101,0.20677342780539582,0.16541874224431666,0.09189930124684258,0.4538163184981942,0.0604416345967726,0.08565744062531994,0.15772699361935727,0.1334266096405942,0.10893100301976189
365fd759c03e93cf,UFC 330: Makhachev vs. Machado Garry,Islam Makhachev vs Ian Machado Garry,2026-08-14 20:42:43.693741+00:00,Islam Makhachev,Ian Machado Garry,0.7677156413334817,red,,0.09239646483091081,0.27718939449273244,0.37798553794463513,0.08315681834781974,0.018077569206047767,0.15119421517785406,0.07744632793656435,0.20400388269930161,0.48626543069761574,0.09073769057301755,0.012216038093310065,0.1293306300001907
307ea95ad7ebe466,UFC Fight Night: Du Plessis vs. Usman,Anna Melisano vs Dione Barbosa,2026-07-17 20:16:59.459648+00:00,Anna Melisano,Dione Barbosa,0.20825571405221013,blue,,0.05492050091459125,0.04845926551287463,0.08238075137188688,0.1176867876741241,0.4219501899535669,0.2746025045729562,0.05908611244956686,0.044574588763028944,0.10459501283961432,0.08546069077884562,0.39897923440324734,0.30730436076569695
410e6b9e01660b35,UFC Fight Night: Du Plessis vs. Usman,Alden Coria vs Stewart Nicoll,2026-07-17 20:16:59.459648+00:00,Alden Coria,Stewart Nicoll,0.902358988577186,red,,0.3361926196441462,0.25860970741857403,0.2801605163701218,0.028982122383116052,0.0400229309100174,0.056032103274024365,0.3458676609280877,0.20920337189371566,0.3472879557553826,0.024666956583269898,0.027573521432899286,0.04540053340664482
c13dc0cccef263f7,UFC Fight Night: Fiziev vs. Torres,Rafael Fiziev vs Manuel Torres,2026-06-26 23:21:05.564609+00:00,Rafael Fiziev,Manuel Torres,0.5098181373702144,red,,0.3070823626251223,0.049675088071710956,0.14074608286984772,0.367163694443081,0.07037304143492386,0.06495973055531433,0.3124415996297289,0.04038512537302034,0.15699141236746514,0.3138618524136041,0.06060839314658676,0.11571161706959471
8e482cead0c7eb15,UFC 330: Makhachev vs. Machado Garry,Edson Barboza vs Esteban Ribovics,2026-08-14 20:42:43.693741+00:00,Edson Barboza,Esteban Ribovics,0.1666336507561855,blue,,0.07553503986571548,0.023080151070079727,0.07553503986571548,0.5287452790600083,0.07553503986571548,0.2215694502727654,0.05796356055556254,0.0186665690370606,0.09000352116356235,0.5682225548877936,0.055526247690916124,0.20961754666510474
0eba299c9b6760fa,UFC Fight Night: Hernandez vs. Rodrigues,Reinier de Ridder vs Roman Dolidze,2026-08-21 20:39:18.694686+00:00,Reinier de Ridder,Roman Dolidze,0.7968586702585095,red,,0.12824945133924562,0.24518277461914603,0.3789188335023166,0.11114952449401286,0.04387481230026823,0.09262460374501072,0.17326061160185144,0.20385448279466906,0.419743575861989,0.11288332511052962,0.025629392986762648,0.0646286116441982
eb8753ed0476b3d1,UFC Fight Night: Medic vs. Rodriguez,Aleksandar Rakic vs Marcin Tybura,2026-07-31 21:20:50.686938+00:00,Aleksandar Rakic,Marcin Tybura,0.7872495934028725,red,,0.3816423531733631,0.05597421179875992,0.2998618489219282,0.08396131769813989,0.04938901041067052,0.1291712579971383,0.34382770239433647,0.05379690566290747,0.38962498534562856,0.06726526250528554,0.027149552535418727,0.11833559155642324
4700d42c9869674a,UFC 330: Makhachev vs. Machado Garry,Mackenzie Dern vs Gillian Robertson,2026-08-14 20:42:43.693741+00:00,Mackenzie Dern,Gillian Robertson,0.6322861785768025,red,,0.07601194280761048,0.2654385304392747,0.3155212720315907,0.055742091392247686,0.06431779776028579,0.22296836556899075,0.07099549440057666,0.20275449074955695,0.35853619342666887,0.05535091676548381,0.04308994679895625,0.2692729578587575
f78f34ef2ee7b02c,UFC Fight Night: Medic vs. Rodriguez,Nina Milosevic vs Hailey Cowan,2026-07-31 21:20:50.686938+00:00,Nina Milosevic,Hailey Cowan,0.8213377812256463,red,,0.1946162061108313,0.26566656707192843,0.33473987451062986,0.03218652639525287,0.04404472033034603,0.1287461055810115,0.1916266964108674,0.23204334321434167,0.3976677416004372,0.0197558009173015,0.03132174516815163,0.12758467268890059
e7077d030d5fc15f,UFC 330: Makhachev vs. Machado Garry,Neil Magny vs Ramiz Brahimaj,2026-08-14 20:42:43.693741+00:00,Neil Magny,Ramiz Brahimaj,0.4723458338658812,blue,,0.10924369747899158,0.10241596638655462,0.21848739495798317,0.10241596638655462,0.34138655462184875,0.12605042016806722,0.10803972648846696,0.07427520568933697,0.29003090168807727,0.10987998806971079,0.31072300991133867,0.10705116815306928
360b13f97e7ca703,UFC 330: Makhachev vs. Machado Garry,Rafael Tobias vs Lucas Fernando,2026-08-14 20:42:43.693741+00:00,Rafael Tobias,Lucas Fernando,0.29318322695632504,blue,,0.07424610051993069,0.11667244367417678,0.09608318890814559,0.3889081455805893,0.09074523396880416,0.23334488734835357,0.0813189712783683,0.10565307697388233,0.1062111787040744,0.4315604169038176,0.057466567518236346,0.217789788621621
13f31f7a784013a3,UFC Fight Night: Gamrot vs. Salkilld,Amanda Lemos vs Alexia Thainara,2026-08-07 20:54:02.712432+00:00,Amanda Lemos,Alexia Thainara,0.28765995683176115,blue,,0.10273363377609107,0.054791271347248566,0.14943074003795065,0.0913187855787476,0.17122272296015179,0.4305028462998102,0.09237313074460239,0.03506452433626323,0.16022230175089558,0.0670175242509229,0.1575664762576051,0.4877560426597109
11e4a448ce1ae5e3,UFC Fight Night: Hernandez vs. Rodrigues,Wes Schultz vs Jackson McVey,2026-08-21 20:39:18.694686+00:00,Wes Schultz,Jackson McVey,0.43023025684277627,blue,,0.10833333333333332,0.21666666666666665,0.0625,0.325,0.1625,0.125,0.12424249782740446,0.2208726568019216,0.08511510221345021,0.3734448900123256,0.09014460532099891,0.10618024782389919
1b6a3b0d27654d3e,UFC 329: McGregor vs. Holloway 2,Alessandro Costa vs Cody Durden,2026-07-10 20:36:17.559163+00:00,Alessandro Costa,Cody Durden,0.6832958261323351,red,,0.2894033837934106,0.18007321658256656,0.21608785989907986,0.09003660829128328,0.062333036509349966,0.16206589492430992,0.24529720708861008,0.1808752551331574,0.2571233639105676,0.07970509257155244,0.03992319832747409,0.19707588296863837
d463229133909215,UFC Fight Night: Gamrot vs. Salkilld,Juliana Miller vs Ravena Oliveira,2026-08-07 20:54:02.712432+00:00,Juliana Miller,Ravena Oliveira,0.7135519579877039,red,,0.093016971264167,0.3639794527728274,0.26576277504047713,0.14559178110913096,0.027004927141209775,0.10464409267218788,0.09410693679100353,0.3308397326648865,0.28860528853181405,0.13467413123390531,0.02044660438624218,0.13132730639214868
3ac870d6e7d323b7,UFC Fight Night: Ankalaev vs. Guskov,Magomed Tuchalov vs Brendson Ribeiro,2026-07-24 20:31:56.149697+00:00,Magomed Tuchalov,Brendson Ribeiro,0.8846531964208141,red,,0.6268444302058369,0.11939893908682607,0.09832853807150384,0.0557195049071855,0.04398908282146224,0.0557195049071855,0.6794351490572758,0.10083972365600712,0.10437832370753121,0.033688993880812236,0.03529078607593462,0.046367023622439066
f2eb569176e46edf,UFC Fight Night: Du Plessis vs. Usman,Jean-Paul Lebosnoyani vs Seokhyeon Ko,2026-07-17 20:16:59.459648+00:00,Jean-Paul Lebosnoyani,Seokhyeon Ko,0.37637219271538025,blue,,0.11783960720130933,0.10310965630114567,0.13747954173486088,0.18330605564648117,0.09165302782324058,0.36661211129296234,0.1336200730804223,0.09434854084989162,0.1484035787850663,0.14361922234865537,0.06875949825007692,0.41124908668588744
1a7119f3996b5635,UFC Fight Night: Fiziev vs. Torres,Kaan Ofli vs Javier Reyes,2026-06-26 23:21:05.564609+00:00,Kaan Ofli,Javier Reyes,0.3130416985228447,blue,,0.06326513844384192,0.0913829777522161,0.1827659555044322,0.2937309999178375,0.14953578177635363,0.21931914660531865,0.07098289443239703,0.05197024004090013,0.19008856404954752,0.2567955798278245,0.13186699312753267,0.29829572852179814
f1cb2e7ef096ec7c,UFC Fight Night: Fiziev vs. Torres,Tahir Abdullayev vs Jefferson Nascimento,2026-06-26 23:21:05.564609+00:00,Tahir Abdullayev,Jefferson Nascimento,0.45827542261103554,blue,,0.148324221535536,0.12550511053006894,0.20394580461136202,0.148324221535536,0.10197290230568101,0.27192773948181603,0.12714011626638144,0.10041070670452003,0.2307245996401341,0.14839953080904683,0.06433355138375567,0.328991495196162
d4bd456d70965734,UFC 330: Makhachev vs. Machado Garry,Jalin Turner vs Kaue Fernandes,2026-08-14 20:42:43.693741+00:00,Jalin Turner,Kaue Fernandes,0.5681396822421064,red,,0.2990215837883396,0.16446187108358679,0.10964124738905784,0.24185569276998053,0.08223093554179339,0.10278866942724173,0.3201876401482932,0.1264768980735541,0.12147514402025911,0.2304301034491197,0.058316925242935164,0.1431132890658387
81ae2a465e0dfa4f,UFC Fight Night: Gamrot vs. Salkilld,Manoel Sousa vs Richie Miranda,2026-08-07 20:54:02.712432+00:00,Manoel Sousa,Richie Miranda,0.6957008453601914,red,,0.330210428214058,0.09172511894834944,0.30019129837641634,0.09172511894834944,0.048560357090302646,0.13758767842252415,0.2935249030389214,0.0761090234772109,0.3260669188440591,0.09962399401710434,0.0348733268103297,0.16980183381237454
6e495deac1f57169,UFC 330: Makhachev vs. Machado Garry,Chidi Njokuani vs Joel Alvarez,2026-08-14 20:42:43.693741+00:00,Chidi Njokuani,Joel Alvarez,0.28683068992587,blue,,0.13919774204584331,0.026941498460485807,0.11135819363667467,0.23862470065001712,0.29828087581252144,0.18559698939445776,0.14461968452476798,0.018111161925171447,0.12409984347593062,0.2063294268704749,0.2901626628190539,0.21667722038460124
fbd99ae7e1ff993a,UFC Fight Night: Medic vs. Rodriguez,Ludovit Klein vs Tofiq Musayev,2026-07-31 21:20:50.686938+00:00,Ludovit Klein,Tofiq Musayev,0.7123804443613113,red,,0.20643700518181954,0.11009973609697042,0.37534000942149004,0.12703815703496588,0.043460422143540955,0.13762467012121302,0.16962202820913974,0.07971847973675972,0.46303993641541186,0.0868866725930574,0.02426700290841427,0.17646588013721698
2bbacf9ed3c64184,UFC Fight Night: Hernandez vs. Rodrigues,Jamall Emmers vs Lerryan Douglas,2026-08-21 20:39:18.694686+00:00,Jamall Emmers,Lerryan Douglas,0.2390650185284323,blue,,0.10538042190092438,0.04437070395828394,0.09367148613415499,0.56202891680493,0.06484949040056885,0.1296989808011377,0.10623585112951225,0.02198982432530512,0.1108393430736149,0.571593892764346,0.047802196045982986,0.14153889266123865
6a35ff33b8597904,UFC Fight Night: Fiziev vs. Torres,Farman Hasanov vs Eric Nolan,2026-06-26 23:21:05.564609+00:00,Farman Hasanov,Eric Nolan,0.6067214758736114,red,,0.24985710786315016,0.18045235567894177,0.18045235567894177,0.2165428268147301,0.04776680003266106,0.12492855393157508,0.20375521475933778,0.1622661198632273,0.24070014125104622,0.22445542371772492,0.03486290955806182,0.1339601908506019
b223b10ef19f912c,UFC 329: McGregor vs. Holloway 2,Damian Pinas vs Cesar Almeida,2026-07-10 20:36:17.559163+00:00,Damian Pinas,Cesar Almeida,0.7195232170258973,red,,0.4500506289853221,0.08413990020160371,0.15298163673018855,0.17529145875334107,0.03236150007753989,0.10517487525200464,0.4001736894074997,0.09329619407108018,0.22605333354731744,0.15481898302222935,0.018969731458625773,0.10668806849324763
c572daedf2012a49,UFC 329: McGregor vs. Holloway 2,Cory Sandhagen vs Mario Bautista,2026-07-10 20:36:17.559163+00:00,Cory Sandhagen,Mario Bautista,0.5538651489853167,red,,0.18511454766883428,0.06941795537581286,0.2922861278981594,0.05553436430065029,0.08330154645097544,0.3143454583055677,0.17190889374498966,0.05052964253816568,0.33142661270216134,0.04206367104536919,0.05922196061517338,0.34484921935414076
5d2c1c4dd444772f,UFC Fight Night: Hernandez vs. Rodrigues,Kennedy Nzechukwu vs Shamil Gaziev,2026-08-21 20:39:18.694686+00:00,Kennedy Nzechukwu,Shamil Gaziev,0.4836711763221249,blue,,0.27768338268848003,0.06942084567212001,0.10413126850818001,0.33322005922617604,0.06408078062041847,0.15146366328462546,0.3171526621204049,0.046805694183061,0.11971282001865902,0.27493218558197874,0.04952690872550264,0.19186972937039373
68ae50dbf98dc15f,UFC Fight Night: Medic vs. Rodriguez,Uros Medic vs Daniel Rodriguez,2026-07-31 21:20:50.686938+00:00,Uros Medic,Daniel Rodriguez,0.7998059908757752,red,,0.6062559265998616,0.09726030908019172,0.05511417514544197,0.1503113867602963,0.05511417514544197,0.0359440272687665,0.6627469857033927,0.06545884688978446,0.07160015828259812,0.13876263039084621,0.034289421579001444,0.027141957154377172
48b1ee7ab45add4c,UFC Fight Night: Fiziev vs. Torres,Abdul Rakhman Yakhyaev vs Julius Walker,2026-06-26 23:21:05.564609+00:00,Abdul Rakhman Yakhyaev,Julius Walker,0.84273087125096,red,,0.30149655900666356,0.37687069875832946,0.13818592287805412,0.09212394858536942,0.036048501620361946,0.05527436915122165,0.30336978946170146,0.3532894855797609,0.18607159620949767,0.09251520112820684,0.01865150376295543,0.0461024238578777
c64c6ba6eb1e1d06,UFC Fight Night: Du Plessis vs. Usman,Tommy McMillen vs Alberto Montes,2026-07-17 20:16:59.459648+00:00,Tommy McMillen,Alberto Montes,0.624422563243322,red,,0.24235896054934697,0.21973879089807458,0.1373367443112966,0.10300255823347246,0.20600511646694492,0.0915578295408644,0.22216227354485493,0.21585494992593998,0.18640533977252713,0.09937498061850276,0.1646323131714607,0.11157014296671451
f6e6b004f07363e9,UFC Fight Night: Ankalaev vs. Guskov,Santiago Ponzinibbio vs Sam Patterson,2026-07-24 20:31:56.149697+00:00,Santiago Ponzinibbio,Sam Patterson,0.19966259332553732,blue,,0.1108023103740675,0.02680701057437117,0.07554702980050057,0.3957225370502411,0.19786126852512054,0.19325984367569915,0.09117134515929234,0.020571129115603822,0.08792011905064118,0.38428915459763757,0.18261100314359363,0.23343724893323153
a3ab1979192b647c,UFC 329: McGregor vs. Holloway 2,Brandon Royval vs Lone'er Kavanagh,2026-07-10 20:36:17.559163+00:00,Brandon Royval,Lone'er Kavanagh,0.3159589255250164,blue,,0.055981037462344056,0.1049644452418951,0.18660345820781352,0.2583740190569726,0.044195555891324255,0.34988148413965037,0.04139699545988569,0.08424864119737568,0.19031328886775503,0.2260278629385891,0.035923332327183324,0.42208987920921126
06bfde3e3577906f,UFC Fight Night: Gamrot vs. Salkilld,Darren Elkins vs Yadier del Valle,2026-08-07 20:54:02.712432+00:00,Darren Elkins,Yadier del Valle,0.14483259474205568,blue,,0.03959580114162508,0.03959580114162508,0.06396244799800975,0.42589630008430884,0.2375748068497505,0.19337484278468065,0.03589640318592522,0.03530856629608387,0.07362762526004658,0.43639553585864843,0.1961839638594591,0.2225879055398368
0e60ab32f3d03929,UFC Fight Night: Fiziev vs. Torres,Daniil Donchenko vs Theodor Berggren,2026-06-26 23:21:05.564609+00:00,Daniil Donchenko,Theodor Berggren,0.7975490125001281,red,,0.5038786512339134,0.10497471900706529,0.18662172267922716,0.07634525018695658,0.04419988168718538,0.08397977520565224,0.45648437216473053,0.08326453340829369,0.257800106927104,0.08746208957030015,0.030412479214352254,0.08457641871521952
a57ccf31c5f6f82b,UFC Fight Night: Hernandez vs. Rodrigues,Serghei Spivac vs Vitor Petrino,2026-08-21 20:39:18.694686+00:00,Serghei Spivac,Vitor Petrino,0.42525967912955,blue,,0.1256544502617801,0.1256544502617801,0.18150087260034903,0.2722513089005235,0.09075043630017451,0.20418848167539266,0.11538963715529416,0.09659333543158735,0.21327670654266848,0.28724032994750603,0.0723837834530084,0.2151162074699356
53902dcb3e213b18,UFC 330: Makhachev vs. Machado Garry,Mansur Abdul-Malik vs Dustin Stoltzfus,2026-08-14 20:42:43.693741+00:00,Mansur Abdul-Malik,Dustin Stoltzfus,0.8476326424694357,red,,0.44146950689006764,0.11237405629928994,0.28093514074822484,0.03241559316325671,0.05618702814964497,0.07661867474951588,0.42138974378704525,0.08352912064053797,0.3427137780418525,0.03904138267295392,0.036433851946476685,0.07689212291113369
809814f03ff3140c,UFC Fight Night: Fiziev vs. Torres,Nazim Sadykhov vs Matheus Camilo,2026-06-26 23:21:05.564609+00:00,Nazim Sadykhov,Matheus Camilo,0.5708298234002076,red,,0.3125393536274027,0.11831846958751673,0.20705732177815428,0.16564585742252344,0.06901910725938476,0.12741989032501802,0.22881664362681853,0.08837429820062974,0.2536388815727594,0.18963037022230966,0.04817121313267113,0.19136859324481162
5ffb251c6ea48b65,UFC Fight Night: Ankalaev vs. Guskov,Rizvan Kuniev vs Tyrell Fortune,2026-07-24 20:31:56.149697+00:00,Rizvan Kuniev,Tyrell Fortune,0.7427144993037521,red,,0.29025403414134726,0.0919137774780933,0.3596626075229738,0.09732047027092232,0.022978444369523326,0.13787066621713995,0.24971356256686808,0.07898191333663795,0.4140190234002461,0.06847399715584129,0.014569707046358049,0.17424179649404856
52ddf20a10890b41,UFC Fight Night: Du Plessis vs. Usman,Tabatha Ricci vs Fatima Kline,2026-07-17 20:16:59.459648+00:00,Tabatha Ricci,Fatima Kline,0.17465852195677425,blue,,0.03609534074017685,0.03953299223924131,0.1277219749267796,0.15094415218619409,0.09224364855822971,0.5534618913493783,0.021529459692809134,0.024247586375074362,0.12888147588889076,0.13033412741497183,0.056406218838755705,0.6386011317894982
d7070ab1b2144f8d,UFC Fight Night: Ankalaev vs. Guskov,Valter Walker vs Thomas Petersen,2026-07-24 20:31:56.149697+00:00,Valter Walker,Thomas Petersen,0.6348878531152878,red,,0.13875709488650767,0.3141670072902061,0.15137137623982655,0.15137137623982655,0.03619750301387157,0.2081356423297615,0.12506009176214475,0.34782474608267516,0.16200301527046787,0.13485406852451684,0.01731956821596928,0.21293851014422605
130b325610c54a64,UFC 329: McGregor vs. Holloway 2,Benoit Saint Denis vs Paddy Pimblett,2026-07-10 20:36:17.559163+00:00,Benoit Saint Denis,Paddy Pimblett,0.6034901855913674,red,,0.19826964671953856,0.19826964671953856,0.16654650324441242,0.1514059120403749,0.11896178803172314,0.16654650324441242,0.21378289306497658,0.1808970951396046,0.2088101973867862,0.1426823605728414,0.07351244354110607,0.1803150102946852
3bd159c1bed14700,UFC Fight Night: Du Plessis vs. Usman,Austin Bashi vs Jose Delgado,2026-07-17 20:16:59.459648+00:00,Austin Bashi,Jose Delgado,0.6013431069728512,red,,0.08159660897209466,0.14835747085835393,0.2719886965736488,0.233133168491699,0.1165665842458495,0.14835747085835393,0.08068832349541054,0.16439334193478497,0.35626144154265565,0.20022022397774086,0.06529941045642476,0.13313725859298317
a4b3becc0cc394d7,UFC Fight Night: Hernandez vs. Rodrigues,Carli Judice vs Jeisla Chaves,2026-08-21 20:39:18.694686+00:00,Carli Judice,Jeisla Chaves,0.7950390478929874,red,,0.3657013609375821,0.07009276084636991,0.3823241500711086,0.05607420867709593,0.03235050500601688,0.09345701446182654,0.25198041422628886,0.0512071501206325,0.491851483546066,0.0607599695581155,0.026705834887551076,0.11749514766134603
a26ea74f2e908842,UFC 329: McGregor vs. Holloway 2,King Green vs Terrance McKinney,2026-07-10 20:36:17.559163+00:00,King Green,Terrance McKinney,0.5233381070923669,red,,0.2931409553831722,0.11935024612029152,0.049144218990708276,0.31526480107246824,0.19429109833535832,0.028808680098001405,0.3533417812722359,0.1025762611554138,0.06742006466471719,0.26248788813333485,0.18030319338174514,0.033870811392553074
81cde317c156723b,UFC Fight Night: Fiziev vs. Torres,Asu Almabayev vs Charles Johnson,2026-06-26 23:21:05.564609+00:00,Asu Almabayev,Charles Johnson,0.7363314765502402,red,,0.08286957401598706,0.18415460892441565,0.43407872103612266,0.08286957401598706,0.03187291308307195,0.18415460892441565,0.08636369237322686,0.1547715536750138,0.4951962305019995,0.09417906604964453,0.017840766498368042,0.1516486909017472
5425c577ed4f50b3,UFC Fight Night: Medic vs. Rodriguez,Mateusz Rebecki vs Kyle Prepolec,2026-07-31 21:20:50.686938+00:00,Mateusz Rebecki,Kyle Prepolec,0.8520291223402454,red,,0.3017319528603465,0.24404790304880966,0.27658762345531757,0.07543298821508662,0.026766544205353314,0.07543298821508662,0.2855333049814962,0.18366483031744604,0.38283098704130314,0.07320030345167466,0.020172661240412712,0.0545979129676672
118c25bda9392140,UFC 329: McGregor vs. Holloway 2,Gable Steveson vs Elisha Ellison,2026-07-10 20:36:17.559163+00:00,Gable Steveson,Elisha Ellison,0.9124894062508416,red,,0.6236111078505713,0.22676767558202593,0.04475677807539986,0.05669191889550648,0.02743157365911604,0.020740945937380423,0.6548323404466309,0.19498026885706998,0.0626767969471409,0.04739684381900873,0.021815356555360495,0.018298393374789165
9c5da658c76da7c0,UFC 330: Makhachev vs. Machado Garry,Donte Johnson vs Eric McConico,2026-08-14 20:42:43.693741+00:00,Donte Johnson,Eric McConico,0.7776656001124271,red,,0.4239330500617342,0.08276788120252906,0.20691970300632265,0.11035717493670541,0.048686988942664156,0.1273352018500447,0.43287582552485276,0.08818226710362641,0.256607507483948,0.10098477240636275,0.025556330150590206,0.0957932973306199
f2abca7379982d4f,UFC Fight Night: Du Plessis vs. Usman,Chase Hooper vs Mitch Ramirez,2026-07-17 20:16:59.459648+00:00,Chase Hooper,Mitch Ramirez,0.8013316510698059,red,,0.19993451276504967,0.3358899814452835,0.22392665429685565,0.1291884544020321,0.027087901729458345,0.08397249536132087,0.17396278290043515,0.36712021395211225,0.26024865421725857,0.1098394932678071,0.01171803848453117,0.07711081717785588
0c3c835e681972d3,UFC Fight Night: Medic vs. Rodriguez,Jan Blachowicz vs Navajo Stirling,2026-07-31 21:20:50.686938+00:00,Jan Blachowicz,Navajo Stirling,0.2855914615868126,blue,,0.07591901281897688,0.03630909308733677,0.15183802563795376,0.23860261171678446,0.06959242841739546,0.4277388283215527,0.07491991609860962,0.02501324671825137,0.18565829876995166,0.1990330941062673,0.04083050142475093,0.47454494288216925
46d800ce45fdd3e6,UFC Fight Night: Du Plessis vs. Usman,Levi Rodrigues Jr. vs Felipe Franco,2026-07-17 20:16:59.459648+00:00,Levi Rodrigues Jr.,Felipe Franco,0.5935210593238486,red,,0.4562928296841049,0.03983508830575519,0.0836536854420859,0.15209760989470164,0.12869797760320908,0.13942280907014315,0.4034218131971148,0.039862616870971014,0.15023662925576278,0.15487568917991057,0.10854055755580544,0.1430626939404355
ae0a91c8f92f4758,UFC Fight Night: Fiziev vs. Torres,Bekzat Almakhan vs Jean Matsumoto,2026-06-26 23:21:05.564609+00:00,Bekzat Almakhan,Jean Matsumoto,0.40152309946547776,blue,,0.1832468251851548,0.02843485218390333,0.1832468251851548,0.07496461030301788,0.1374351188888661,0.39267176825390315,0.15581502007305006,0.022447931006654494,0.22326014838577318,0.046975084752026636,0.10393912443577734,0.44756269134671833
d5245f5b96b8afdf,UFC Fight Night: Gamrot vs. Salkilld,Diego Ferreira vs Billy Quarantillo,2026-08-07 20:54:02.712432+00:00,Diego Ferreira,Billy Quarantillo,0.628566968444305,red,,0.27569788185632804,0.1503806628307244,0.1837985879042187,0.2363124701625669,0.043531244503630745,0.11027915274253124,0.23870521898395453,0.15595827915916272,0.23390347030118785,0.23505861990217933,0.030404065106554613,0.10597034654696105
e05155c1b5c2dc74,UFC Fight Night: Du Plessis vs. Usman,RJ Harris vs Alvin Hines,2026-07-17 20:16:59.459648+00:00,RJ Harris,Alvin Hines,0.5323639013013793,red,,0.19061906232940765,0.11709456685949327,0.14902944873026416,0.2980588974605283,0.06305092061665023,0.1821471040036562,0.184655251974215,0.1155378243643639,0.23217082496280048,0.25636281942382366,0.04187490746107365,0.1693983718137233
97fb716bc7b8751a,UFC Fight Night: Hernandez vs. Rodrigues,Shanelle Dyer vs Elise Reed,2026-08-21 20:39:18.694686+00:00,Shanelle Dyer,Elise Reed,0.8883109946744282,red,,0.39440579962622263,0.19261678586396921,0.27608405973835587,0.04359221995868777,0.018005482156849294,0.07529565265591524,0.3282941348492261,0.222435607343915,0.3375812524812873,0.04325503038463858,0.01079566004257853,0.057638314898354706
930317fde9dbc55e,UFC 329: McGregor vs. Holloway 2,Luke Riley vs Kai Kamaka III,2026-07-10 20:36:17.559163+00:00,Luke Riley,Kai Kamaka III,0.733829224559176,red,,0.26662897119548556,0.039994345679322835,0.3817642087571725,0.08398812592657796,0.03230312535637614,0.195321223085065,0.275116198598984,0.032500984248637135,0.4262120417115548,0.07303659061263024,0.024697743429061426,0.16843644139913236
3050549d19395f6f,UFC Fight Night: Gamrot vs. Salkilld,Steven Asplund vs Guilherme Pat,2026-08-07 20:54:02.712432+00:00,Steven Asplund,Guilherme Pat,0.7055899401346537,red,,0.3520163135470858,0.03673213706578286,0.3188072273633985,0.12997525423277015,0.03249381355819254,0.12997525423277015,0.27098325362752224,0.028148502471568224,0.4064581840355632,0.10908663360268508,0.01840956132761344,0.16691386493504778
d5ebdf462c9b59b3,UFC 330: Makhachev vs. Machado Garry,Jeremiah Wells vs Myktybek Orolbai,2026-08-14 20:42:43.693741+00:00,Jeremiah Wells,Myktybek Orolbai,0.12647378310771307,blue,,0.049130432543504125,0.023200482034432503,0.05568115688263801,0.31517635971304536,0.27840578441319,0.27840578441319,0.04411092377869267,0.015890777338412848,0.06647208199060756,0.2848741521161465,0.25668883292209166,0.3319632318540488
13aa6688d0538095,UFC Fight Night: Medic vs. Rodriguez,Dennis Buzukja vs Bogdan Grad,2026-07-31 21:20:50.686938+00:00,Dennis Buzukja,Bogdan Grad,0.34318930091335836,blue,,0.1718822219420984,0.048531450901298366,0.15000630278583132,0.19643682507668386,0.10312933316525903,0.33001386612882894,0.1596766632003273,0.03433472775461941,0.14917790995841163,0.16040964724870063,0.06899185380728733,0.42740919803065364
7e86f774f19e5e59,UFC Fight Night: Hernandez vs. Rodrigues,Marcio Barbosa vs Ryan Kuse,2026-08-21 20:39:18.694686+00:00,Marcio Barbosa,Ryan Kuse,0.8444955501934006,red,,0.7060046699115968,0.049835623758465654,0.07701869126308329,0.08472056038939162,0.03258483091899678,0.049835623758465654,0.6980729839132516,0.04106239182740945,0.10536017445273964,0.0824760642919359,0.018399179652849443,0.05462920586181405
3859314324918eeb,UFC Fight Night: Ankalaev vs. Guskov,Nurullo Aliev vs Mike Davis,2026-07-24 20:31:56.149697+00:00,Nurullo Aliev,Mike Davis,0.7342886525946465,red,,0.149745181518844,0.074872590759422,0.4314087372328601,0.10981313311381892,0.09689394098278141,0.13726641639227366,0.151857317605952,0.0634561208915738,0.5189752140971207,0.09991937953150232,0.05718555313053771,0.1086064147433135
9009ec7b91f2be14,UFC Fight Night: Ankalaev vs. Guskov,Magomed Ankalaev vs Bogdan Guskov,2026-07-24 20:31:56.149697+00:00,Magomed Ankalaev,Bogdan Guskov,0.8132737642460819,red,,0.5487779565697367,0.09946055174713829,0.1690829379701351,0.10567683623133443,0.027271441608086304,0.049730275873569145,0.5482767408322237,0.08354903655464567,0.18144798685921254,0.11895264126662088,0.01875192193795227,0.04902167254934497
61280e5644189c61,UFC Fight Night: Ankalaev vs. Guskov,Abubakar Vagaev vs Saygid Izagakhmaev,2026-07-24 20:31:56.149697+00:00,Abubakar Vagaev,Saygid Izagakhmaev,0.6762941327781105,red,,0.1259850194795503,0.07444569332882517,0.4704334238012995,0.06299250973977515,0.16378052532341536,0.1023628283271346,0.07529341138533899,0.05003358884809096,0.5509671325446805,0.05357706497057808,0.13604272715832613,0.13408607509298534
bf70d01518c80fba,UFC Fight Night: Hernandez vs. Rodrigues,MarQuel Mederos vs Mason Jones,2026-08-21 20:39:18.694686+00:00,MarQuel Mederos,Mason Jones,0.32101693782592283,blue,,0.0923189199051268,0.0180623973727422,0.1510673234811166,0.1846378398102536,0.1384783798576902,0.41543513957307066,0.12767944299806044,0.01626172536963042,0.177075769458232,0.15085232130384443,0.08345627527025101,0.44467446559998175
