market_key,is_synthetic,p_bucket,n,mean_implied_p,realized_win_rate,calibration_error,brier,log_loss,flat_bet_roi
goes_distance,True,05-10%,16.0,0.08199863495765479,0.125,0.04300136504234521,0.10964100760868438,0.37651779688757503,0.40625
goes_distance,True,10-15%,62.0,0.1306423891756755,0.11290322580645161,-0.01773916336922389,0.09984070685877529,0.35086041172214955,-0.15532746822580645
goes_distance,True,15-20%,120.0,0.17634253104477562,0.18333333333333332,0.006990802288557696,0.15085135959095872,0.4803173473370373,0.06013699041666665
goes_distance,True,20-25%,200.0,0.2249865145703231,0.21,-0.0149865145703231,0.16759960515529804,0.5188327892994128,-0.05001182640000001
goes_distance,True,25-30%,261.0,0.27409874797740175,0.26053639846743293,-0.013562349509968818,0.19277369331270425,0.573905194490157,-0.04846473076628353
goes_distance,True,30-35%,321.0,0.32592547663499416,0.3302180685358255,0.004292591900831366,0.22049239027745687,0.6327444904426615,0.010586829657320869
goes_distance,True,35-40%,452.0,0.3755681958910112,0.3495575221238938,-0.02601067376711741,0.22682118006779492,0.646000366889838,-0.07301441201327434
goes_distance,True,40-45%,646.0,0.4251925115811414,0.4024767801857585,-0.02271573139538291,0.24116460914861132,0.6753791901911173,-0.052509518142414856
goes_distance,True,45-50%,557.0,0.47422021826757227,0.466786355475763,-0.007433862791809243,0.2475465640468662,0.6882318388006917,-0.018304263788150806
goes_distance,True,50-55%,530.0,0.5230412147180898,0.49245283018867925,-0.030588384529410595,0.24986882187485607,0.6928820639680503,-0.05996939283931536
goes_distance,True,55-60%,510.0,0.5757196418419244,0.5313725490196078,-0.044347092822316525,0.25053779261621417,0.6942723730946557,-0.07741283710318424
goes_distance,True,60-65%,605.0,0.6261622651373699,0.5107438016528926,-0.11541846348447737,0.26386164326604555,0.7219507373250098,-0.18331745455602058
goes_distance,True,65-70%,607.0,0.6732245698948178,0.5914332784184514,-0.08179129147636643,0.2480803357356707,0.6904710395453949,-0.12159661535773006
goes_distance,True,70-75%,458.0,0.7229806215970843,0.6812227074235808,-0.041757914173503496,0.21797407604250982,0.6278795567193465,-0.05847632545734414
goes_distance,True,75-80%,270.0,0.7726198662273561,0.7148148148148148,-0.05780505141254133,0.20758555089292208,0.6080395038345774,-0.0743430072452155
goes_distance,True,80-85%,122.0,0.8224694232796902,0.7459016393442623,-0.07656778393542785,0.1957809223349449,0.5864558263647381,-0.09267777758141695
goes_distance,True,85-90%,45.0,0.866445408775375,0.8,-0.06644540877537497,0.1614257071116801,0.5044860640104553,-0.07859728094285988
goes_distance,True,90-95%,3.0,0.9023606642900619,0.6666666666666666,-0.23569399762339527,0.2801492992714756,0.8576566239183897,-0.25973930062395806
goes_distance,True,95-100%,2.0,0.9963413203102136,0.5,-0.4963413203102136,0.5000257645577855,6.911426906569508,-0.496314858490566
inside_distance,True,00-05%,1.0,0.04592363261093911,0.0,-0.04592363261093911,0.00210898003218451,0.047011561063586706,-1.0
inside_distance,True,05-10%,15.0,0.09166657711767214,0.06666666666666667,-0.02499991045100547,0.06211070524531718,0.2445715531238898,-0.31573767066666664
inside_distance,True,10-15%,70.0,0.1256633985498183,0.4,0.2743366014501817,0.3132712813946839,0.9026192277738224,2.1493384701428577
inside_distance,True,15-20%,86.0,0.17429667630162637,0.4186046511627907,0.24430797486116435,0.30105555771482356,0.8361503047374292,1.3767683452325579
inside_distance,True,20-25%,52.0,0.2233332023046497,0.34615384615384615,0.12282064384919644,0.24620143720581997,0.6983761657224321,0.6042161709615385
inside_distance,True,25-30%,56.0,0.27483784913438586,0.35714285714285715,0.08230500800847129,0.23679356342741983,0.6689481418116755,0.30365715392857145
inside_distance,True,30-35%,75.0,0.32615214882649396,0.26666666666666666,-0.059485482159827296,0.1978296215978095,0.5853402376571253,-0.1876596153333333
inside_distance,True,35-40%,137.0,0.3770773703881837,0.27007299270072993,-0.10700437768745374,0.20843169272911422,0.6085359928451416,-0.28397736598540146
inside_distance,True,40-45%,213.0,0.4278242247568731,0.2535211267605634,-0.17430309799630972,0.22062820299355085,0.6340350859581025,-0.4044082466197183
inside_distance,True,45-50%,363.0,0.47638130449826693,0.26170798898071623,-0.2146733155175507,0.23881144493977668,0.6707365414080491,-0.45163416077134977
inside_distance,True,50-55%,531.0,0.5256429574190892,0.3879472693032015,-0.13769568811588767,0.256054019701996,0.705275038300255,-0.2623661790328396
inside_distance,True,55-60%,575.0,0.574019046075832,0.44521739130434784,-0.12880165477148414,0.262525564488946,0.7184221148976652,-0.225827454267542
inside_distance,True,60-65%,487.0,0.6236690153608037,0.4784394250513347,-0.14522959030946897,0.2705393891970665,0.7354931931726556,-0.23283646449579753
inside_distance,True,65-70%,440.0,0.6747867829194912,0.4636363636363636,-0.2111504192831276,0.2937857148207417,0.7862001665342627,-0.3122466237006446
inside_distance,True,70-75%,530.0,0.7251550230472057,0.5283018867924528,-0.19685313625475287,0.2889334920323544,0.7816908211274632,-0.27042330274862114
inside_distance,True,75-80%,518.0,0.7742303333972659,0.5714285714285714,-0.20280176196869448,0.28556630319629867,0.7831451737348057,-0.26225719026988553
inside_distance,True,80-85%,428.0,0.8239741033357875,0.6074766355140186,-0.21649746782176882,0.2850855787753067,0.7993811797899457,-0.26285612902898225
inside_distance,True,85-90%,356.0,0.8744892408552345,0.6657303370786517,-0.2087589037765828,0.26514543314499117,0.7800132343333981,-0.23928968766836461
inside_distance,True,90-95%,250.0,0.9248352998538074,0.692,-0.23283529985380746,0.26650271438659034,0.8489925501471626,-0.2521951833145388
inside_distance,True,95-100%,369.0,0.9856764630842073,0.7642276422764228,-0.2214488208077845,0.22945079640461385,1.9124588866427306,-0.224462740650491
moneyline,False,05-10%,11.0,0.08647872128157484,0.0,-0.08647872128157484,0.007525611947029551,0.09047672110855408,-1.0
moneyline,False,10-15%,148.0,0.12921017677287713,0.08108108108108109,-0.04812909569179605,0.07754380995798274,0.2956551549626524,-0.35439189189189185
moneyline,False,15-20%,355.0,0.1773986072114213,0.1295774647887324,-0.04782114242268892,0.11516220882831088,0.3942494091345888,-0.2665352112676056
moneyline,False,20-25%,570.0,0.22445717270504179,0.1649122807017544,-0.059544892003287386,0.14182141044904853,0.4601535930164264,-0.258859649122807
moneyline,False,25-30%,886.0,0.27575143673056596,0.24943566591422123,-0.02631577081634473,0.1870364357516649,0.5612356498033301,-0.10016930022573364
moneyline,False,30-35%,901.0,0.32674918862872054,0.3074361820199778,-0.019313006608742744,0.2126995573444308,0.6165121748375141,-0.06128745837957825
moneyline,False,35-40%,1101.0,0.37223517968670744,0.3578564940962761,-0.014378685590431317,0.22951734159203122,0.6515748702969616,-0.03980926430517711
moneyline,False,40-45%,1206.0,0.4226704339952213,0.43532338308457713,0.012652949089355825,0.24596282421662913,0.6850586396717375,0.03053067993366501
moneyline,False,45-50%,839.0,0.4711531840451476,0.45292014302741357,-0.018233041017734042,0.24762039183201964,0.6883805671775007,-0.03945172824791418
moneyline,False,50-55%,1017.0,0.5235441070596925,0.49852507374631266,-0.02501903331337979,0.25127944820843784,0.6957134618869694,-0.04619008609265406
moneyline,False,55-60%,1011.0,0.5745072024612028,0.5489614243323442,-0.02554577812885861,0.2481868286520762,0.6895379293577284,-0.04433073624526641
moneyline,False,60-65%,1290.0,0.6218964059083871,0.5782945736434109,-0.04360183226497627,0.24574177927230362,0.6847778919443094,-0.06986918242467888
moneyline,False,65-70%,1021.0,0.6758501531728328,0.6679725759059746,-0.007877577266858227,0.2214824054882062,0.6349169279327849,-0.011831380981082046
moneyline,False,70-75%,928.0,0.7220186701956651,0.7004310344827587,-0.02158763571290645,0.20979882423456614,0.6104244253493519,-0.030201103224486166
moneyline,False,75-80%,753.0,0.7707618235420852,0.7822045152722443,0.011442691730159105,0.16992833463515847,0.5228442061766359,0.014538029183678369
moneyline,False,80-85%,561.0,0.8213737802140608,0.8360071301247772,0.014633349910716409,0.1369177004790327,0.44553251819177303,0.017695472565250014
moneyline,False,85-90%,263.0,0.8711038644411001,0.8821292775665399,0.011025413125439809,0.10434431945118866,0.3643876748867266,0.012929582621764255
moneyline,False,90-95%,118.0,0.9154706603711942,0.923728813559322,0.008258153188127837,0.07013043825886332,0.267151420170689,0.008895239321296754
moneyline,False,95-100%,3.0,0.9544827153522806,1.0,0.045517284647719425,0.0020746828556221426,0.046587314125052896,0.047691197691197694
win_by_decision,False,00-05%,31.0,0.04287744374224649,0.06451612903225806,0.021638685290011575,0.06076840827352409,0.24325894142606325,0.4838709677419355
win_by_decision,False,05-10%,565.0,0.07863512581504463,0.05132743362831858,-0.027307692186726046,0.049168162347596675,0.20594325854688017,-0.36761061946902657
win_by_decision,False,10-15%,1458.0,0.12568646489710442,0.11385459533607682,-0.011831869561027594,0.10079929851481123,0.35404864256693047,-0.09538408779149521
win_by_decision,False,15-20%,1746.0,0.17215485900388078,0.14891179839633448,-0.0232430606075463,0.12697542003636134,0.42166476466623026,-0.13790950744558994
win_by_decision,False,20-25%,1741.0,0.22075959708525028,0.20390580126364158,-0.016853795821608702,0.16212197070503057,0.5051706406943575,-0.07955198161975875
win_by_decision,False,25-30%,1783.0,0.2724238198023149,0.2725743129556927,0.00015049315337778424,0.1983216392165902,0.5858979903150104,0.0024565339315759955
win_by_decision,False,30-35%,1191.0,0.3225089903198442,0.29303106633081444,-0.029477923989029764,0.20730316613075025,0.6051855266793194,-0.09412258606213265
win_by_decision,False,35-40%,1009.0,0.3697145278598499,0.3141724479682854,-0.055542079891564455,0.21890256649392548,0.6298982805724872,-0.14863230921704657
win_by_decision,False,40-45%,763.0,0.41903857935067457,0.40235910878112713,-0.01667947056954744,0.24015098305657692,0.6733084197745123,-0.0408256880733945
win_by_decision,False,45-50%,395.0,0.46842527295202635,0.4177215189873418,-0.05070375396468457,0.24555842468172617,0.684248090243023,-0.10853164556962025
win_by_decision,False,50-55%,363.0,0.5196584669020808,0.4738292011019284,-0.04582926580015245,0.2511170491328634,0.695385506311891,-0.08836288979817711
win_by_decision,False,55-60%,153.0,0.5700515194764235,0.5686274509803921,-0.0014240684960313832,0.2453456136453794,0.6838034640515664,-0.002153221167493239
win_by_decision,False,60-65%,85.0,0.6187460187081516,0.6235294117647059,0.004783393056554286,0.23440851157700832,0.6616618673870853,0.007467904851189842
win_by_decision,False,65-70%,14.0,0.6690871389801227,0.7142857142857143,0.04519857530559157,0.20239945706061108,0.5945293546730903,0.06355945641659927
win_by_decision,False,70-75%,1.0,0.7468354430379747,1.0,0.25316455696202533,0.06409229290177856,0.29191040856130207,0.33898305084745767
win_by_decision,False,75-80%,1.0,0.7647058823529411,1.0,0.23529411764705888,0.05536332179930798,0.2682639865946794,0.3076923076923077
win_by_decision,False,80-85%,1.0,0.8148148148148148,0.0,-0.8148148148148148,0.6639231824417009,1.6863989535702284,-1.0
win_by_ko_tko_dq,False,00-05%,445.0,0.035889354268278405,0.06741573033707865,0.031526376068800245,0.06359437338911028,0.2547209200121329,0.8225842696629213
win_by_ko_tko_dq,False,05-10%,1817.0,0.07652672235359916,0.08200330214639516,0.005476579792796005,0.07498582314651767,0.2816354349298918,0.06116675839295542
win_by_ko_tko_dq,False,10-15%,2280.0,0.12337657251764324,0.09605263157894736,-0.027323940938695876,0.08729289782170503,0.31854183212756126,-0.2262719298245614
win_by_ko_tko_dq,False,15-20%,1708.0,0.17192232309078856,0.12939110070257612,-0.04253122238821244,0.11397055377921013,0.3902537855571212,-0.2538524590163934
win_by_ko_tko_dq,False,20-25%,1354.0,0.21810875551473874,0.15805022156573117,-0.060058533949007564,0.13645568141595926,0.4471061176998433,-0.27636632200886263
win_by_ko_tko_dq,False,25-30%,1016.0,0.2717311329189623,0.22539370078740156,-0.04633743213156072,0.1769716822627029,0.5398222355600898,-0.16766732283464567
win_by_ko_tko_dq,False,30-35%,526.0,0.3221060554681041,0.24524714828897337,-0.07685890717913074,0.19059129597698632,0.5702618055926506,-0.24009505703422054
win_by_ko_tko_dq,False,35-40%,513.0,0.36890987554706617,0.2982456140350877,-0.07066426151197847,0.21413317495678433,0.6200785014231329,-0.1917738791423002
win_by_ko_tko_dq,False,40-45%,373.0,0.41921056801138046,0.2868632707774799,-0.13234729723390054,0.22133255708859428,0.6352920895260731,-0.31753351206434316
win_by_ko_tko_dq,False,45-50%,245.0,0.4678719212024633,0.3551020408163265,-0.11276988038613678,0.24171112578962908,0.6765388589574622,-0.24089795918367346
win_by_ko_tko_dq,False,50-55%,213.0,0.5217972898276878,0.43661971830985913,-0.08517757151782868,0.2530640745826651,0.6992887921927775,-0.16325484785376573
win_by_ko_tko_dq,False,55-60%,132.0,0.5721372734488878,0.4772727272727273,-0.09486454617616047,0.2593823092639321,0.7121274835164307,-0.1642704738091519
win_by_ko_tko_dq,False,60-65%,127.0,0.6222474712036208,0.4409448818897638,-0.181302589313857,0.2805329684645187,0.7559601846327266,-0.28967441867478966
win_by_ko_tko_dq,False,65-70%,54.0,0.672337475430968,0.5185185185185185,-0.1538189569124495,0.276688808299134,0.7508487342807599,-0.22494745886558754
win_by_ko_tko_dq,False,70-75%,22.0,0.72139706516276,0.5909090909090909,-0.1304879742536691,0.2581444838775922,0.7143193468995037,-0.18139563312906914
win_by_ko_tko_dq,False,75-80%,9.0,0.7664029102513724,0.6666666666666666,-0.09973624358470579,0.22930208672349636,0.6542973398684825,-0.13238747120326064
win_by_ko_tko_dq,False,80-85%,4.0,0.8160839160839161,0.5,-0.31608391608391606,0.34327253166414007,0.9260959101624754,-0.39204545454545453
win_by_submission,False,00-05%,1357.0,0.03776190165519193,0.02210759027266028,-0.01565431138253165,0.02200720536126103,0.11172902660854457,-0.3452837140751658
win_by_submission,False,05-10%,3950.0,0.07250905900205916,0.034936708860759495,-0.037572350141299664,0.0350593376911367,0.16313806276412093,-0.5265873417721518
win_by_submission,False,10-15%,2401.0,0.12132651270801982,0.07496876301541025,-0.04635774969260957,0.07135493728529242,0.2767821498128499,-0.3847313619325281
win_by_submission,False,15-20%,1291.0,0.17058174347546534,0.11773818745158791,-0.05284355602387743,0.10681122826710997,0.37358340306578264,-0.30637490317583266
win_by_submission,False,20-25%,723.0,0.21774257083446047,0.14661134163208853,-0.07113122920237194,0.13006965124707165,0.4326077176476508,-0.3272337482710927
win_by_submission,False,25-30%,449.0,0.26941317907412327,0.24053452115812918,-0.028878657915994088,0.18185160486606883,0.5495963148945229,-0.11726057906458796
win_by_submission,False,30-35%,217.0,0.322240997162772,0.2488479262672811,-0.07339307089549088,0.19120913305721918,0.5714092649460092,-0.23267281105990784
win_by_submission,False,35-40%,203.0,0.3691314082988455,0.3448275862068966,-0.024303822091948923,0.22712686539880766,0.6467756243024353,-0.0631527093596059
win_by_submission,False,40-45%,90.0,0.41732837256290045,0.3111111111111111,-0.10621726145178934,0.22677631276857516,0.6463404786980358,-0.25077777777777777
win_by_submission,False,45-50%,55.0,0.4683509167995686,0.36363636363636365,-0.10471455316320494,0.24118563911930274,0.6754779296125863,-0.22618181818181818
win_by_submission,False,50-55%,48.0,0.5159495499688393,0.4791666666666667,-0.036782883302172664,0.25006497705105324,0.6932882211568066,-0.07275006867398169
win_by_submission,False,55-60%,25.0,0.5689410577675411,0.52,-0.048941057767541096,0.25632423346534894,0.7060544140226154,-0.07921721190686708
win_by_submission,False,60-65%,18.0,0.6275250611683165,0.6111111111111112,-0.016413950057205362,0.24488169727488776,0.683650849857273,-0.016919883855367693
win_by_submission,False,65-70%,3.0,0.6767676767676768,0.3333333333333333,-0.3434343434343435,0.3269054178145087,0.8527459742911833,-0.5217391304347826
win_by_submission,False,70-75%,4.0,0.7282249742002064,0.5,-0.22822497420020638,0.2953923432389631,0.7935782690523694,-0.31980519480519476
win_by_submission,False,75-80%,2.0,0.7686170212765957,0.5,-0.2686170212765957,0.3038846763241286,0.8127620250928623,-0.36486486486486486
win_by_submission,False,90-95%,1.0,0.9259259259259259,0.0,-0.9259259259259259,0.8573388203017833,2.6026896854443837,-1.0
