fight_id,fighter,side,market_key,american_odds,fair_market_p,model_p,edge,actual_hit,r_pre_fights,b_pre_fights,cold_start,mapped_predictors,total_predictors
c6a85b67fdd2ef3d,Damian Pinas,red,win_by_ko_tko_dq,-130,0.4932755682401495,0.47931474447250366,-0.013960823767645847,1,0.0,0.0,True,351,399
c6a85b67fdd2ef3d,Damian Pinas,red,win_by_submission,950,0.08311602981335853,0.065914586186409,-0.01720144362694953,0,0.0,0.0,True,351,399
c6a85b67fdd2ef3d,Damian Pinas,red,win_by_decision,950,0.08311602981335853,0.065914586186409,-0.01720144362694953,0,0.0,0.0,True,351,399
c6a85b67fdd2ef3d,Wes Schultz,blue,win_by_ko_tko_dq,1000,0.07933802845820588,0.06477378308773041,-0.014564245370475473,0,0.0,0.0,True,351,399
c6a85b67fdd2ef3d,Wes Schultz,blue,win_by_submission,380,0.18181631521672179,0.1755838841199875,-0.006232431096734298,0,0.0,0.0,True,351,399
c6a85b67fdd2ef3d,Wes Schultz,blue,win_by_decision,1000,0.07933802845820588,0.06477378308773041,-0.014564245370475473,0,0.0,0.0,True,351,399
c40b934d2666e351,Ailin Perez,red,win_by_ko_tko_dq,850,0.09092267481298413,0.06295561790466309,-0.027967056908321047,0,6.0,13.0,False,351,399
c40b934d2666e351,Ailin Perez,red,win_by_submission,900,0.08637654107233493,0.06237659603357315,-0.02399994503876178,0,6.0,13.0,False,351,399
c40b934d2666e351,Ailin Perez,red,win_by_decision,100,0.4318827053616746,0.4733903706073761,0.041507665245701486,1,6.0,13.0,False,351,399
c40b934d2666e351,Macy Chiasson,blue,win_by_ko_tko_dq,1000,0.07852412824757721,0.06230001151561737,-0.016224116731959837,0,6.0,13.0,False,351,399
c40b934d2666e351,Macy Chiasson,blue,win_by_submission,750,0.10161946008509991,0.08284822851419449,-0.01877123157090542,0,6.0,13.0,False,351,399
c40b934d2666e351,Macy Chiasson,blue,win_by_decision,310,0.21067449042032907,0.2285832315683365,0.017908741148007418,0,6.0,13.0,False,351,399
81f3d28d30d17378,Daniel Zellhuber,red,win_by_ko_tko_dq,185,0.3073234156802485,0.2833198606967926,-0.02400355498345591,0,6.0,26.0,False,351,399
81f3d28d30d17378,Daniel Zellhuber,red,win_by_submission,650,0.11678289795849445,0.10455352813005447,-0.012229369828439973,0,6.0,26.0,False,351,399
81f3d28d30d17378,Daniel Zellhuber,red,win_by_decision,180,0.31281133381739584,0.2833198606967926,-0.02949147312060324,0,6.0,26.0,False,351,399
81f3d28d30d17378,King Green,blue,win_by_ko_tko_dq,1100,0.07298931122405902,0.06387148797512054,-0.009117823248938478,1,6.0,26.0,False,351,399
81f3d28d30d17378,King Green,blue,win_by_submission,2500,0.03368737441110417,0.01830179989337921,-0.01538557451772496,0,6.0,26.0,False,351,399
81f3d28d30d17378,King Green,blue,win_by_decision,460,0.15640566690869792,0.15167874097824097,-0.004726925930456954,0,6.0,26.0,False,351,399
7df505d8260ba680,Edgar Chairez,red,win_by_ko_tko_dq,200,0.2865699130914191,0.26340290904045105,-0.023167004050968054,0,4.0,3.0,False,351,399
7df505d8260ba680,Edgar Chairez,red,win_by_submission,270,0.23235398358763712,0.2154354453086853,-0.016918538278951817,0,4.0,3.0,False,351,399
7df505d8260ba680,Edgar Chairez,red,win_by_decision,370,0.18291696580303346,0.14457039535045624,-0.03834657045257722,1,4.0,3.0,False,351,399
7df505d8260ba680,Felipe Bunes,blue,win_by_ko_tko_dq,1500,0.05373185870464108,0.02863558754324913,-0.025096271161391952,0,4.0,3.0,False,351,399
7df505d8260ba680,Felipe Bunes,blue,win_by_submission,750,0.10114232226755968,0.0930524542927742,-0.008089867974785475,0,4.0,3.0,False,351,399
7df505d8260ba680,Felipe Bunes,blue,win_by_decision,500,0.14328495654570955,0.14857879281044006,0.0052938362647305115,0,4.0,3.0,False,351,399
6154ee95d3f4fc32,Douglas Silva de Andrade,red,win_by_ko_tko_dq,500,0.1454647637458717,0.12135099619626999,-0.024113767549601706,0,13.0,0.0,True,351,399
6154ee95d3f4fc32,Douglas Silva de Andrade,red,win_by_submission,2700,0.031171020802686793,0.015764882788062096,-0.015406138014624697,0,13.0,0.0,True,351,399
6154ee95d3f4fc32,Douglas Silva de Andrade,red,win_by_decision,440,0.16162751527319077,0.13926874101161957,-0.022358774261571207,0,13.0,0.0,True,351,399
6154ee95d3f4fc32,Javier Reyes,blue,win_by_ko_tko_dq,380,0.18183095468233965,0.21864371001720428,0.03681275533486464,1,13.0,0.0,True,351,399
6154ee95d3f4fc32,Javier Reyes,blue,win_by_submission,340,0.19836104147164324,0.27169087529182434,0.0733298338201811,0,13.0,0.0,True,351,399
6154ee95d3f4fc32,Javier Reyes,blue,win_by_decision,210,0.28154470402426784,0.3462520241737366,0.06470732014946873,0,13.0,0.0,True,351,399
581292ffe5b09344,Erik Silva,red,win_by_ko_tko_dq,1800,0.04622397504221867,0.02154659479856491,-0.024677380243653756,0,2.0,5.0,False,351,399
581292ffe5b09344,Erik Silva,red,win_by_submission,2200,0.03818502286096325,0.021174337714910507,-0.017010685146052744,0,2.0,5.0,False,351,399
581292ffe5b09344,Erik Silva,red,win_by_decision,950,0.08364338340972902,0.06404470652341843,-0.01959867688631059,0,2.0,5.0,False,351,399
581292ffe5b09344,Francis Marshall,blue,win_by_ko_tko_dq,270,0.2373663583249067,0.27358707785606384,0.03622071953115713,0,2.0,5.0,False,351,399
581292ffe5b09344,Francis Marshall,blue,win_by_submission,125,0.3903357892454021,0.37987396121025085,-0.010461828035151222,1,2.0,5.0,False,351,399
581292ffe5b09344,Francis Marshall,blue,win_by_decision,330,0.20424547111678018,0.2541847825050354,0.04993931138825522,0,2.0,5.0,False,351,399
44d58943ac8e47e1,Regina Tarin,red,win_by_ko_tko_dq,600,0.12480615749597068,0.13913795351982117,0.014331796023850485,0,0.0,2.0,True,351,399
44d58943ac8e47e1,Regina Tarin,red,win_by_submission,850,0.09196243183913629,0.08984190970659256,-0.0021205221325437257,0,0.0,2.0,True,351,399
44d58943ac8e47e1,Regina Tarin,red,win_by_decision,270,0.23611975742480942,0.2983516454696655,0.062231888044856104,1,0.0,2.0,True,351,399
44d58943ac8e47e1,Ernesta Kareckaite,blue,win_by_ko_tko_dq,750,0.10278154146726998,0.08072935044765472,-0.022052191019615253,0,0.0,2.0,True,351,399
44d58943ac8e47e1,Ernesta Kareckaite,blue,win_by_submission,2200,0.03798448271616499,0.017462730407714844,-0.020521752308450145,0,0.0,2.0,True,351,399
44d58943ac8e47e1,Ernesta Kareckaite,blue,win_by_decision,115,0.4063456290566487,0.3246387839317322,-0.08170684512491655,0,0.0,2.0,True,351,399
3b76a00f5d0400eb,Santiago Luna,red,win_by_ko_tko_dq,140,0.36528772155643213,0.36312153935432434,-0.0021661822021077914,0,1.0,1.0,True,351,399
3b76a00f5d0400eb,Santiago Luna,red,win_by_submission,210,0.28280339733401194,0.3158603012561798,0.03305690392216787,0,1.0,1.0,True,351,399
3b76a00f5d0400eb,Santiago Luna,red,win_by_decision,390,0.17891643504804838,0.1905825138092041,0.011666078761155718,1,1.0,1.0,True,351,399
3b76a00f5d0400eb,Angel Pacheco,blue,win_by_ko_tko_dq,1200,0.06743773321041824,0.052065636962652206,-0.015372096247766032,0,1.0,1.0,True,351,399
3b76a00f5d0400eb,Angel Pacheco,blue,win_by_submission,2200,0.03811697964067118,0.021867452189326286,-0.016249527451344892,0,1.0,1.0,True,351,399
3b76a00f5d0400eb,Angel Pacheco,blue,win_by_decision,1200,0.06743773321041824,0.052065636962652206,-0.015372096247766032,0,1.0,1.0,True,351,399
36d12b31957e94db,Marlon Vera,red,win_by_ko_tko_dq,800,0.09726177969138088,0.07684478163719177,-0.020416998054189103,0,25.0,2.0,False,351,399
36d12b31957e94db,Marlon Vera,red,win_by_submission,1500,0.05470975107640175,0.028668811544775963,-0.026040939531625784,0,25.0,2.0,False,351,399
36d12b31957e94db,Marlon Vera,red,win_by_decision,550,0.13467015649575814,0.10877514630556107,-0.025895010190197076,0,25.0,2.0,False,351,399
36d12b31957e94db,David Martinez,blue,win_by_ko_tko_dq,600,0.125050859603204,0.13599413633346558,0.010943276730261575,0,25.0,2.0,False,351,399
36d12b31957e94db,David Martinez,blue,win_by_submission,2700,0.031262714900801,0.023571373894810677,-0.007691341005990324,0,25.0,2.0,False,351,399
36d12b31957e94db,David Martinez,blue,win_by_decision,-175,0.5570447382324542,0.5028522610664368,-0.05419247716601738,1,25.0,2.0,False,351,399
25ab195cefbce1d0,Cristian Quinonez,red,win_by_ko_tko_dq,-120,0.47153801379409127,0.4776754677295685,0.006137453935477211,0,3.0,3.0,False,351,399
25ab195cefbce1d0,Cristian Quinonez,red,win_by_submission,600,0.12349805123178581,0.12805522978305817,0.004557178551272356,0,3.0,3.0,False,351,399
25ab195cefbce1d0,Cristian Quinonez,red,win_by_decision,310,0.21085033137134163,0.2568526864051819,0.04600235503384026,1,3.0,3.0,False,351,399
25ab195cefbce1d0,Kris Moutinho,blue,win_by_ko_tko_dq,900,0.08644863586225007,0.0593746080994606,-0.02707402776278947,0,3.0,3.0,False,351,399
25ab195cefbce1d0,Kris Moutinho,blue,win_by_submission,2000,0.04116601707726193,0.020225269719958305,-0.020940747357303627,0,3.0,3.0,False,351,399
25ab195cefbce1d0,Kris Moutinho,blue,win_by_decision,1200,0.06649895066326929,0.049914635717868805,-0.016584314945400483,0,3.0,3.0,False,351,399
15068d7b095ca9bd,Imanol Rodriguez,red,win_by_ko_tko_dq,120,0.3959682508714686,0.3813423216342926,-0.014625929237175983,1,0.0,4.0,True,351,399
15068d7b095ca9bd,Imanol Rodriguez,red,win_by_submission,550,0.13402002337188168,0.11619345843791962,-0.017826564933962064,0,0.0,4.0,True,351,399
15068d7b095ca9bd,Imanol Rodriguez,red,win_by_decision,240,0.2562147505638914,0.27801448106765747,0.021799730503766046,0,0.0,4.0,True,351,399
15068d7b095ca9bd,Kevin Borjas,blue,win_by_ko_tko_dq,750,0.10248590022555658,0.10221624374389648,-0.0002696564816600938,0,0.0,4.0,True,351,399
15068d7b095ca9bd,Kevin Borjas,blue,win_by_submission,3500,0.024198059775478634,0.020124414935708046,-0.004073644839770588,0,0.0,4.0,True,351,399
15068d7b095ca9bd,Kevin Borjas,blue,win_by_decision,900,0.0871130151917231,0.07010534405708313,-0.017007671134639968,0,0.0,4.0,True,351,399
1330b5c21269fe92,Brandon Moreno,red,win_by_ko_tko_dq,460,0.15604397289258226,0.16099995374679565,0.004955980854213393,0,17.0,3.0,False,351,399
1330b5c21269fe92,Brandon Moreno,red,win_by_submission,380,0.18205130170801265,0.18967141211032867,0.007620110402316027,0,17.0,3.0,False,351,399
1330b5c21269fe92,Brandon Moreno,red,win_by_decision,195,0.2962190671859189,0.3255813717842102,0.02936230459829131,0,17.0,3.0,False,351,399
1330b5c21269fe92,Lone'er Kavanagh,blue,win_by_ko_tko_dq,500,0.14564104136641012,0.14378611743450165,-0.0018549239319084754,0,17.0,3.0,False,351,399
1330b5c21269fe92,Lone'er Kavanagh,blue,win_by_submission,2200,0.03799331513906351,0.020891521126031876,-0.017101794013031635,0,17.0,3.0,False,351,399
1330b5c21269fe92,Lone'er Kavanagh,blue,win_by_decision,380,0.18205130170801265,0.1765812784433365,-0.00547002326467616,1,17.0,3.0,False,351,399
45ec0c5f19c9adbe,Ryan Gandra,red,win_by_ko_tko_dq,143,0.35280127535138395,0.3667545020580292,0.013953226706645228,1,0.0,3.0,True,351,399
45ec0c5f19c9adbe,Ryan Gandra,red,win_by_submission,205,0.2810842947881518,0.3196958005428314,0.03861150575467964,0,0.0,3.0,True,351,399
45ec0c5f19c9adbe,Ryan Gandra,red,win_by_decision,370,0.18240576576677936,0.1868840903043747,0.004478324537595335,0,0.0,3.0,True,351,399
45ec0c5f19c9adbe,Jose Daniel Medina,blue,win_by_ko_tko_dq,900,0.0857307099103863,0.06497291475534439,-0.020757795155041905,0,0.0,3.0,True,351,399
45ec0c5f19c9adbe,Jose Daniel Medina,blue,win_by_submission,2000,0.040824147576374425,0.020984940230846405,-0.01983920734552802,0,0.0,3.0,True,351,399
45ec0c5f19c9adbe,Jose Daniel Medina,blue,win_by_decision,1400,0.05715380660692419,0.04103047028183937,-0.016123336325084822,0,0.0,3.0,True,351,399
