historical_market_run_id,historical_market_timestamp,fight_id,date,event_name,market_key,bookmaker,outcome_join_key,outcome_fighter_id,outcome_label,outcome_side,canonical_side,legacy_side,american_odds,implied_probability,profit_per_100,won,result_status,source,mapping_method,legacy_row_number,legacy_r_name,legacy_b_name,legacy_winner_side,market_overround,fair_market_p,model_p_red,model_p,edge,signed_logit_residual,abs_logit_residual,profit_units,market_role,year,cum_profit_units,running_peak_units,drawdown_units
historical_market_outcomes_20260613_184833,2026-06-13T18:48:33.185521+00:00,192619174bd1ad77,2025-01-11,UFC Fight Night: Dern vs. Ribas 2,moneyline,legacy_consensus,fighter:ca28cdf526d6b6e9,ca28cdf526d6b6e9,Nurullo Aliev,red,red,red,-720.0,0.8780487804878049,13.88888888888889,1,graded,ufc-master w odds.csv,direct,636.0,Nurullo Aliev,Joe Solecki,red,1.0367789392179636,0.8469006721433906,0.8852368425886991,0.8852368425886991,0.0383361704453084,0.3324882188955096,0.3324882188955096,0.1388888888888889,favorite,2025,0.1388888888888889,0.1388888888888889,0.0
historical_market_outcomes_20260613_184833,2026-06-13T18:48:33.185521+00:00,a2a5809ed8a01b45,2025-01-11,UFC Fight Night: Dern vs. Ribas 2,moneyline,legacy_consensus,fighter:64d47ef881a437a4,64d47ef881a437a4,Cesar Almeida,red,red,red,-260.0,0.7222222222222222,38.46153846153846,1,graded,ufc-master w odds.csv,direct,625.0,Cesar Almeida,Abdul Razak Alhassan,red,1.0396825396825395,0.6946564885496184,0.7395378930252776,0.7395378930252776,0.0448814044756592,0.22158808190494694,0.22158808190494694,0.3846153846153846,favorite,2025,0.5235042735042734,0.5235042735042734,0.0
historical_market_outcomes_20260613_184833,2026-06-13T18:48:33.185521+00:00,b33e3a6d15700bb1,2025-01-11,UFC Fight Night: Dern vs. Ribas 2,moneyline,legacy_consensus,fighter:e4faa79383c9f214,e4faa79383c9f214,Ernesta Kareckaite,red,red,red,-270.0,0.7297297297297297,37.03703703703704,1,graded,ufc-master w odds.csv,direct,633.0,Ernesta Kareckaite,Nicolle Caliari,red,1.0422297297297298,0.7001620745542949,0.8510470225065139,0.8510470225065139,0.1508849479522189,0.8947669506251072,0.8947669506251072,0.3703703703703704,favorite,2025,0.8938746438746439,0.8938746438746439,0.0
historical_market_outcomes_20260613_184833,2026-06-13T18:48:33.185521+00:00,f01851055b8309e0,2025-01-11,UFC Fight Night: Dern vs. Ribas 2,moneyline,legacy_consensus,fighter:745fa7b605f8e2da,745fa7b605f8e2da,Fatima Kline,red,red,red,-800.0,0.8888888888888888,12.5,1,graded,ufc-master w odds.csv,direct,635.0,Fatima Kline,Viktoriia Dudakova,red,1.0404040404040404,0.8543689320388349,0.8834892515241933,0.8834892515241933,0.0291203194853584,0.2566089821745414,0.2566089821745414,0.125,favorite,2025,1.0188746438746439,1.0188746438746439,0.0
historical_market_outcomes_20260613_184833,2026-06-13T18:48:33.185521+00:00,aa3fca085d476636,2025-01-18,UFC 311: Makhachev vs. Moicano,moneyline,legacy_consensus,fighter:99bd51917728c25d,99bd51917728c25d,Grant Dawson,red,red,red,-245.0,0.7101449275362319,40.81632653061224,1,graded,ufc-master w odds.csv,direct,618.0,Grant Dawson,Diego Ferreira,red,1.0434782608695652,0.6805555555555556,0.7431912618942562,0.7431912618942562,0.0626357063387006,0.30629574971244367,0.30629574971244367,0.40816326530612235,favorite,2025,1.4270379091807661,1.4270379091807661,0.0
historical_market_outcomes_20260613_184833,2026-06-13T18:48:33.185521+00:00,daef1691c7d6b1e4,2025-01-18,UFC 311: Makhachev vs. Moicano,moneyline,legacy_consensus,fighter:275aca31f61ba28c,275aca31f61ba28c,Islam Makhachev,red,red,red,-350.0,0.7777777777777778,28.571428571428573,1,graded,ufc-master w odds.csv,direct,610.0,Islam Makhachev,Renato Moicano,red,1.40041928721174,0.5553892215568862,0.6087794248615391,0.6087794248615391,0.0533902033046529,0.2197145542397745,0.2197145542397745,0.28571428571428575,favorite,2025,1.712752194895052,1.712752194895052,0.0
historical_market_outcomes_20260613_184833,2026-06-13T18:48:33.185521+00:00,775788423f5eeb99,2025-02-01,UFC Fight Night: Adesanya vs. Imavov,moneyline,legacy_consensus,fighter:1e4f273069fb9e85,1e4f273069fb9e85,Fares Ziam,red,red,red,122.0,0.4504504504504504,122.0,1,graded,ufc-master w odds.csv,direct,603.0,Fares Ziam,Mike Davis,red,1.04061438487668,0.4328697133125177,0.4825931697876793,0.4825931697876793,0.0497234564751616,0.20049679961692662,0.20049679961692662,1.22,underdog,2025,2.932752194895052,2.932752194895052,0.0
historical_market_outcomes_20260613_184833,2026-06-13T18:48:33.185521+00:00,4218d1d1ce6d322c,2025-02-08,UFC 312: Du Plessis vs. Strickland 2,moneyline,legacy_consensus,fighter:17734443a833cdf7,17734443a833cdf7,Quillan Salkilld,red,red,red,-450.0,0.8181818181818182,22.22222222222222,1,graded,ufc-master w odds.csv,direct,598.0,Quillan Salkilld,Anshul Jubli,red,1.0404040404040404,0.7864077669902912,0.8211790469618707,0.8211790469618707,0.0347712799715794,0.22094942547115592,0.22094942547115592,0.2222222222222222,favorite,2025,3.154974417117274,3.154974417117274,0.0
historical_market_outcomes_20260613_184833,2026-06-13T18:48:33.185521+00:00,8435f90fbd50c7a5,2025-02-08,UFC 312: Du Plessis vs. Strickland 2,moneyline,legacy_consensus,fighter:17923f676f100e16,17923f676f100e16,Tallison Teixeira,blue,blue,blue,-156.0,0.609375,64.1025641025641,1,graded,ufc-master w odds.csv,direct,589.0,Justin Tafa,Tallison Teixeira,blue,1.0404094827586206,0.5857068876229934,0.3459485227778056,0.6540514772221944,0.0683445895992009,0.290650325370013,0.290650325370013,0.641025641025641,favorite,2025,3.796000058142915,3.796000058142915,0.0
historical_market_outcomes_20260613_184833,2026-06-13T18:48:33.185521+00:00,8bc8bb0021337de7,2025-02-08,UFC 312: Du Plessis vs. Strickland 2,moneyline,legacy_consensus,fighter:f782f953bfe7b5f2,f782f953bfe7b5f2,Jonathan Micallef,red,red,red,180.0,0.3571428571428571,180.0,1,graded,ufc-master w odds.csv,direct,597.0,Jonathan Micallef,Kevin Jousset,red,1.0396825396825398,0.3435114503816793,0.4476636661539437,0.4476636661539437,0.1041522157722643,0.43756985058108894,0.43756985058108894,1.8,underdog,2025,5.5960000581429155,5.5960000581429155,0.0
historical_market_outcomes_20260613_184833,2026-06-13T18:48:33.185521+00:00,2ae33fce63a75df9,2025-02-15,UFC Fight Night: Cannonier vs. Rodrigues,moneyline,legacy_consensus,fighter:83455a9d17f57dae,83455a9d17f57dae,Rafael Estevam,red,red,red,-620.0,0.8611111111111112,16.129032258064516,1,graded,ufc-master w odds.csv,direct,582.0,Rafael Estevam,Jesus Aguilar,red,1.0396825396825398,0.8282442748091603,0.8568996757372528,0.8568996757372528,0.0286554009280924,0.2165400309442158,0.2165400309442158,0.16129032258064516,favorite,2025,5.7572903807235605,5.7572903807235605,0.0
historical_market_outcomes_20260613_184833,2026-06-13T18:48:33.185521+00:00,68913a422f548ccc,2025-02-15,UFC Fight Night: Cannonier vs. Rodrigues,moneyline,legacy_consensus,fighter:52c2ae6d2f2d2613,52c2ae6d2f2d2613,Youssef Zalal,blue,blue,blue,-450.0,0.8181818181818182,22.22222222222222,1,graded,ufc-master w odds.csv,direct,576.0,Calvin Kattar,Youssef Zalal,blue,1.0404040404040404,0.7864077669902912,0.181697423765192,0.818302576234808,0.0318948092445167,0.20148266769680245,0.20148266769680245,0.2222222222222222,favorite,2025,5.979512602945783,5.979512602945783,0.0
historical_market_outcomes_20260613_184833,2026-06-13T18:48:33.185521+00:00,7b9f169016746f81,2025-02-15,UFC Fight Night: Cannonier vs. Rodrigues,moneyline,legacy_consensus,fighter:01641ba5df0c69b0,01641ba5df0c69b0,Gabriel Bonfim,red,red,red,-245.0,0.7101449275362319,40.81632653061224,1,graded,ufc-master w odds.csv,direct,583.0,Gabriel Bonfim,Khaos Williams,red,1.0380137799952482,0.6841382467383841,0.7340494836492644,0.7340494836492644,0.0499112369108802,0.2424107959057643,0.2424107959057643,0.40816326530612235,favorite,2025,6.387675868251905,6.387675868251905,0.0
historical_market_outcomes_20260613_184833,2026-06-13T18:48:33.185521+00:00,ce1436a9b58902a7,2025-02-15,UFC Fight Night: Cannonier vs. Rodrigues,moneyline,legacy_consensus,fighter:eb393afdbe3293d5,eb393afdbe3293d5,Ismael Bonfim,red,red,red,-245.0,0.7101449275362319,40.81632653061224,0,graded,ufc-master w odds.csv,direct,578.0,Ismael Bonfim,Nazim Sadykhov,blue,1.0434782608695652,0.6805555555555556,0.7513729833341475,0.7513729833341475,0.0708174277785919,0.34962224679038556,0.34962224679038556,-1.0,favorite,2025,5.387675868251905,6.387675868251905,1.0
historical_market_outcomes_20260613_184833,2026-06-13T18:48:33.185521+00:00,08763e87e10b9709,2025-02-22,UFC Fight Night: Cejudo vs. Song,moneyline,legacy_consensus,fighter:cd13728ae1151f46,cd13728ae1151f46,Ion Cutelaba,red,red,red,180.0,0.3571428571428571,180.0,1,graded,ufc-master w odds.csv,direct,568.0,Ion Cutelaba,Ibo Aslan,red,1.0396825396825398,0.3435114503816793,0.3956572581823531,0.3956572581823531,0.0521458078006737,0.2240916429928928,0.2240916429928928,1.8,underdog,2025,7.187675868251905,7.187675868251905,0.0
historical_market_outcomes_20260613_184833,2026-06-13T18:48:33.185521+00:00,b6475543ab6d20c9,2025-02-22,UFC Fight Night: Cejudo vs. Song,moneyline,legacy_consensus,fighter:476fe566d2df676e,476fe566d2df676e,Modestas Bukauskas,red,red,red,-275.0,0.7333333333333333,36.36363636363637,1,graded,ufc-master w odds.csv,direct,574.0,Modestas Bukauskas,Rafael Cerqueira,red,1.0410256410256409,0.7044334975369458,0.7468032894165435,0.7468032894165435,0.0423697918795976,0.21313504949301665,0.21313504949301665,0.36363636363636365,favorite,2025,7.551312231888268,7.551312231888268,0.0
historical_market_outcomes_20260613_184833,2026-06-13T18:48:33.185521+00:00,1de799f17556b501,2025-03-01,UFC Fight Night: Kape vs. Almabayev,moneyline,legacy_consensus,fighter:d964a59c48381cb6,d964a59c48381cb6,Danny Silva,red,red,red,-255.0,0.7183098591549296,39.21568627450981,1,graded,ufc-master w odds.csv,direct,560.0,Danny Silva,Lucas Almeida,red,1.046178711613946,0.6866033988082101,0.7507104275986811,0.7507104275986811,0.064107028790471,0.31811748653763516,0.31811748653763516,0.3921568627450981,favorite,2025,7.943469094633366,7.943469094633366,0.0
historical_market_outcomes_20260613_184833,2026-06-13T18:48:33.185521+00:00,6bdf0756fb57aced,2025-03-01,UFC Fight Night: Kape vs. Almabayev,moneyline,legacy_consensus,fighter:f14f644d41ade29f,f14f644d41ade29f,Cody Brundage,red,red,red,-116.0,0.5370370370370371,86.20689655172414,1,graded,ufc-master w odds.csv,direct,554.0,Cody Brundage,Julian Marquez,red,1.0419875320865422,0.515396797466127,0.5778585033830163,0.5778585033830163,0.0624617059168892,0.25238180945252076,0.25238180945252076,0.8620689655172414,favorite,2025,8.805538060150608,8.805538060150608,0.0
historical_market_outcomes_20260613_184833,2026-06-13T18:48:33.185521+00:00,9d8a37f130db13e5,2025-03-01,UFC Fight Night: Kape vs. Almabayev,moneyline,legacy_consensus,fighter:8d3273573b85be09,8d3273573b85be09,Asu Almabayev,blue,blue,blue,184.0,0.352112676056338,184.0,0,graded,ufc-master w odds.csv,direct,553.0,Manel Kape,Asu Almabayev,red,1.039612676056338,0.3386960203217612,0.5840315608547522,0.4159684391452478,0.0772724188234866,0.3297649687480916,0.3297649687480916,-1.0,underdog,2025,7.805538060150608,8.805538060150608,1.0
historical_market_outcomes_20260613_184833,2026-06-13T18:48:33.185521+00:00,d6c3b730dc9f21a5,2025-03-01,UFC Fight Night: Kape vs. Almabayev,moneyline,legacy_consensus,fighter:b7c5eb7cdbac6a63,b7c5eb7cdbac6a63,Danny Barlow,red,red,red,-245.0,0.7101449275362319,40.81632653061224,0,graded,ufc-master w odds.csv,direct,557.0,Danny Barlow,Sam Patterson,blue,1.0434782608695652,0.6805555555555556,0.7233904943205949,0.7233904943205949,0.0428349387650393,0.20501631217048222,0.20501631217048222,-1.0,favorite,2025,6.805538060150608,8.805538060150608,2.0
historical_market_outcomes_20260613_184833,2026-06-13T18:48:33.185521+00:00,79f1c9f97d83ec83,2025-03-08,UFC 313: Pereira vs. Ankalaev,moneyline,legacy_consensus,fighter:abcf2cc6efc42031,abcf2cc6efc42031,Iasmin Lucindo,blue,blue,blue,-136.0,0.576271186440678,73.52941176470588,0,graded,ufc-master w odds.csv,direct,546.0,Amanda Lemos,Iasmin Lucindo,red,1.039234149403641,0.5545152521896708,0.3864528628289458,0.6135471371710541,0.0590318849813833,0.24331589045313404,0.24331589045313404,-1.0,favorite,2025,5.805538060150608,8.805538060150608,3.0
historical_market_outcomes_20260613_184833,2026-06-13T18:48:33.185521+00:00,af3e43049bc86fe9,2025-03-08,UFC 313: Pereira vs. Ankalaev,moneyline,legacy_consensus,fighter:2f43a3e82661fa99,2f43a3e82661fa99,Rei Tsuruya,blue,blue,blue,132.0,0.4310344827586206,132.0,0,graded,ufc-master w odds.csv,direct,548.0,Joshua Van,Rei Tsuruya,red,1.0404094827586206,0.4142931123770068,0.5276228040421428,0.4723771959578572,0.0580840835808504,0.23564191673976137,0.23564191673976137,-1.0,underdog,2025,4.805538060150608,8.805538060150608,4.0
historical_market_outcomes_20260613_184833,2026-06-13T18:48:33.185521+00:00,1c62a7444808d97f,2025-03-15,UFC Fight Night: Vettori vs. Dolidze 2,moneyline,legacy_consensus,fighter:68d35296f566792b,68d35296f566792b,Josiane Nunes,red,red,red,-174.0,0.635036496350365,57.47126436781609,0,graded,ufc-master w odds.csv,direct,541.0,Josiane Nunes,Priscila Cachoeira,blue,1.0415405613910154,0.609708848498661,0.6693693803233975,0.6693693803233975,0.0596605318247365,0.25924570338786984,0.25924570338786984,-1.0,favorite,2025,3.8055380601506084,8.805538060150608,5.0
historical_market_outcomes_20260613_184833,2026-06-13T18:48:33.185521+00:00,5fa6543868367f4b,2025-03-15,UFC Fight Night: Vettori vs. Dolidze 2,moneyline,legacy_consensus,fighter:1b35af4d1529adf6,1b35af4d1529adf6,Stephanie Luciano,red,red,red,-168.0,0.6268656716417911,59.523809523809526,0,graded,ufc-master w odds.csv,direct,539.0,Stephanie Luciano,Sam Hughes,blue,1.0400888121376588,0.6027039848197344,0.6720529064866655,0.6720529064866655,0.069348921666931,0.30074023314435505,0.30074023314435505,-1.0,favorite,2025,2.8055380601506084,8.805538060150608,6.0
historical_market_outcomes_20260613_184833,2026-06-13T18:48:33.185521+00:00,67f7163e536d62e2,2025-03-15,UFC Fight Night: Vettori vs. Dolidze 2,moneyline,legacy_consensus,fighter:7acbb0972e75281a,7acbb0972e75281a,Marvin Vettori,red,red,red,-154.0,0.6062992125984252,64.93506493506493,0,graded,ufc-master w odds.csv,direct,530.0,Marvin Vettori,Roman Dolidze,blue,1.0410818212940771,0.5823742190069057,0.6340142381322739,0.6340142381322739,0.0516400191253682,0.2169495228328281,0.2169495228328281,-1.0,favorite,2025,1.8055380601506084,8.805538060150608,7.0
historical_market_outcomes_20260613_184833,2026-06-13T18:48:33.185521+00:00,d8f40b82364b6411,2025-03-15,UFC Fight Night: Vettori vs. Dolidze 2,moneyline,legacy_consensus,fighter:262a7d06203657e6,262a7d06203657e6,Alexander Hernandez,red,red,red,-200.0,0.6666666666666666,50.0,1,graded,ufc-master w odds.csv,direct,532.0,Alexander Hernandez,Kurt Holobaugh,red,1.0398009950248757,0.6411483253588516,0.6924720235480488,0.6924720235480488,0.0513236981891972,0.23135008818256753,0.23135008818256753,0.5,favorite,2025,2.3055380601506084,8.805538060150608,6.5
historical_market_outcomes_20260613_184833,2026-06-13T18:48:33.185521+00:00,8e6640c007ad603d,2025-03-22,UFC Fight Night: Edwards vs. Brady,moneyline,legacy_consensus,fighter:6d38e41efa47a72d,6d38e41efa47a72d,Jordan Vucenic,red,red,red,-330.0,0.7674418604651163,30.303030303030305,0,graded,ufc-master w odds.csv,direct,521.0,Jordan Vucenic,Chris Duncan,blue,1.0414144632048423,0.7369226063016213,0.7778220227135548,0.7778220227135548,0.0408994164119335,0.22298436189055537,0.22298436189055537,-1.0,favorite,2025,1.3055380601506084,8.805538060150608,7.5
historical_market_outcomes_20260613_184833,2026-06-13T18:48:33.185521+00:00,0f20c1d7c44fa5fe,2025-03-29,UFC Fight Night: Moreno vs. Erceg,moneyline,legacy_consensus,fighter:fe2babf95de24fb1,fe2babf95de24fb1,Raul Rosas Jr.,red,red,red,-480.0,0.8275862068965517,20.83333333333333,1,graded,ufc-master w odds.csv,direct,508.0,Raul Rosas Jr.,Vince Morales,red,1.0403521643433602,0.7954866008462623,0.8317209604621564,0.8317209604621564,0.036234359615894,0.23955294024807694,0.23955294024807694,0.2083333333333333,favorite,2025,1.5138713934839416,8.805538060150608,7.291666666666667
historical_market_outcomes_20260613_184833,2026-06-13T18:48:33.185521+00:00,55376d5c205fa844,2025-03-29,UFC Fight Night: Moreno vs. Erceg,moneyline,legacy_consensus,fighter:9a97acbfd5a08bfa,9a97acbfd5a08bfa,David Martinez,red,red,red,-770.0,0.8850574712643678,12.987012987012989,1,graded,ufc-master w odds.csv,direct,509.0,David Martinez,Saimon Oliveira,red,1.0413074712643675,0.849948258020007,0.8810100893139096,0.8810100893139096,0.0310618312939026,0.2678350790549031,0.2678350790549031,0.12987012987012989,favorite,2025,1.6437415233540715,8.805538060150608,7.161796536796537
historical_market_outcomes_20260613_184833,2026-06-13T18:48:33.185521+00:00,8fc8d66ad0074ab0,2025-03-29,UFC Fight Night: Moreno vs. Erceg,moneyline,legacy_consensus,fighter:2e7878927067fdca,2e7878927067fdca,Manuel Torres,red,red,red,-124.0,0.5535714285714286,80.64516129032258,1,graded,ufc-master w odds.csv,direct,506.0,Manuel Torres,Drew Dober,red,1.039008321775312,0.5327882529617888,0.5874581333671107,0.5874581333671107,0.0546698804053219,0.22212578908160047,0.22212578908160047,0.8064516129032258,favorite,2025,2.4501931362572975,8.805538060150608,6.355344923893311
historical_market_outcomes_20260613_184833,2026-06-13T18:48:33.185521+00:00,9f66d450af690df5,2025-03-29,UFC Fight Night: Moreno vs. Erceg,moneyline,legacy_consensus,fighter:e2be0c1a9b886d92,e2be0c1a9b886d92,MarQuel Mederos,red,red,red,-158.0,0.6124031007751938,63.29113924050633,1,graded,ufc-master w odds.csv,direct,516.0,MarQuel Mederos,Austin Hubbard,red,1.0397535281256212,0.5889887210858344,0.6721839845216117,0.6721839845216117,0.0831952634357772,0.35829318948060707,0.35829318948060707,0.6329113924050633,favorite,2025,3.0831045286623606,8.805538060150608,5.722433531488248
historical_market_outcomes_20260613_184833,2026-06-13T18:48:33.185521+00:00,ab4a91a59c01d6b6,2025-03-29,UFC Fight Night: Moreno vs. Erceg,moneyline,legacy_consensus,fighter:5ef94841c4bc3f86,5ef94841c4bc3f86,Edgar Chairez,red,red,red,-270.0,0.7297297297297297,37.03703703703704,1,graded,ufc-master w odds.csv,direct,507.0,Edgar Chairez,CJ Vergara,red,1.0422297297297298,0.7001620745542949,0.7450333560028449,0.7450333560028449,0.04487128144855,0.2242264986216287,0.2242264986216287,0.3703703703703704,favorite,2025,3.453474899032731,8.805538060150608,5.3520631611178775
historical_market_outcomes_20260613_184833,2026-06-13T18:48:33.185521+00:00,86a1be10255eea4e,2025-04-05,UFC Fight Night: Emmett vs. Murphy,moneyline,legacy_consensus,fighter:396fe87b84ac2e1c,396fe87b84ac2e1c,Lerone Murphy,blue,blue,blue,-320.0,0.7619047619047619,31.25,1,graded,ufc-master w odds.csv,direct,493.0,Josh Emmett,Lerone Murphy,blue,1.0396825396825395,0.7328244274809161,0.2260099629315773,0.7739900370684227,0.0411656095875065,0.22197978945517116,0.22197978945517116,0.3125,favorite,2025,3.765974899032731,8.805538060150608,5.0395631611178775
historical_market_outcomes_20260613_184833,2026-06-13T18:48:33.185521+00:00,de9422207df2de64,2025-04-05,UFC Fight Night: Emmett vs. Murphy,moneyline,legacy_consensus,fighter:6d68c1afe954f121,6d68c1afe954f121,Ode Osbourne,red,red,red,210.0,0.3225806451612903,210.0,1,graded,ufc-master w odds.csv,direct,497.0,Ode Osbourne,Luis Gurule,red,1.04089050431622,0.3099083369707551,0.4625429443661059,0.4625429443661059,0.1526346073953508,0.6504384121846774,0.6504384121846774,2.1,underdog,2025,5.8659748990327305,8.805538060150608,2.939563161117878
historical_market_outcomes_20260613_184833,2026-06-13T18:48:33.185521+00:00,4bbda6c1f6cf9d4e,2025-04-12,UFC 314: Volkanovski vs. Lopes,moneyline,legacy_consensus,fighter:4e6738062d469256,4e6738062d469256,Sedriques Dumas,red,red,red,160.0,0.3846153846153846,160.0,0,graded,ufc-master w odds.csv,direct,489.0,Sedriques Dumas,Michal Oleksiejczuk,blue,1.039787798408488,0.3698979591836735,0.4312281205670087,0.4312281205670087,0.0613301613833351,0.2558123874908652,0.2558123874908652,-1.0,underdog,2025,4.8659748990327305,8.805538060150608,3.939563161117878
historical_market_outcomes_20260613_184833,2026-06-13T18:48:33.185521+00:00,8c540eb4afe8c43e,2025-04-12,UFC 314: Volkanovski vs. Lopes,moneyline,legacy_consensus,fighter:d9c6f19f958643e9,d9c6f19f958643e9,Bryce Mitchell,red,red,red,172.0,0.3676470588235294,172.0,0,graded,ufc-master w odds.csv,direct,483.0,Bryce Mitchell,Jean Silva,blue,1.0397782063645131,0.3535821933688847,0.4482863098704331,0.4482863098704331,0.0947041165015483,0.3957329612425662,0.3957329612425662,-1.0,underdog,2025,3.8659748990327305,8.805538060150608,4.939563161117878
historical_market_outcomes_20260613_184833,2026-06-13T18:48:33.185521+00:00,633f4b5ec767769d,2025-04-26,UFC Fight Night: Machado Garry vs. Prates,moneyline,legacy_consensus,fighter:442c9011034ae1fd,442c9011034ae1fd,Ian Machado Garry,red,red,red,-164.0,0.6212121212121212,60.97560975609756,1,graded,ufc-master w odds.csv,direct,466.0,Ian Machado Garry,Carlos Prates,red,1.041380188439012,0.5965276928719893,0.676816981336357,0.676816981336357,0.0802892884643677,0.34816430223986977,0.34816430223986977,0.6097560975609756,favorite,2025,4.475730996593706,8.805538060150608,4.329807063556903
historical_market_outcomes_20260613_184833,2026-06-13T18:48:33.185521+00:00,c2c20a04a78d9143,2025-04-26,UFC Fight Night: Machado Garry vs. Prates,moneyline,legacy_consensus,fighter:2e45d08b3f2f02c8,2e45d08b3f2f02c8,Malcolm Wellmaker,red,red,red,-126.0,0.5575221238938053,79.36507936507937,1,graded,ufc-master w odds.csv,direct,476.0,Malcolm Wellmaker,Cameron Saaiman,red,1.038291354663036,0.5369611539091952,0.6067983589595136,0.6067983589595136,0.0698372050503184,0.285759179844993,0.285759179844993,0.7936507936507937,favorite,2025,5.269381790244499,8.805538060150608,3.536156269906109
historical_market_outcomes_20260613_184833,2026-06-13T18:48:33.185521+00:00,e7b3ca036835b7c2,2025-04-26,UFC Fight Night: Machado Garry vs. Prates,moneyline,legacy_consensus,fighter:bc7d1ad49fcb2d08,bc7d1ad49fcb2d08,Jaqueline Amorim,red,red,red,-900.0,0.9,11.11111111111111,1,graded,ufc-master w odds.csv,direct,477.0,Jaqueline Amorim,Polyana Viana,red,1.0408450704225352,0.86468200270636,0.8884483303480922,0.8884483303480922,0.0237663276417322,0.22025433520247573,0.22025433520247573,0.1111111111111111,favorite,2025,5.38049290135561,8.805538060150608,3.4250451587949984
historical_market_outcomes_20260613_184833,2026-06-13T18:48:33.185521+00:00,fbf83609dc96f32e,2025-04-26,UFC Fight Night: Machado Garry vs. Prates,moneyline,legacy_consensus,fighter:c6aee362c7a7d482,c6aee362c7a7d482,Randy Brown,red,red,red,-320.0,0.7619047619047619,31.25,1,graded,ufc-master w odds.csv,direct,470.0,Randy Brown,Nicolas Dalby,red,1.0396825396825395,0.7328244274809161,0.7793075492233908,0.7793075492233908,0.0464831217424747,0.25263553114675985,0.25263553114675985,0.3125,favorite,2025,5.69299290135561,8.805538060150608,3.1125451587949984
historical_market_outcomes_20260613_184833,2026-06-13T18:48:33.185521+00:00,2707dc2245335cc1,2025-05-03,UFC Fight Night: Sandhagen vs. Figueiredo,moneyline,legacy_consensus,fighter:3143bf892608139a,3143bf892608139a,Yana Santos,red,red,red,128.0,0.4385964912280701,128.0,1,graded,ufc-master w odds.csv,direct,460.0,Yana Santos,Miesha Tate,red,1.0417710944026732,0.4210104250200481,0.4729523032234833,0.4729523032234833,0.0519418782034351,0.21033037019434886,0.21033037019434886,1.28,underdog,2025,6.97299290135561,8.805538060150608,1.8325451587949981
historical_market_outcomes_20260613_184833,2026-06-13T18:48:33.185521+00:00,6ccd10adc968e1f0,2025-05-03,UFC Fight Night: Sandhagen vs. Figueiredo,moneyline,legacy_consensus,fighter:5c84f673b7bb7c15,5c84f673b7bb7c15,Cameron Smotherman,red,red,red,118.0,0.4587155963302752,118.0,0,graded,ufc-master w odds.csv,direct,458.0,Cameron Smotherman,Serhiy Sidey,blue,1.0385475291033843,0.4416895553411031,0.4938797831813341,0.4938797831813341,0.052190227840231,0.2098257982605869,0.2098257982605869,-1.0,underdog,2025,5.97299290135561,8.805538060150608,2.832545158794998
historical_market_outcomes_20260613_184833,2026-06-13T18:48:33.185521+00:00,9b3bade95e1dd484,2025-05-03,UFC Fight Night: Sandhagen vs. Figueiredo,moneyline,legacy_consensus,fighter:65f09bacd3957381,65f09bacd3957381,Cory Sandhagen,red,red,red,-520.0,0.8387096774193549,19.23076923076923,1,graded,ufc-master w odds.csv,direct,454.0,Cory Sandhagen,Deiveson Figueiredo,red,1.038709677419355,0.8074534161490683,0.8425170178853705,0.8425170178853705,0.0350636017363021,0.2435292129605331,0.2435292129605331,0.1923076923076923,favorite,2025,6.165300593663303,8.805538060150608,2.6402374664873056
historical_market_outcomes_20260613_184833,2026-06-13T18:48:33.185521+00:00,2521234a4bf7c615,2025-05-10,UFC 315: Muhammad vs. Della Maddalena,moneyline,legacy_consensus,fighter:dd6103dd7127db1d,dd6103dd7127db1d,Mike Malott,red,red,red,-200.0,0.6666666666666666,50.0,1,graded,ufc-master w odds.csv,direct,447.0,Mike Malott,Charles Radtke,red,1.0398009950248757,0.6411483253588516,0.6947148833555659,0.6947148833555659,0.0535665579967142,0.24190368658649797,0.24190368658649797,0.5,favorite,2025,6.665300593663303,8.805538060150608,2.1402374664873056
historical_market_outcomes_20260613_184833,2026-06-13T18:48:33.185521+00:00,99aa1f28e22bb6dd,2025-05-10,UFC 315: Muhammad vs. Della Maddalena,moneyline,legacy_consensus,fighter:b4b496ec2197ee3e,b4b496ec2197ee3e,Navajo Stirling,red,red,red,-330.0,0.7674418604651163,30.303030303030305,1,graded,ufc-master w odds.csv,direct,450.0,Navajo Stirling,Ivan Erslan,red,1.0414144632048423,0.7369226063016213,0.7742111713419947,0.7742111713419947,0.0372885650403733,0.20220987820983072,0.20220987820983072,0.30303030303030304,favorite,2025,6.9683308966936055,8.805538060150608,1.8372071634570029
historical_market_outcomes_20260613_184833,2026-06-13T18:48:33.185521+00:00,b3044bf646306e7f,2025-05-17,UFC Fight Night: Burns vs. Morales,moneyline,legacy_consensus,fighter:71505842fb6455c3,71505842fb6455c3,Dustin Stoltzfus,red,red,red,198.0,0.3355704697986577,198.0,0,graded,ufc-master w odds.csv,direct,433.0,Dustin Stoltzfus,Nursulton Ruziboev,blue,1.0414528227398343,0.3222137983320697,0.3851921795620804,0.3851921795620804,0.0629783812300107,0.2760492518084085,0.2760492518084085,-1.0,underdog,2025,5.9683308966936055,8.805538060150608,2.837207163457003
historical_market_outcomes_20260613_184833,2026-06-13T18:48:33.185521+00:00,305d8c85b35a7d4e,2025-05-31,UFC Fight Night: Blanchfield vs. Barber,moneyline,legacy_consensus,fighter:fa07345cc9db5cc9,fa07345cc9db5cc9,Billy Ray Goff,red,red,red,-405.0,0.801980198019802,24.69135802469136,0,graded,ufc-master w odds.csv,direct,423.0,Billy Ray Goff,Ramiz Brahimaj,blue,1.0400754361150402,0.771078875793291,0.8074015923917649,0.8074015923917649,0.0363227165984738,0.21880078608298925,0.21880078608298925,-1.0,favorite,2025,4.9683308966936055,8.805538060150608,3.837207163457003
historical_market_outcomes_20260613_184833,2026-06-13T18:48:33.185521+00:00,7aaa810540132a4b,2025-05-31,UFC Fight Night: Blanchfield vs. Barber,moneyline,legacy_consensus,fighter:0abcf6bc47191219,0abcf6bc47191219,Bruno Lopes,blue,blue,blue,162.0,0.3816793893129771,162.0,0,graded,ufc-master w odds.csv,direct,424.0,Dustin Jacoby,Bruno Lopes,red,1.0415433348912084,0.3664556015356235,0.5740053142610113,0.4259946857389887,0.0595390842033651,0.2492409263269515,0.2492409263269515,-1.0,underdog,2025,3.9683308966936055,8.805538060150608,4.837207163457003
historical_market_outcomes_20260613_184833,2026-06-13T18:48:33.185521+00:00,01100a90b584215d,2025-06-07,UFC 316: Dvalishvili vs. O'Malley 2,moneyline,legacy_consensus,fighter:49edd0d90f60fb7d,49edd0d90f60fb7d,Brendson Ribeiro,blue,blue,blue,460.0,0.1785714285714285,460.0,0,graded,ufc-master w odds.csv,direct,415.0,Azamat Murzakanov,Brendson Ribeiro,red,1.0396825396825398,0.1717557251908396,0.7844166510765969,0.2155833489234031,0.0438276237325634,0.2816421465994243,0.2816421465994243,-1.0,underdog,2025,2.9683308966936055,8.805538060150608,5.837207163457003
historical_market_outcomes_20260613_184833,2026-06-13T18:48:33.185521+00:00,2129acab2280bd29,2025-06-07,UFC 316: Dvalishvili vs. O'Malley 2,moneyline,legacy_consensus,fighter:3a46b268013afede,3a46b268013afede,Kevin Holland,blue,blue,blue,-180.0,0.6428571428571429,55.55555555555556,1,graded,ufc-master w odds.csv,direct,413.0,Vicente Luque,Kevin Holland,blue,1.0396825396825398,0.6183206106870229,0.3270238150023909,0.672976184997609,0.0546555743105861,0.23925079644204722,0.23925079644204722,0.5555555555555556,favorite,2025,3.523886452249161,8.805538060150608,5.2816516079014475
historical_market_outcomes_20260613_184833,2026-06-13T18:48:33.185521+00:00,2e4064e0e6d4d92e,2025-06-07,UFC 316: Dvalishvili vs. O'Malley 2,moneyline,legacy_consensus,fighter:17734443a833cdf7,17734443a833cdf7,Quillan Salkilld,red,red,red,-420.0,0.8076923076923077,23.80952380952381,1,graded,ufc-master w odds.csv,direct,420.0,Quillan Salkilld,Yanal Ashmouz,red,1.0402504472271914,0.7764402407566638,0.823043773194487,0.823043773194487,0.0466035324378231,0.29206606841275073,0.29206606841275073,0.2380952380952381,favorite,2025,3.761981690344399,8.805538060150608,5.043556369806209
historical_market_outcomes_20260613_184833,2026-06-13T18:48:33.185521+00:00,ac977a0389682124,2025-06-07,UFC 316: Dvalishvili vs. O'Malley 2,moneyline,legacy_consensus,fighter:e2f6b2769aaedd6c,e2f6b2769aaedd6c,Serghei Spivac,red,red,red,-168.0,0.6268656716417911,59.523809523809526,0,graded,ufc-master w odds.csv,direct,416.0,Serghei Spivac,Waldo Cortes Acosta,blue,1.0400888121376588,0.6027039848197344,0.6589435980299511,0.6589435980299511,0.0562396132102166,0.24184553929288433,0.24184553929288433,-1.0,favorite,2025,2.761981690344399,8.805538060150608,6.043556369806209
historical_market_outcomes_20260613_184833,2026-06-13T18:48:33.185521+00:00,ab325ea526824723,2025-06-14,UFC Fight Night: Usman vs. Buckley,moneyline,legacy_consensus,fighter:5c637af9472ae7cc,5c637af9472ae7cc,Jamey-Lyn Horth,red,red,red,-620.0,0.8611111111111112,16.129032258064516,1,graded,ufc-master w odds.csv,direct,408.0,Jamey-Lyn Horth,Vanessa Demopoulos,red,1.0396825396825398,0.8282442748091603,0.8630726056622734,0.8630726056622734,0.0348283308531131,0.26781313847290256,0.26781313847290256,0.16129032258064516,favorite,2025,2.923272012925044,8.805538060150608,5.882266047225564
historical_market_outcomes_20260613_184833,2026-06-13T18:48:33.185521+00:00,ec2034b134ae71cd,2025-06-14,UFC Fight Night: Usman vs. Buckley,moneyline,legacy_consensus,fighter:46e2011d92463b7e,46e2011d92463b7e,Oumar Sy,blue,blue,blue,-670.0,0.8701298701298701,14.92537313432836,0,graded,ufc-master w odds.csv,direct,401.0,Alonzo Menifield,Oumar Sy,red,1.039621395553599,0.8369680287952572,0.1187398260920991,0.8812601739079008,0.0442921451126435,0.36857858624037476,0.36857858624037476,-1.0,favorite,2025,1.923272012925044,8.805538060150608,6.882266047225564
historical_market_outcomes_20260613_184833,2026-06-13T18:48:33.185521+00:00,5fcf18bcd2a020f1,2025-06-21,UFC Fight Night: Hill vs. Rountree Jr.,moneyline,legacy_consensus,fighter:6a96ad1bc34fb113,6a96ad1bc34fb113,Ismail Naurdiev,red,red,red,160.0,0.3846153846153846,160.0,0,graded,ufc-master w odds.csv,direct,391.0,Ismail Naurdiev,JunYong Park,blue,1.039787798408488,0.3698979591836735,0.4267012656716997,0.4267012656716997,0.0568033064880262,0.23733181836664302,0.23733181836664302,-1.0,underdog,2025,0.923272012925044,8.805538060150608,7.882266047225564
historical_market_outcomes_20260613_184833,2026-06-13T18:48:33.185521+00:00,7513a00037094075,2025-06-21,UFC Fight Night: Hill vs. Rountree Jr.,moneyline,legacy_consensus,fighter:ff62013d2fce6d13,ff62013d2fce6d13,Nazim Sadykhov,red,red,red,-420.0,0.8076923076923077,23.80952380952381,1,graded,ufc-master w odds.csv,direct,388.0,Nazim Sadykhov,Nikolas Motta,red,1.0402504472271914,0.7764402407566638,0.8123332838844894,0.8123332838844894,0.0358930431278256,0.22020217871853687,0.22020217871853687,0.2380952380952381,favorite,2025,1.1613672510202822,8.805538060150608,7.644170809130326
historical_market_outcomes_20260613_184833,2026-06-13T18:48:33.185521+00:00,e512b80bbaea36c2,2025-06-21,UFC Fight Night: Hill vs. Rountree Jr.,moneyline,legacy_consensus,fighter:4a07b1988477502c,4a07b1988477502c,Seokhyeon Ko,red,red,red,370.0,0.2127659574468085,370.0,1,graded,ufc-master w odds.csv,direct,390.0,Seokhyeon Ko,Oban Elliott,red,1.0403521643433602,0.2045133991537376,0.2494076520836882,0.2494076520836882,0.0448942529299506,0.2565465317978213,0.2565465317978213,3.7,underdog,2025,4.861367251020282,8.805538060150608,3.944170809130326
historical_market_outcomes_20260613_184833,2026-06-13T18:48:33.185521+00:00,fff3218758c513b8,2025-06-21,UFC Fight Night: Hill vs. Rountree Jr.,moneyline,legacy_consensus,fighter:07047eb7d17fb0a2,07047eb7d17fb0a2,Daria Zhelezniakova,red,red,red,205.0,0.3278688524590163,205.0,1,graded,ufc-master w odds.csv,direct,392.0,Daria Zhelezniakova,Melissa Mullins,red,1.0421545667447307,0.3146067415730336,0.3608841938656065,0.3608841938656065,0.0462774522925729,0.20714080003539992,0.20714080003539992,2.05,underdog,2025,6.911367251020282,8.805538060150608,1.8941708091303262
historical_market_outcomes_20260613_184833,2026-06-13T18:48:33.185521+00:00,46bc1338a50cbeac,2025-07-12,UFC Fight Night: Lewis vs. Teixeira,moneyline,legacy_consensus,fighter:de594b35c45c2e9a,de594b35c45c2e9a,Eduarda Moura,blue,blue,blue,-650.0,0.8666666666666667,15.384615384615383,1,graded,ufc-master w odds.csv,direct,369.0,Lauren Murphy,Eduarda Moura,blue,1.058974358974359,0.8184019370460048,0.1427431750933615,0.8572568249066385,0.0388548878606336,0.2871327335714804,0.2871327335714804,0.15384615384615383,favorite,2025,7.065213404866436,8.805538060150608,1.740324655284172
historical_market_outcomes_20260613_184833,2026-06-13T18:48:33.185521+00:00,7f33fbdc35afd721,2025-07-12,UFC Fight Night: Lewis vs. Teixeira,moneyline,legacy_consensus,fighter:e99eb0ef25885de5,e99eb0ef25885de5,Mitch Ramirez,red,red,red,520.0,0.1612903225806451,520.0,0,graded,ufc-master w odds.csv,direct,371.0,Mitch Ramirez,Mike Davis,blue,1.0612903225806452,0.1519756838905775,0.2028740623986107,0.2028740623986107,0.0508983785080331,0.35076149978189153,0.35076149978189153,-1.0,underdog,2025,6.065213404866436,8.805538060150608,2.740324655284172
historical_market_outcomes_20260613_184833,2026-06-13T18:48:33.185521+00:00,582d66ce97309e29,2025-07-26,UFC Fight Night: Whittaker vs. De Ridder,moneyline,legacy_consensus,fighter:06734ca9d88dec3a,06734ca9d88dec3a,Shara Magomedov,red,red,red,-650.0,0.8666666666666667,15.384615384615383,1,graded,ufc-master w odds.csv,direct,337.0,Shara Magomedov,Marc-Andre Barriault,red,1.039080459770115,0.8340707964601769,0.8616870734189798,0.8616870734189798,0.0276162769588028,0.2146164049777648,0.2146164049777648,0.15384615384615383,favorite,2025,6.2190595587125905,8.805538060150608,2.586478501438018
historical_market_outcomes_20260613_184833,2026-06-13T18:48:33.185521+00:00,07c2af68b6dbc4ec,2025-08-02,UFC Fight Night: Taira vs. Park,moneyline,legacy_consensus,fighter:d3f89fa685bd8420,d3f89fa685bd8420,Austin Bashi,red,red,red,-1150.0,0.92,8.695652173913043,1,graded,ufc-master w odds.csv,direct,332.0,Austin Bashi,John Yannis,red,1.0404819277108437,0.8842056507642426,0.9138128523812468,0.9138128523812468,0.0296072016170042,0.32823082092787903,0.32823082092787903,0.08695652173913043,favorite,2025,6.306016080451721,8.805538060150608,2.499521979698887
historical_market_outcomes_20260613_184833,2026-06-13T18:48:33.185521+00:00,282c8c6c1ed82bfb,2025-08-02,UFC Fight Night: Taira vs. Park,moneyline,legacy_consensus,fighter:4461d7e47375a895,4461d7e47375a895,Tatsuro Taira,red,red,red,-275.0,0.7333333333333333,36.36363636363637,1,graded,ufc-master w odds.csv,direct,323.0,Tatsuro Taira,HyunSung Park,red,1.0036036036036036,0.7307001795332136,0.7760094757643167,0.7760094757643167,0.045309296231103,0.24438309135782377,0.24438309135782377,0.36363636363636365,favorite,2025,6.669652444088085,8.805538060150608,2.1358856160625237
historical_market_outcomes_20260613_184833,2026-06-13T18:48:33.185521+00:00,878941394f9e3538,2025-08-02,UFC Fight Night: Taira vs. Park,moneyline,legacy_consensus,fighter:48a9a128784d53d1,48a9a128784d53d1,Elves Brener,red,red,red,215.0,0.3174603174603174,215.0,0,graded,ufc-master w odds.csv,direct,325.0,Elves Brener,Esteban Ribovics,blue,1.0396825396825395,0.3053435114503817,0.3507585010338163,0.3507585010338163,0.0454149895834346,0.20627325098842386,0.20627325098842386,-1.0,underdog,2025,5.669652444088085,8.805538060150608,3.1358856160625237
historical_market_outcomes_20260613_184833,2026-06-13T18:48:33.185521+00:00,ac57250e3de89d5d,2025-08-02,UFC Fight Night: Taira vs. Park,moneyline,legacy_consensus,fighter:84b3e7d38f2d2ec5,84b3e7d38f2d2ec5,Neil Magny,red,red,red,134.0,0.4273504273504273,134.0,1,graded,ufc-master w odds.csv,direct,327.0,Neil Magny,Elizeu Zaleski dos Santos,red,1.0397535281256212,0.4110112789141655,0.4728198815921399,0.4728198815921399,0.0618086026779744,0.2509586226198034,0.2509586226198034,1.34,underdog,2025,7.0096524440880845,8.805538060150608,1.7958856160625238
historical_market_outcomes_20260613_184833,2026-06-13T18:48:33.185521+00:00,b47db03affb279c3,2025-08-02,UFC Fight Night: Taira vs. Park,moneyline,legacy_consensus,fighter:83455a9d17f57dae,83455a9d17f57dae,Rafael Estevam,red,red,red,-670.0,0.8701298701298701,14.92537313432836,1,graded,ufc-master w odds.csv,direct,333.0,Rafael Estevam,Felipe Bunes,red,1.039621395553599,0.8369680287952572,0.8802405890671016,0.8802405890671016,0.0432725602718443,0.3588708969550958,0.3588708969550958,0.1492537313432836,favorite,2025,7.158906175431368,8.805538060150608,1.6466318847192403
historical_market_outcomes_20260613_184833,2026-06-13T18:48:33.185521+00:00,eeeffa7f514e0c0e,2025-08-02,UFC Fight Night: Taira vs. Park,moneyline,legacy_consensus,fighter:a2d342ffc83913ed,a2d342ffc83913ed,Nathan Fletcher,blue,blue,blue,290.0,0.2564102564102564,290.0,0,graded,ufc-master w odds.csv,direct,329.0,Rinya Nakamura,Nathan Fletcher,red,1.0390189520624302,0.2467811158798283,0.7071356289424836,0.2928643710575164,0.046083255177688,0.23434121477729863,0.23434121477729863,-1.0,underdog,2025,6.158906175431368,8.805538060150608,2.6466318847192403
historical_market_outcomes_20260613_184833,2026-06-13T18:48:33.185521+00:00,3d6571790c21527c,2025-08-09,UFC Fight Night: Dolidze vs. Hernandez,moneyline,legacy_consensus,fighter:6add18754930182b,6add18754930182b,Julius Walker,red,red,red,-750.0,0.8823529411764706,13.333333333333334,1,graded,ufc-master w odds.csv,direct,317.0,Julius Walker,Rafael Cerqueira,red,1.0410830999066292,0.8475336322869956,0.8902800904532959,0.8902800904532959,0.0427464581663002,0.37821878947900345,0.37821878947900345,0.13333333333333333,favorite,2025,6.292239508764702,8.805538060150608,2.5132985513859065
historical_market_outcomes_20260613_184833,2026-06-13T18:48:33.185521+00:00,646c79a7ecd12e5f,2025-08-09,UFC Fight Night: Dolidze vs. Hernandez,moneyline,legacy_consensus,fighter:abcf2cc6efc42031,abcf2cc6efc42031,Iasmin Lucindo,red,red,red,-172.0,0.6323529411764706,58.13953488372093,1,graded,ufc-master w odds.csv,direct,313.0,Iasmin Lucindo,Angela Hill,red,1.042189006750241,0.6067545685866297,0.6904690048672818,0.6904690048672818,0.0837144362806521,0.3686224011295823,0.3686224011295823,0.5813953488372092,favorite,2025,6.873634857601911,8.805538060150608,1.931903202548697
historical_market_outcomes_20260613_184833,2026-06-13T18:48:33.185521+00:00,ae7a8f19743e8154,2025-08-09,UFC Fight Night: Dolidze vs. Hernandez,moneyline,legacy_consensus,fighter:7478b7f959ba61f5,7478b7f959ba61f5,Elijah Smith,red,red,red,-820.0,0.8913043478260869,12.195121951219512,1,graded,ufc-master w odds.csv,direct,318.0,Elijah Smith,Toshiomi Kazama,red,1.0405580791693705,0.8565637667602121,0.8935270796131888,0.8935270796131888,0.0369633128529767,0.34024776072429197,0.34024776072429197,0.12195121951219512,favorite,2025,6.9955860771141065,8.805538060150608,1.8099519830365018
historical_market_outcomes_20260613_184833,2026-06-13T18:48:33.185521+00:00,aef44145740741b3,2025-08-09,UFC Fight Night: Dolidze vs. Hernandez,moneyline,legacy_consensus,fighter:f9ab66e67240db7b,f9ab66e67240db7b,Joselyne Edwards,red,red,red,-420.0,0.8076923076923077,23.80952380952381,1,graded,ufc-master w odds.csv,direct,319.0,Joselyne Edwards,Priscila Cachoeira,red,1.0402504472271914,0.7764402407566638,0.823595363610679,0.823595363610679,0.0471551228540151,0.295857996704072,0.295857996704072,0.2380952380952381,favorite,2025,7.233681315209345,8.805538060150608,1.5718567449412637
historical_market_outcomes_20260613_184833,2026-06-13T18:48:33.185521+00:00,1d8dc0fb5d47357f,2025-08-16,UFC 319: Du Plessis vs. Chimaev,moneyline,legacy_consensus,fighter:971246648e162f0d,971246648e162f0d,Chase Hooper,red,red,red,-375.0,0.7894736842105263,26.666666666666668,0,graded,ufc-master w odds.csv,direct,307.0,Chase Hooper,Alexander Hernandez,blue,1.0394736842105263,0.759493670886076,0.8065273570087071,0.8065273570087071,0.0470336861226311,0.2776961120050696,0.2776961120050696,-1.0,favorite,2025,6.233681315209345,8.805538060150608,2.5718567449412637
historical_market_outcomes_20260613_184833,2026-06-13T18:48:33.185521+00:00,5b880d10b0ed7acc,2025-08-16,UFC 319: Du Plessis vs. Chimaev,moneyline,legacy_consensus,fighter:6ac9bc2953c47345,6ac9bc2953c47345,Gerald Meerschaert,red,red,red,180.0,0.3571428571428571,180.0,0,graded,ufc-master w odds.csv,direct,305.0,Gerald Meerschaert,Michal Oleksiejczuk,blue,1.0345622119815667,0.3452115812917595,0.3935037568489424,0.3935037568489424,0.0482921755571829,0.20754673144169716,0.20754673144169716,-1.0,underdog,2025,5.233681315209345,8.805538060150608,3.5718567449412637
historical_market_outcomes_20260613_184833,2026-06-13T18:48:33.185521+00:00,0b1460c666e66d39,2025-08-23,UFC Fight Night: Walker vs. Zhang,moneyline,legacy_consensus,fighter:b2a78df161bd67f9,b2a78df161bd67f9,Gauge Young,blue,blue,blue,-138.0,0.5798319327731093,72.46376811594203,1,graded,ufc-master w odds.csv,direct,292.0,Maheshate,Gauge Young,blue,1.0385475291033843,0.5583104446588969,0.3731326069841137,0.6268673930158862,0.0685569483569893,0.28449326441941863,0.28449326441941863,0.7246376811594203,favorite,2025,5.958318996368765,8.805538060150608,2.8472190637818438
historical_market_outcomes_20260613_184833,2026-06-13T18:48:33.185521+00:00,1452c20d964c0a63,2025-08-23,UFC Fight Night: Walker vs. Zhang,moneyline,legacy_consensus,fighter:7498b3ac79a3b948,7498b3ac79a3b948,Taiyilake Nueraji,red,red,red,-510.0,0.8360655737704918,19.607843137254903,1,graded,ufc-master w odds.csv,direct,291.0,Taiyilake Nueraji,Kiefer Crosbie,red,1.040147206423553,0.8037954326149888,0.8491305721867344,0.8491305721867344,0.0453351395717456,0.3176112498278876,0.3176112498278876,0.19607843137254904,favorite,2025,6.154397427741314,8.805538060150608,2.6511406324092945
historical_market_outcomes_20260613_184833,2026-06-13T18:48:33.185521+00:00,2eecf0c36192e40c,2025-08-23,UFC Fight Night: Walker vs. Zhang,moneyline,legacy_consensus,fighter:c21f26bbde777573,c21f26bbde777573,Johnny Walker,red,red,red,295.0,0.2531645569620253,295.0,1,graded,ufc-master w odds.csv,direct,287.0,Johnny Walker,Zhang Mingyang,red,1.0403985995152167,0.243334196220554,0.2826243234016269,0.2826243234016269,0.0392901271810729,0.20300476687661528,0.20300476687661528,2.95,underdog,2025,9.104397427741315,9.104397427741315,0.0
historical_market_outcomes_20260613_184833,2026-06-13T18:48:33.185521+00:00,f0b7caa90faf47e5,2025-08-23,UFC Fight Night: Walker vs. Zhang,moneyline,legacy_consensus,fighter:3f11fd1751fa83b1,3f11fd1751fa83b1,Yizha,red,red,red,-950.0,0.9047619047619048,10.526315789473683,1,graded,ufc-master w odds.csv,direct,296.0,Yizha,Westin Wilson,red,1.03989703989704,0.870049504950495,0.9000255138486465,0.9000255138486465,0.0299760088981514,0.29611155504180475,0.29611155504180475,0.10526315789473684,favorite,2025,9.209660585636051,9.209660585636051,0.0
historical_market_outcomes_20260613_184833,2026-06-13T18:48:33.185521+00:00,5cd2dd6075fadcce,2025-09-06,UFC Fight Night: Imavov vs. Borralho,moneyline,legacy_consensus,fighter:2dbc60c52de126d8,2dbc60c52de126d8,Harry Hardwick,red,red,red,176.0,0.3623188405797101,176.0,0,graded,ufc-master w odds.csv,direct,282.0,Harry Hardwick,Kaue Fernandes,blue,0.6289855072463768,0.576036866359447,0.6532403894348106,0.6532403894348106,0.0772035230753636,0.32678825718143195,0.32678825718143195,-1.0,favorite,2025,8.209660585636051,9.209660585636051,1.0
historical_market_outcomes_20260613_184833,2026-06-13T18:48:33.185521+00:00,d56a59a4c79cf515,2025-09-06,UFC Fight Night: Imavov vs. Borralho,moneyline,legacy_consensus,fighter:2caf993f53541fa1,2caf993f53541fa1,Andreas Gustafsson,red,red,red,-132.0,0.5689655172413793,75.75757575757575,0,graded,ufc-master w odds.csv,direct,285.0,Andreas Gustafsson,Rinat Fakhretdinov,blue,1.0406636304489263,0.5467333541731791,0.6222989971148845,0.6222989971148845,0.0755656429417053,0.3118371554342412,0.3118371554342412,-1.0,favorite,2025,7.209660585636051,9.209660585636051,2.0
historical_market_outcomes_20260613_184833,2026-06-13T18:48:33.185521+00:00,352839a03b428e74,2025-09-13,UFC Fight Night: Lopes vs. Silva,moneyline,legacy_consensus,fighter:d747eb273a40a920,d747eb273a40a920,Claudio Puelles,red,red,red,-134.0,0.5726495726495726,74.6268656716418,0,graded,ufc-master w odds.csv,direct,267.0,Claudio Puelles,Joaquim Silva,blue,1.2500689274882824,0.4580943978826642,0.5377576786319006,0.5377576786319006,0.0796632807492363,0.3193353371735097,0.3193353371735097,-1.0,underdog,2025,6.209660585636051,9.209660585636051,3.0
historical_market_outcomes_20260613_184833,2026-06-13T18:48:33.185521+00:00,7cbfeba85f86d1bf,2025-09-13,UFC Fight Night: Lopes vs. Silva,moneyline,legacy_consensus,fighter:e132d47bd9efbbe0,e132d47bd9efbbe0,Rafa Garcia,red,red,red,152.0,0.3968253968253968,152.0,1,graded,ufc-master w odds.csv,direct,262.0,Rafa Garcia,Jared Gordon,red,1.0396825396825398,0.381679389312977,0.4632846998515093,0.4632846998515093,0.0816053105385322,0.33530013024328553,0.33530013024328553,1.52,underdog,2025,7.729660585636051,9.209660585636051,1.4800000000000004
historical_market_outcomes_20260613_184833,2026-06-13T18:48:33.185521+00:00,8a884a7930d75ca9,2025-09-13,UFC Fight Night: Lopes vs. Silva,moneyline,legacy_consensus,fighter:faf317c665546a36,faf317c665546a36,Santiago Luna,red,red,red,-154.0,0.6062992125984252,64.93506493506493,1,graded,ufc-master w odds.csv,direct,265.0,Santiago Luna,Quang Le,red,1.1981359472923028,0.5060354077253219,0.5627838491464177,0.5627838491464177,0.0567484414210958,0.22832512679768013,0.22832512679768013,0.6493506493506493,favorite,2025,8.3790112349867,9.209660585636051,0.8306493506493506
historical_market_outcomes_20260613_184833,2026-06-13T18:48:33.185521+00:00,9474f64347aade7a,2025-09-13,UFC Fight Night: Lopes vs. Silva,moneyline,legacy_consensus,fighter:b08012bbe542592a,b08012bbe542592a,Tatiana Suarez,red,red,red,-430.0,0.8113207547169812,23.25581395348837,1,graded,ufc-master w odds.csv,direct,268.0,Tatiana Suarez,Amanda Lemos,red,1.0385934819897085,0.7811725846407928,0.827260943310428,0.827260943310428,0.0460883586696352,0.2938253192207212,0.2938253192207212,0.23255813953488372,favorite,2025,8.611569374521585,9.209660585636051,0.5980912111144665
historical_market_outcomes_20260613_184833,2026-06-13T18:48:33.185521+00:00,de1a3734be60e6a1,2025-09-13,UFC Fight Night: Lopes vs. Silva,moneyline,legacy_consensus,fighter:f166e93d04a8c274,f166e93d04a8c274,Diego Lopes,red,red,red,176.0,0.3623188405797101,176.0,1,graded,ufc-master w odds.csv,direct,260.0,Diego Lopes,Jean Silva,red,1.0397381954184195,0.3484712230215828,0.4185115047976077,0.4185115047976077,0.0700402817760248,0.2968791060024611,0.2968791060024611,1.76,underdog,2025,10.371569374521584,10.371569374521584,0.0
historical_market_outcomes_20260613_184833,2026-06-13T18:48:33.185521+00:00,87dcb3eab20f6ac1,2025-11-08,UFC Fight Night: Bonfim vs. Brown,moneyline,legacy_consensus,fighter:955da1675ad58a50,955da1675ad58a50,Josh Hokit,red,red,red,-430.0,0.8113207547169812,23.25581395348837,1,graded,ufc-master w odds.csv,direct,179.0,Josh Hokit,Max Gimenis,red,1.0385934819897085,0.7811725846407928,0.8146033176211501,0.8146033176211501,0.0334307329803573,0.20769076626509375,0.20769076626509375,0.23255813953488372,favorite,2025,10.604127514056469,10.604127514056469,0.0
historical_market_outcomes_20260613_184833,2026-06-13T18:48:33.185521+00:00,00ee51bba08b7a08,2025-11-22,UFC Fight Night: Tsarukyan vs. Hooker,moneyline,legacy_consensus,fighter:f00ac08ab056af5d,f00ac08ab056af5d,Tagir Ulanbekov,red,red,red,-235.0,0.7014925373134329,42.5531914893617,0,graded,ufc-master w odds.csv,direct,148.0,Tagir Ulanbekov,Kyoji Horiguchi,blue,1.0416285917352015,0.6734574519933717,0.7189872993077496,0.7189872993077496,0.0455298473143779,0.21557926300573182,0.21557926300573182,-1.0,favorite,2025,9.604127514056469,10.604127514056469,1.0
historical_market_outcomes_20260613_184833,2026-06-13T18:48:33.185521+00:00,335064c3380e2f10,2025-11-22,UFC Fight Night: Tsarukyan vs. Hooker,moneyline,legacy_consensus,fighter:6a96ad1bc34fb113,6a96ad1bc34fb113,Ismail Naurdiev,red,red,red,-124.0,0.5535714285714286,80.64516129032258,1,graded,ufc-master w odds.csv,direct,154.0,Ismail Naurdiev,Ryan Loder,red,1.039008321775312,0.5327882529617888,0.5986910626956579,0.5986910626956579,0.065902809733869,0.2686726655121118,0.2686726655121118,0.8064516129032258,favorite,2025,10.410579126959695,10.604127514056469,0.19354838709677402
historical_market_outcomes_20260613_184833,2026-06-13T18:48:33.185521+00:00,46f81d5ecd974c1c,2025-11-22,UFC Fight Night: Tsarukyan vs. Hooker,moneyline,legacy_consensus,fighter:ca28cdf526d6b6e9,ca28cdf526d6b6e9,Nurullo Aliev,red,red,red,-320.0,0.7619047619047619,31.25,1,graded,ufc-master w odds.csv,direct,155.0,Nurullo Aliev,Shem Rock,red,1.0396825396825395,0.7328244274809161,0.7865956111276895,0.7865956111276895,0.0537711836467733,0.29552524538778746,0.29552524538778746,0.3125,favorite,2025,10.723079126959695,10.723079126959695,0.0
historical_market_outcomes_20260613_184833,2026-06-13T18:48:33.185521+00:00,5f5b626e67529056,2025-11-22,UFC Fight Night: Tsarukyan vs. Hooker,moneyline,legacy_consensus,fighter:eae48ff31db420c2,eae48ff31db420c2,Arman Tsarukyan,red,red,red,-750.0,0.8823529411764706,13.333333333333334,1,graded,ufc-master w odds.csv,direct,143.0,Arman Tsarukyan,Dan Hooker,red,1.0410830999066292,0.8475336322869956,0.8745059254960712,0.8745059254960712,0.0269722932090755,0.22601403751061988,0.22601403751061988,0.13333333333333333,favorite,2025,10.856412460293027,10.856412460293027,0.0
historical_market_outcomes_20260613_184833,2026-06-13T18:48:33.185521+00:00,6f0231915cc28507,2025-11-22,UFC Fight Night: Tsarukyan vs. Hooker,moneyline,legacy_consensus,fighter:4a6dff1b260bcf61,4a6dff1b260bcf61,Aleksandre Topuria,blue,blue,blue,-138.0,0.5798319327731093,72.46376811594203,1,graded,ufc-master w odds.csv,direct,153.0,Bekzat Almakhan,Aleksandre Topuria,blue,1.0385475291033843,0.5583104446588969,0.3916207301334701,0.6083792698665299,0.050068825207633,0.2061967520540774,0.2061967520540774,0.7246376811594203,favorite,2025,11.581050141452447,11.581050141452447,0.0
historical_market_outcomes_20260613_184833,2026-06-13T18:48:33.185521+00:00,f5564a9eeebd4ea0,2025-11-22,UFC Fight Night: Tsarukyan vs. Hooker,moneyline,legacy_consensus,fighter:95aff2fd8d09a5f0,95aff2fd8d09a5f0,Abdul Rakhman Yakhyaev,red,red,red,-1600.0,0.9411764705882352,6.25,1,graded,ufc-master w odds.csv,direct,152.0,Abdul Rakhman Yakhyaev,Rafael Cerqueira,red,1.0411764705882354,0.9039548022598868,0.9250463240069282,0.9250463240069282,0.0210915217470413,0.271013075804202,0.271013075804202,0.0625,favorite,2025,11.643550141452447,11.643550141452447,0.0
historical_market_outcomes_20260613_184833,2026-06-13T18:48:33.185521+00:00,93ca562453f65b8d,2025-12-13,UFC Fight Night: Royval vs. Kape,moneyline,legacy_consensus,fighter:20bccc9bb4ceb23e,20bccc9bb4ceb23e,Melquizael Costa,red,red,red,-164.0,0.6212121212121212,60.97560975609756,1,graded,ufc-master w odds.csv,direct,120.0,Melquizael Costa,Morgan Charriere,red,1.041380188439012,0.5965276928719893,0.6566053214713181,0.6566053214713181,0.0600776285993288,0.25718484533831926,0.25718484533831926,0.6097560975609756,favorite,2025,12.253306239013423,12.253306239013423,0.0
historical_market_outcomes_20260613_184833,2026-06-13T18:48:33.185521+00:00,ac56a1052c4c8f63,2025-12-13,UFC Fight Night: Royval vs. Kape,moneyline,legacy_consensus,fighter:73a78713bd899f4c,73a78713bd899f4c,Allen Frye Jr.,red,red,red,158.0,0.3875968992248062,158.0,0,graded,ufc-master w odds.csv,direct,127.0,Allen Frye Jr.,Guilherme Pat,blue,1.040374677002584,0.3725551071095933,0.4222407923367937,0.4222407923367937,0.0496856852272004,0.2076894447550472,0.2076894447550472,-1.0,underdog,2025,11.253306239013423,12.253306239013423,1.0
historical_market_outcomes_20260613_184833,2026-06-13T18:48:33.185521+00:00,d000cb692343cdcd,2025-12-13,UFC Fight Night: Royval vs. Kape,moneyline,legacy_consensus,fighter:084532da3d25f3b8,084532da3d25f3b8,Cezary Oleksiejczuk,blue,blue,blue,-215.0,0.6825396825396826,46.51162790697674,1,graded,ufc-master w odds.csv,direct,119.0,Cesar Almeida,Cezary Oleksiejczuk,blue,1.0396825396825398,0.6564885496183206,0.2939368003398065,0.7060631996601934,0.0495746500418727,0.2286551655360074,0.2286551655360074,0.46511627906976744,favorite,2025,11.718422518083191,12.253306239013423,0.5348837209302317
historical_market_outcomes_20260613_184833,2026-06-13T18:48:33.185521+00:00,6c9f4799990c3c33,2026-01-24,UFC 324: Gaethje vs. Pimblett,moneyline,legacy_consensus,fighter:2b6fc1c02736833d,2b6fc1c02736833d,Umar Nurmagomedov,red,red,red,-1500.0,0.9375,6.666666666666667,1,graded,ufc-master w odds.csv,direct,111.0,Umar Nurmagomedov,Deiveson Figueiredo,red,1.0405927835051547,0.9009287925696594,0.927541310320072,0.927541310320072,0.0266125177504125,0.3419333666005264,0.3419333666005264,0.06666666666666667,favorite,2026,11.785089184749857,12.253306239013423,0.4682170542635653
historical_market_outcomes_20260613_184833,2026-06-13T18:48:33.185521+00:00,836a188a90e479a5,2026-01-24,UFC 324: Gaethje vs. Pimblett,moneyline,legacy_consensus,fighter:040a74bb0a465c54,040a74bb0a465c54,Arnold Allen,red,red,red,184.0,0.352112676056338,184.0,0,graded,ufc-master w odds.csv,direct,110.0,Arnold Allen,Jean Silva,blue,1.039612676056338,0.3386960203217612,0.4296763677143714,0.4296763677143714,0.0909803473926101,0.385938919181823,0.385938919181823,-1.0,underdog,2026,10.785089184749857,12.253306239013423,1.4682170542635653
historical_market_outcomes_20260613_184833,2026-06-13T18:48:33.185521+00:00,d93ee3860196c4ae,2026-01-24,UFC 324: Gaethje vs. Pimblett,moneyline,legacy_consensus,fighter:fc08099550072fe4,fc08099550072fe4,Waldo Cortes Acosta,red,red,red,-335.0,0.7701149425287356,29.85074626865672,1,graded,ufc-master w odds.csv,direct,108.0,Waldo Cortes Acosta,Derrick Lewis,red,1.040385212799006,0.7402209614810391,0.7829940599777271,0.7829940599777271,0.0427730984966879,0.2360830627997792,0.2360830627997792,0.2985074626865672,favorite,2026,11.083596647436424,12.253306239013423,1.1697095915769982
historical_market_outcomes_20260613_184833,2026-06-13T18:48:33.185521+00:00,32e9bc4d0a19a923,2026-01-31,UFC 325: Volkanovski vs. Lopes 2,moneyline,legacy_consensus,fighter:17734443a833cdf7,17734443a833cdf7,Quillan Salkilld,red,red,red,-1100.0,0.9166666666666666,9.090909090909092,1,graded,ufc-master w odds.csv,direct,97.0,Quillan Salkilld,Jamie Mullarkey,red,1.0416666666666663,0.8800000000000001,0.9008968778946448,0.9008968778946448,0.0208968778946447,0.2147996879861831,0.2147996879861831,0.09090909090909091,favorite,2026,11.174505738345516,12.253306239013423,1.0788005006679064
historical_market_outcomes_20260613_184833,2026-06-13T18:48:33.185521+00:00,47362cae6ba0e077,2026-01-31,UFC 325: Volkanovski vs. Lopes 2,moneyline,legacy_consensus,fighter:8ebc3a8da015d70c,8ebc3a8da015d70c,Cam Rowston,red,red,red,-360.0,0.782608695652174,27.77777777777778,1,graded,ufc-master w odds.csv,direct,99.0,Cam Rowston,Cody Brundage,red,1.0390189520624302,0.7532188841201718,0.7909198996646692,0.7909198996646692,0.0377010155444974,0.21462516915672225,0.21462516915672225,0.2777777777777778,favorite,2026,11.452283516123295,12.253306239013423,0.8010227228901279
historical_market_outcomes_20260613_184833,2026-06-13T18:48:33.185521+00:00,780bae82bdfc7112,2026-01-31,UFC 325: Volkanovski vs. Lopes 2,moneyline,legacy_consensus,fighter:3618e0632ecdba9c,3618e0632ecdba9c,Keiichiro Nakamura,red,red,red,102.0,0.495049504950495,102.0,1,graded,ufc-master w odds.csv,direct,104.0,Keiichiro Nakamura,Sebastian Szalay,red,1.0405040504050405,0.4757785467128028,0.5318753460530452,0.5318753460530452,0.0560967993402424,0.2246362427596753,0.2246362427596753,1.02,underdog,2026,12.472283516123294,12.472283516123294,0.0
historical_market_outcomes_20260613_184833,2026-06-13T18:48:33.185521+00:00,78912b78aa946375,2026-01-31,UFC 325: Volkanovski vs. Lopes 2,moneyline,legacy_consensus,fighter:f782f953bfe7b5f2,f782f953bfe7b5f2,Jonathan Micallef,red,red,red,-126.0,0.5575221238938053,79.36507936507937,1,graded,ufc-master w odds.csv,direct,101.0,Jonathan Micallef,Oban Elliott,red,1.038291354663036,0.5369611539091952,0.5947359050563086,0.5947359050563086,0.0577747511471133,0.23546370769991212,0.23546370769991212,0.7936507936507937,favorite,2026,13.265934309774089,13.265934309774089,0.0
historical_market_outcomes_20260613_184833,2026-06-13T18:48:33.185521+00:00,2bbfbb234c255249,2026-02-07,UFC Fight Night: Bautista vs. Oliveira,moneyline,legacy_consensus,fighter:9f5e3c20ce40b344,9f5e3c20ce40b344,Klaudia Sygula,red,red,red,-186.0,0.6503496503496503,53.763440860215056,1,graded,ufc-master w odds.csv,direct,92.0,Klaudia Sygula,Priscila Cachoeira,red,1.0409746503496504,0.6247507085126481,0.7224645532598973,0.7224645532598973,0.0977138447472492,0.44695757513693934,0.44695757513693934,0.5376344086021505,favorite,2026,13.803568718376239,13.803568718376239,0.0
historical_market_outcomes_20260613_184833,2026-06-13T18:48:33.185521+00:00,6cca11f353a2b42d,2026-02-07,UFC Fight Night: Bautista vs. Oliveira,moneyline,legacy_consensus,fighter:6add18754930182b,6add18754930182b,Julius Walker,blue,blue,blue,124.0,0.4464285714285714,124.0,0,graded,ufc-master w odds.csv,direct,85.0,Dustin Jacoby,Julius Walker,red,1.039924506387921,0.4292894038810554,0.5172151723867575,0.4827848276132425,0.053495423732187,0.21586303245537664,0.21586303245537664,-1.0,underdog,2026,12.803568718376239,13.803568718376239,1.0
historical_market_outcomes_20260613_184833,2026-06-13T18:48:33.185521+00:00,f964d2dda87f25f0,2026-02-07,UFC Fight Night: Bautista vs. Oliveira,moneyline,legacy_consensus,fighter:70dd69b6a703257e,70dd69b6a703257e,Daniil Donchenko,blue,blue,blue,-900.0,0.9,11.11111111111111,1,graded,ufc-master w odds.csv,direct,86.0,Alex Morono,Daniil Donchenko,blue,1.0408450704225352,0.86468200270636,0.109830534926773,0.8901694650732269,0.0254874623668669,0.23773900011946747,0.23773900011946747,0.1111111111111111,favorite,2026,12.91467982948735,13.803568718376239,0.8888888888888893
historical_market_outcomes_20260613_184833,2026-06-13T18:48:33.185521+00:00,6e78d874097a3d22,2026-02-21,UFC Fight Night: Strickland vs. Hernandez,moneyline,legacy_consensus,fighter:aa0c573da7119292,aa0c573da7119292,Juliana Miller,red,red,red,590.0,0.144927536231884,590.0,0,graded,ufc-master w odds.csv,direct,79.0,Juliana Miller,Carli Judice,blue,1.0396643783371473,0.1393983859134262,0.1652877788010578,0.1652877788010578,0.0258893928876315,0.20089682496253314,0.20089682496253314,-1.0,underdog,2026,11.91467982948735,13.803568718376239,1.8888888888888893
historical_market_outcomes_20260613_184833,2026-06-13T18:48:33.185521+00:00,25ab195cefbce1d0,2026-02-28,UFC Fight Night: Moreno vs. Kavanagh,moneyline,legacy_consensus,fighter:7debc13b36343605,7debc13b36343605,Cristian Quinonez,red,red,red,-560.0,0.8484848484848485,17.857142857142858,1,graded,ufc-master w odds.csv,direct,61.0,Cristian Quinonez,Kris Moutinho,red,1.040792540792541,0.8152295632698767,0.845545483737181,0.845545483737181,0.0303159204673042,0.2157267277974011,0.2157267277974011,0.17857142857142858,favorite,2026,12.093251258058778,13.803568718376239,1.7103174603174605
historical_market_outcomes_20260613_184833,2026-06-13T18:48:33.185521+00:00,44d58943ac8e47e1,2026-02-28,UFC Fight Night: Moreno vs. Kavanagh,moneyline,legacy_consensus,fighter:9f5609dba6584ab2,9f5609dba6584ab2,Regina Tarin,red,red,red,116.0,0.4629629629629629,116.0,1,graded,ufc-master w odds.csv,direct,63.0,Regina Tarin,Ernesta Kareckaite,red,1.039234149403641,0.4454847478103291,0.5515177530641315,0.5515177530641315,0.1060330052538023,0.42573623357030377,0.42573623357030377,1.16,underdog,2026,13.253251258058778,13.803568718376239,0.5503174603174603
historical_market_outcomes_20260613_184833,2026-06-13T18:48:33.185521+00:00,45ec0c5f19c9adbe,2026-02-28,UFC Fight Night: Moreno vs. Kavanagh,moneyline,legacy_consensus,fighter:e463ce0a2ca474f4,e463ce0a2ca474f4,Ryan Gandra,red,red,red,-720.0,0.8780487804878049,13.88888888888889,1,graded,ufc-master w odds.csv,direct,59.0,Ryan Gandra,Jose Daniel Medina,red,1.03933910306845,0.8448145344436033,0.8833402243474286,0.8833402243474286,0.0385256899038253,0.3299524693911222,0.3299524693911222,0.1388888888888889,favorite,2026,13.392140146947668,13.803568718376239,0.41142857142857103
historical_market_outcomes_20260613_184833,2026-06-13T18:48:33.185521+00:00,c6a85b67fdd2ef3d,2026-02-28,UFC Fight Night: Moreno vs. Kavanagh,moneyline,legacy_consensus,fighter:fdd22e895a70e4a8,fdd22e895a70e4a8,Damian Pinas,red,red,red,-240.0,0.7058823529411765,41.66666666666666,1,graded,ufc-master w odds.csv,direct,65.0,Damian Pinas,Wes Schultz,red,1.0414528227398343,0.6777862016679302,0.7268339164010448,0.7268339164010448,0.0490477147331145,0.23500141953062692,0.23500141953062692,0.4166666666666666,favorite,2026,13.808806813614334,13.808806813614334,0.0
historical_market_outcomes_20260613_184833,2026-06-13T18:48:33.185521+00:00,9c8d5dbd8905a715,2026-03-07,UFC 326: Holloway vs. Oliveira 2,moneyline,legacy_consensus,fighter:ad5cb64af10fc946,ad5cb64af10fc946,Donte Johnson,red,red,red,-900.0,0.9,11.11111111111111,1,graded,ufc-master w odds.csv,direct,47.0,Donte Johnson,Cody Brundage,red,1.0408450704225352,0.86468200270636,0.900955570351495,0.900955570351495,0.036273567645135,0.3531531427281096,0.3531531427281096,0.1111111111111111,favorite,2026,13.919917924725445,13.919917924725445,0.0
historical_market_outcomes_20260613_184833,2026-06-13T18:48:33.185521+00:00,a22fd3735819d858,2026-03-07,UFC 326: Holloway vs. Oliveira 2,moneyline,legacy_consensus,fighter:3cf18e01cb6cbde3,3cf18e01cb6cbde3,Sumudaerji,red,red,red,-172.0,0.6323529411764706,58.13953488372093,1,graded,ufc-master w odds.csv,direct,50.0,Sumudaerji,Jesus Aguilar,red,1.042189006750241,0.6067545685866297,0.7939878700633106,0.7939878700633106,0.1872333014766809,0.9154426840656786,0.9154426840656786,0.5813953488372092,favorite,2026,14.501313273562653,14.501313273562653,0.0
historical_market_outcomes_20260613_184833,2026-06-13T18:48:33.185521+00:00,bed89a91da9d04c1,2026-03-07,UFC 326: Holloway vs. Oliveira 2,moneyline,legacy_consensus,fighter:fe2babf95de24fb1,fe2babf95de24fb1,Raul Rosas Jr.,blue,blue,blue,-310.0,0.7560975609756098,32.25806451612903,1,graded,ufc-master w odds.csv,direct,43.0,Rob Font,Raul Rosas Jr.,blue,1.0418118466898956,0.725752508361204,0.2254221525175773,0.7745778474824226,0.0488253391212186,0.261165184052773,0.261165184052773,0.3225806451612903,favorite,2026,14.823893918723943,14.823893918723943,0.0
historical_market_outcomes_20260613_184833,2026-06-13T18:48:33.185521+00:00,cc03e698c4b7da52,2026-03-07,UFC 326: Holloway vs. Oliveira 2,moneyline,legacy_consensus,fighter:d6a8edb7410223a0,d6a8edb7410223a0,Rafael Tobias,red,red,red,-174.0,0.635036496350365,57.47126436781609,0,graded,ufc-master w odds.csv,direct,51.0,Rafael Tobias,Diyar Nurgozhay,blue,1.0415405613910154,0.609708848498661,0.7002310597985956,0.7002310597985956,0.0905222112999345,0.40230984466136815,0.40230984466136815,-1.0,favorite,2026,13.823893918723943,14.823893918723943,1.0
historical_market_outcomes_20260613_184833,2026-06-13T18:48:33.185521+00:00,db7694f4513120d5,2026-03-14,UFC Fight Night: Emmett vs. Vallejos,moneyline,legacy_consensus,fighter:46e2011d92463b7e,46e2011d92463b7e,Oumar Sy,blue,blue,blue,-320.0,0.7619047619047619,31.25,0,graded,ufc-master w odds.csv,direct,31.0,Ion Cutelaba,Oumar Sy,red,1.0476190476190474,0.7272727272727274,0.2279116917137357,0.7720883082862643,0.0448155810135368,0.23931144256017278,0.23931144256017278,-1.0,favorite,2026,12.823893918723943,14.823893918723943,2.0
historical_market_outcomes_20260613_184833,2026-06-13T18:48:33.185521+00:00,e0acd0cf4930671b,2026-03-14,UFC Fight Night: Emmett vs. Vallejos,moneyline,legacy_consensus,fighter:6eedb757f13b9978,6eedb757f13b9978,Marwan Rahiki,red,red,red,-320.0,0.7619047619047619,31.25,1,graded,ufc-master w odds.csv,direct,30.0,Marwan Rahiki,Harry Hardwick,red,1.0396825396825395,0.7328244274809161,0.7739212557518561,0.7739212557518561,0.0410968282709399,0.22158663721823246,0.22158663721823246,0.3125,favorite,2026,13.136393918723943,14.823893918723943,1.6875
historical_market_outcomes_20260613_184833,2026-06-13T18:48:33.185521+00:00,216bc9b661485017,2026-03-21,UFC Fight Night: Evloev vs. Murphy,moneyline,legacy_consensus,fighter:cfbb3edab781dfd2,cfbb3edab781dfd2,Shanelle Dyer,red,red,red,-450.0,0.8181818181818182,22.22222222222222,1,graded,ufc-master w odds.csv,direct,26.0,Shanelle Dyer,Ravena Oliveira,red,1.050739957716702,0.778672032193159,0.8281828508956629,0.8281828508956629,0.0495108187025039,0.31485881244921954,0.31485881244921954,0.2222222222222222,favorite,2026,13.358616140946165,14.823893918723943,1.4652777777777786
historical_market_outcomes_20260613_184833,2026-06-13T18:48:33.185521+00:00,346e3897c2ead99a,2026-03-21,UFC Fight Night: Evloev vs. Murphy,moneyline,legacy_consensus,fighter:76e2870ffafbe38f,76e2870ffafbe38f,Movsar Evloev,red,red,red,-250.0,0.7142857142857143,40.0,1,graded,ufc-master w odds.csv,direct,14.0,Movsar Evloev,Lerone Murphy,red,1.049856184084372,0.6803652968036529,0.7290277951592199,0.7290277951592199,0.048662498355567,0.23424454471977596,0.23424454471977596,0.4,favorite,2026,13.758616140946165,14.823893918723943,1.0652777777777782
historical_market_outcomes_20260613_184833,2026-06-13T18:48:33.185521+00:00,43e26b46cbb51985,2026-03-21,UFC Fight Night: Evloev vs. Murphy,moneyline,legacy_consensus,fighter:be9bdec19b7e9ffe,be9bdec19b7e9ffe,Austen Lane,blue,blue,blue,410.0,0.196078431372549,410.0,0,graded,ufc-master w odds.csv,direct,17.0,Iwo Baraniewski,Austen Lane,red,1.051150895140665,0.186536901865369,0.7622521879273412,0.2377478120726588,0.0512109102072898,0.3076045215649854,0.3076045215649854,-1.0,underdog,2026,12.758616140946165,14.823893918723943,2.065277777777778
historical_market_outcomes_20260613_184833,2026-06-13T18:48:33.185521+00:00,4e58bcc0d27042fd,2026-03-21,UFC Fight Night: Evloev vs. Murphy,moneyline,legacy_consensus,fighter:9d51798e61f2e0c7,9d51798e61f2e0c7,Kurtis Campbell,red,red,red,-230.0,0.696969696969697,43.47826086956522,0,graded,ufc-master w odds.csv,direct,19.0,Kurtis Campbell,Danny Silva,blue,1.049082373026035,0.6643612693246542,0.7177997535908772,0.7177997535908772,0.0534384842662229,0.25078301620357113,0.25078301620357113,-1.0,favorite,2026,11.758616140946165,14.823893918723943,3.065277777777778
historical_market_outcomes_20260613_184833,2026-06-13T18:48:33.185521+00:00,5ee11b727e89e8ad,2026-03-21,UFC Fight Night: Evloev vs. Murphy,moneyline,legacy_consensus,fighter:a67d071163962af8,a67d071163962af8,Michael Page,red,red,red,-178.0,0.6402877697841727,56.17977528089887,1,graded,ufc-master w odds.csv,direct,16.0,Michael Page,Sam Patterson,red,1.0501238353579432,0.6097259658580413,0.6632899030674978,0.6632899030674978,0.0535639372094565,0.23182936460094944,0.23182936460094944,0.5617977528089887,favorite,2026,12.320413893755154,14.823893918723943,2.5034800249687894
