logit_threshold,price_edge_threshold,fold,bets,fight_coverage,hit_rate,mean_model_p,mean_raw_p,calibration_gap,mean_price_edge,mean_signed_logit_residual,mean_model_implied_ev_margin,cards,bets_per_card
0.2,0.0,2021,186,0.41333333333333333,0.26344086021505375,0.2829380459602802,0.2640706788565603,-0.019497185745226464,0.018867367103719813,0.3828535189725743,0.07650285467566477,43,4.325581395348837
0.2,0.0,2022,169,0.3903002309468822,0.23668639053254437,0.25850077789034365,0.24318047127607356,-0.02181438735779928,0.015320306614270052,0.3606743364693296,0.07119956685987107,42,4.023809523809524
0.2,0.0,2023,223,0.5807291666666666,0.24663677130044842,0.26812150543179747,0.251208886175793,-0.021484734131349048,0.016912619256004402,0.3293344509540502,0.07803430229056883,42,5.309523809523809
0.2,0.0,2024,145,0.43026706231454004,0.2482758620689655,0.27996048786003014,0.26639636467073075,-0.031684625791064625,0.013564123189299355,0.3436771692776147,0.0585541289135905,41,3.5365853658536586
0.2,0.01,2021,116,0.2577777777777778,0.2672413793103448,0.30378299193649455,0.27652750732774317,-0.036541612626149744,0.027255484608751372,0.42670479262245964,0.10804542456733658,42,2.761904761904762
0.2,0.01,2022,90,0.20785219399538107,0.26666666666666666,0.28197149394287,0.25764063462603043,-0.015304827276203359,0.02433085931683955,0.41074915825955144,0.10911025739194419,40,2.25
0.2,0.01,2023,140,0.3645833333333333,0.25,0.2857353418001107,0.2619684781460834,-0.035735341800110676,0.023766863654027238,0.36752197326828284,0.1076136550344364,39,3.58974358974359
0.2,0.01,2024,77,0.228486646884273,0.2857142857142857,0.3127112460213822,0.29115828881137484,-0.02699696030709653,0.021552957210007398,0.389962607666975,0.08740425027028893,38,2.026315789473684
0.2,0.02,2021,58,0.1288888888888889,0.25862068965517243,0.3290942044093691,0.28913534276885455,-0.07047351475419666,0.03995886164051444,0.4862849565348111,0.15310372051824186,37,1.5675675675675675
0.2,0.02,2022,42,0.09699769053117784,0.2619047619047619,0.30708054169302895,0.27104945916055123,-0.045175779788267034,0.036031082532477735,0.46877834618407777,0.15389075789738574,28,1.5
0.2,0.02,2023,76,0.19791666666666666,0.3157894736842105,0.3070206789201812,0.27576668148436356,0.008768794764029308,0.031253997435817506,0.4061019379941699,0.13501799472591322,34,2.235294117647059
0.2,0.02,2024,34,0.10089020771513353,0.2647058823529412,0.3486700838103014,0.31867748358919146,-0.08396420145736022,0.02999260022110993,0.43049779625223283,0.10774342620181283,22,1.5454545454545454
0.2,0.03,2021,31,0.06888888888888889,0.1935483870967742,0.3412142304643508,0.2874477386171653,-0.1476658433675766,0.0537664918471855,0.5485851947130167,0.2051816974820628,23,1.3478260869565217
0.2,0.03,2022,25,0.057736720554272515,0.16,0.312472807765007,0.2684278536471166,-0.15247280776500702,0.04404495411789038,0.5045689837327096,0.19049259602361243,19,1.3157894736842106
0.2,0.03,2023,30,0.078125,0.4,0.3289968766272068,0.2869586756333174,0.07100312337279324,0.04203820099388942,0.4403818929046794,0.16861873428026827,21,1.4285714285714286
0.2,0.03,2024,12,0.03560830860534125,0.3333333333333333,0.4028990219036738,0.3612866082205705,-0.06956568857034051,0.0416124136831033,0.4819471006888827,0.12882068652019948,11,1.0909090909090908
0.2,0.05,2021,15,0.03333333333333333,0.26666666666666666,0.3683539003133774,0.29747991337657814,-0.10168723364671073,0.07087398693679917,0.610154195737462,0.26022405068079624,13,1.1538461538461537
0.2,0.05,2022,7,0.016166281755196306,0.2857142857142857,0.3454040608235768,0.28436246293389156,-0.05968977510929108,0.061041597889685266,0.5410490761163972,0.23778616530554633,6,1.1666666666666667
0.2,0.05,2023,8,0.020833333333333332,0.5,0.343880794942379,0.2878473437757856,0.156119205057621,0.05603345116659339,0.4898359245251177,0.21178306210786096,7,1.1428571428571428
0.2,0.05,2024,2,0.005934718100890208,0.5,0.4483374208211899,0.3869047619047619,0.05166257917881012,0.06143265891642796,0.5293395140199011,0.17502222277901391,2,1.0
0.2,0.075,2021,5,0.011111111111111112,0.0,0.3493227928876877,0.2632287472656055,-0.3493227928876877,0.08609404562208214,0.632250670446527,0.35145891696214665,5,1.0
0.2,0.075,2022,0,0.0,,,,,,,,0,
0.2,0.075,2023,0,0.0,,,,,,,,0,
0.2,0.075,2024,0,0.0,,,,,,,,0,
0.2,0.1,2021,0,0.0,,,,,,,,0,
0.2,0.1,2022,0,0.0,,,,,,,,0,
0.2,0.1,2023,0,0.0,,,,,,,,0,
0.2,0.1,2024,0,0.0,,,,,,,,0,
0.25,0.0,2021,182,0.40444444444444444,0.26373626373626374,0.286356296226546,0.2671365696100529,-0.02262003249028227,0.019219726616493075,0.38604558816783624,0.07763704941066552,43,4.232558139534884
0.25,0.0,2022,164,0.3787528868360277,0.23780487804878048,0.26160125947761825,0.2458519626090162,-0.023796381428837776,0.01574929686860206,0.3644337564150517,0.07304653369295536,42,3.9047619047619047
0.25,0.0,2023,186,0.484375,0.24193548387096775,0.2726228556004904,0.2535800164276633,-0.030687371729522628,0.019042839172827,0.3485510508165287,0.08768088090442572,41,4.536585365853658
0.25,0.0,2024,136,0.4035608308605341,0.2647058823529412,0.28861966351156726,0.2742704493012938,-0.02391378115862608,0.014349214210273459,0.3510764187354723,0.0615632199151539,41,3.317073170731707
0.25,0.01,2021,116,0.2577777777777778,0.2672413793103448,0.30378299193649455,0.27652750732774317,-0.036541612626149744,0.027255484608751372,0.42670479262245964,0.10804542456733658,42,2.761904761904762
0.25,0.01,2022,90,0.20785219399538107,0.26666666666666666,0.28197149394287,0.25764063462603043,-0.015304827276203359,0.02433085931683955,0.41074915825955144,0.10911025739194419,40,2.25
0.25,0.01,2023,138,0.359375,0.2536231884057971,0.28604681692693545,0.2623539031966083,-0.03242362852113834,0.023692913730327083,0.36929409742683506,0.10751579067357717,39,3.5384615384615383
0.25,0.01,2024,77,0.228486646884273,0.2857142857142857,0.3127112460213822,0.29115828881137484,-0.02699696030709653,0.021552957210007398,0.389962607666975,0.08740425027028893,38,2.026315789473684
0.25,0.02,2021,58,0.1288888888888889,0.25862068965517243,0.3290942044093691,0.28913534276885455,-0.07047351475419666,0.03995886164051444,0.4862849565348111,0.15310372051824186,37,1.5675675675675675
0.25,0.02,2022,42,0.09699769053117784,0.2619047619047619,0.30708054169302895,0.27104945916055123,-0.045175779788267034,0.036031082532477735,0.46877834618407777,0.15389075789738574,28,1.5
0.25,0.02,2023,75,0.1953125,0.32,0.30693047026793163,0.2758880150152662,0.013069529732068375,0.031042455252665326,0.4082184621532796,0.13446225159698053,34,2.2058823529411766
0.25,0.02,2024,34,0.10089020771513353,0.2647058823529412,0.3486700838103014,0.31867748358919146,-0.08396420145736022,0.02999260022110993,0.43049779625223283,0.10774342620181283,22,1.5454545454545454
0.25,0.03,2021,31,0.06888888888888889,0.1935483870967742,0.3412142304643508,0.2874477386171653,-0.1476658433675766,0.0537664918471855,0.5485851947130167,0.2051816974820628,23,1.3478260869565217
0.25,0.03,2022,25,0.057736720554272515,0.16,0.312472807765007,0.2684278536471166,-0.15247280776500702,0.04404495411789038,0.5045689837327096,0.19049259602361243,19,1.3157894736842106
0.25,0.03,2023,29,0.07552083333333333,0.41379310344827586,0.3295213783095623,0.28765840008044324,0.08427172513871356,0.04186297822911902,0.44703772969239447,0.16834011375904076,20,1.45
0.25,0.03,2024,12,0.03560830860534125,0.3333333333333333,0.4028990219036738,0.3612866082205705,-0.06956568857034051,0.0416124136831033,0.4819471006888827,0.12882068652019948,11,1.0909090909090908
0.25,0.05,2021,15,0.03333333333333333,0.26666666666666666,0.3683539003133774,0.29747991337657814,-0.10168723364671073,0.07087398693679917,0.610154195737462,0.26022405068079624,13,1.1538461538461537
0.25,0.05,2022,7,0.016166281755196306,0.2857142857142857,0.3454040608235768,0.28436246293389156,-0.05968977510929108,0.061041597889685266,0.5410490761163972,0.23778616530554633,6,1.1666666666666667
0.25,0.05,2023,8,0.020833333333333332,0.5,0.343880794942379,0.2878473437757856,0.156119205057621,0.05603345116659339,0.4898359245251177,0.21178306210786096,7,1.1428571428571428
0.25,0.05,2024,2,0.005934718100890208,0.5,0.4483374208211899,0.3869047619047619,0.05166257917881012,0.06143265891642796,0.5293395140199011,0.17502222277901391,2,1.0
0.25,0.075,2021,5,0.011111111111111112,0.0,0.3493227928876877,0.2632287472656055,-0.3493227928876877,0.08609404562208214,0.632250670446527,0.35145891696214665,5,1.0
0.25,0.075,2022,0,0.0,,,,,,,,0,
0.25,0.075,2023,0,0.0,,,,,,,,0,
0.25,0.075,2024,0,0.0,,,,,,,,0,
0.25,0.1,2021,0,0.0,,,,,,,,0,
0.25,0.1,2022,0,0.0,,,,,,,,0,
0.25,0.1,2023,0,0.0,,,,,,,,0,
0.25,0.1,2024,0,0.0,,,,,,,,0,
0.3,0.0,2021,157,0.3488888888888889,0.27388535031847133,0.3027224980626896,0.28099279543991146,-0.02883714774421825,0.0217297026227781,0.40312315518130515,0.08682702271779037,43,3.6511627906976742
0.3,0.0,2022,123,0.2840646651270208,0.2601626016260163,0.28680096130545546,0.26737294006977774,-0.026638359679439172,0.019428021235677672,0.39266320296859225,0.08704011718609007,42,2.9285714285714284
0.3,0.0,2023,129,0.3359375,0.26356589147286824,0.2867975242493689,0.2637044218436748,-0.023231632776500644,0.023093102405693976,0.38075642418221783,0.10553884442518467,39,3.3076923076923075
0.3,0.0,2024,100,0.29673590504451036,0.32,0.3183867355436087,0.3006776332875852,0.0016132644563913168,0.017709102256023422,0.37815438331583423,0.07351065871351803,37,2.7027027027027026
0.3,0.01,2021,116,0.2577777777777778,0.2672413793103448,0.30378299193649455,0.27652750732774317,-0.036541612626149744,0.027255484608751372,0.42670479262245964,0.10804542456733658,42,2.761904761904762
0.3,0.01,2022,89,0.20554272517321015,0.2696629213483146,0.2832947670576278,0.25880686474715264,-0.013631845709313195,0.024487902310475086,0.41210827094235547,0.10958002192734467,40,2.225
0.3,0.01,2023,111,0.2890625,0.2702702702702703,0.2933010827447917,0.26741292196713684,-0.023030812474521434,0.025888160777654816,0.3902286266378735,0.11726211450186498,39,2.8461538461538463
0.3,0.01,2024,74,0.2195845697329377,0.2972972972972973,0.3128328482444222,0.2909827378774083,-0.015535550947124888,0.02185011036701383,0.3942330070995192,0.08898338424185448,36,2.0555555555555554
0.3,0.02,2021,58,0.1288888888888889,0.25862068965517243,0.3290942044093691,0.28913534276885455,-0.07047351475419666,0.03995886164051444,0.4862849565348111,0.15310372051824186,37,1.5675675675675675
0.3,0.02,2022,42,0.09699769053117784,0.2619047619047619,0.30708054169302895,0.27104945916055123,-0.045175779788267034,0.036031082532477735,0.46877834618407777,0.15389075789738574,28,1.5
0.3,0.02,2023,74,0.19270833333333334,0.32432432432432434,0.3068208829373927,0.2756416686362993,0.017503441386931662,0.031179214301093373,0.4097162497813972,0.1353180148445807,34,2.176470588235294
0.3,0.02,2024,34,0.10089020771513353,0.2647058823529412,0.3486700838103014,0.31867748358919146,-0.08396420145736022,0.02999260022110993,0.43049779625223283,0.10774342620181283,22,1.5454545454545454
0.3,0.03,2021,31,0.06888888888888889,0.1935483870967742,0.3412142304643508,0.2874477386171653,-0.1476658433675766,0.0537664918471855,0.5485851947130167,0.2051816974820628,23,1.3478260869565217
0.3,0.03,2022,25,0.057736720554272515,0.16,0.312472807765007,0.2684278536471166,-0.15247280776500702,0.04404495411789038,0.5045689837327096,0.19049259602361243,19,1.3157894736842106
0.3,0.03,2023,29,0.07552083333333333,0.41379310344827586,0.3295213783095623,0.28765840008044324,0.08427172513871356,0.04186297822911902,0.44703772969239447,0.16834011375904076,20,1.45
0.3,0.03,2024,12,0.03560830860534125,0.3333333333333333,0.4028990219036738,0.3612866082205705,-0.06956568857034051,0.0416124136831033,0.4819471006888827,0.12882068652019948,11,1.0909090909090908
0.3,0.05,2021,15,0.03333333333333333,0.26666666666666666,0.3683539003133774,0.29747991337657814,-0.10168723364671073,0.07087398693679917,0.610154195737462,0.26022405068079624,13,1.1538461538461537
0.3,0.05,2022,7,0.016166281755196306,0.2857142857142857,0.3454040608235768,0.28436246293389156,-0.05968977510929108,0.061041597889685266,0.5410490761163972,0.23778616530554633,6,1.1666666666666667
0.3,0.05,2023,8,0.020833333333333332,0.5,0.343880794942379,0.2878473437757856,0.156119205057621,0.05603345116659339,0.4898359245251177,0.21178306210786096,7,1.1428571428571428
0.3,0.05,2024,2,0.005934718100890208,0.5,0.4483374208211899,0.3869047619047619,0.05166257917881012,0.06143265891642796,0.5293395140199011,0.17502222277901391,2,1.0
0.3,0.075,2021,5,0.011111111111111112,0.0,0.3493227928876877,0.2632287472656055,-0.3493227928876877,0.08609404562208214,0.632250670446527,0.35145891696214665,5,1.0
0.3,0.075,2022,0,0.0,,,,,,,,0,
0.3,0.075,2023,0,0.0,,,,,,,,0,
0.3,0.075,2024,0,0.0,,,,,,,,0,
0.3,0.1,2021,0,0.0,,,,,,,,0,
0.3,0.1,2022,0,0.0,,,,,,,,0,
0.3,0.1,2023,0,0.0,,,,,,,,0,
0.3,0.1,2024,0,0.0,,,,,,,,0,
0.35,0.0,2021,105,0.23333333333333334,0.23809523809523808,0.3285230605375199,0.30055058715178473,-0.09042782244228181,0.02797247338573516,0.4417333481358239,0.10851250343061884,42,2.5
0.35,0.0,2022,79,0.18244803695150116,0.27848101265822783,0.31392504265414006,0.28970285227988474,-0.03544402999591223,0.024222190374255267,0.43040611090020775,0.10505386394311401,37,2.135135135135135
0.35,0.0,2023,74,0.19270833333333334,0.3108108108108108,0.3068976978192458,0.2775938627463977,0.003913112991564993,0.02930383507284811,0.42110646084432896,0.1308756382615715,35,2.1142857142857143
0.35,0.0,2024,60,0.17804154302670624,0.31666666666666665,0.3397524461150169,0.31656575980668317,-0.023085779448350274,0.023186686308333718,0.4152477624914549,0.09349703754375129,31,1.935483870967742
0.35,0.01,2021,94,0.2088888888888889,0.24468085106382978,0.31651483444457357,0.2859663805467687,-0.07183398338074379,0.030548453897804764,0.44830390159927236,0.11951591161827957,41,2.292682926829268
0.35,0.01,2022,67,0.15473441108545036,0.26865671641791045,0.29617144000619205,0.2688160292146692,-0.02751472358828161,0.02735541079152281,0.43946826813650347,0.12058214333717684,36,1.8611111111111112
0.35,0.01,2023,73,0.19010416666666666,0.3150684931506849,0.308047110903753,0.27835237837001653,0.00702138224693194,0.029694732533736428,0.4213392693957467,0.13262109300589436,35,2.085714285714286
0.35,0.01,2024,56,0.1661721068249258,0.30357142857142855,0.332231219591839,0.3078007937513093,-0.02865979102041044,0.024430425840529662,0.4166578535418578,0.09675858223534865,31,1.8064516129032258
0.35,0.02,2021,57,0.12666666666666668,0.24561403508771928,0.32980951300838535,0.289529530068893,-0.08419547792066606,0.040279982939492316,0.488680920592574,0.1543650830975898,36,1.5833333333333333
0.35,0.02,2022,39,0.09006928406466513,0.2564102564102564,0.30923202060736144,0.27297702940435925,-0.05282176419710505,0.03625499120300211,0.47969149037092407,0.15246035674019068,27,1.4444444444444444
0.35,0.02,2023,60,0.15625,0.35,0.31181130136052765,0.27929482204488987,0.03818869863947233,0.03251647931563775,0.42764032578276395,0.14364995287524315,33,1.8181818181818181
0.35,0.02,2024,32,0.09495548961424333,0.28125,0.3556808866560459,0.3250773844530508,-0.07443088665604591,0.030603502202995115,0.4368949621153968,0.1086028271446148,21,1.5238095238095237
0.35,0.03,2021,31,0.06888888888888889,0.1935483870967742,0.3412142304643508,0.2874477386171653,-0.1476658433675766,0.0537664918471855,0.5485851947130167,0.2051816974820628,23,1.3478260869565217
0.35,0.03,2022,24,0.05542725173210162,0.125,0.31670414594312507,0.2732020911388234,-0.19170414594312507,0.043502054804301665,0.5128369104224363,0.18297210024600766,19,1.263157894736842
0.35,0.03,2023,29,0.07552083333333333,0.41379310344827586,0.3295213783095623,0.28765840008044324,0.08427172513871356,0.04186297822911902,0.44703772969239447,0.16834011375904076,20,1.45
0.35,0.03,2024,12,0.03560830860534125,0.3333333333333333,0.4028990219036738,0.3612866082205705,-0.06956568857034051,0.0416124136831033,0.4819471006888827,0.12882068652019948,11,1.0909090909090908
0.35,0.05,2021,15,0.03333333333333333,0.26666666666666666,0.3683539003133774,0.29747991337657814,-0.10168723364671073,0.07087398693679917,0.610154195737462,0.26022405068079624,13,1.1538461538461537
0.35,0.05,2022,6,0.013856812933025405,0.16666666666666666,0.3678179557124774,0.30611518111518116,-0.20115128904581073,0.06170277459729623,0.5802007982725851,0.2155864437421163,5,1.2
0.35,0.05,2023,8,0.020833333333333332,0.5,0.343880794942379,0.2878473437757856,0.156119205057621,0.05603345116659339,0.4898359245251177,0.21178306210786096,7,1.1428571428571428
0.35,0.05,2024,2,0.005934718100890208,0.5,0.4483374208211899,0.3869047619047619,0.05166257917881012,0.06143265891642796,0.5293395140199011,0.17502222277901391,2,1.0
0.35,0.075,2021,5,0.011111111111111112,0.0,0.3493227928876877,0.2632287472656055,-0.3493227928876877,0.08609404562208214,0.632250670446527,0.35145891696214665,5,1.0
0.35,0.075,2022,0,0.0,,,,,,,,0,
0.35,0.075,2023,0,0.0,,,,,,,,0,
0.35,0.075,2024,0,0.0,,,,,,,,0,
0.35,0.1,2021,0,0.0,,,,,,,,0,
0.35,0.1,2022,0,0.0,,,,,,,,0,
0.35,0.1,2023,0,0.0,,,,,,,,0,
0.35,0.1,2024,0,0.0,,,,,,,,0,
0.4,0.0,2021,60,0.13333333333333333,0.23333333333333334,0.3570159656306108,0.3210712277244138,-0.12368263229727744,0.03594473790619681,0.4947818776998095,0.1356262743665821,33,1.8181818181818181
0.4,0.0,2022,46,0.10623556581986143,0.21739130434782608,0.3107873624109704,0.2782118509007448,-0.0933960580631443,0.03257551151022549,0.4708541456469872,0.14288470070472317,29,1.5862068965517242
0.4,0.0,2023,46,0.11979166666666667,0.30434782608695654,0.3169968523409056,0.28471502183531094,-0.012649026253949036,0.03228183050559456,0.44916302781054795,0.1480564882141955,28,1.6428571428571428
0.4,0.0,2024,32,0.09495548961424333,0.34375,0.4018195029348135,0.3739501976628664,-0.0580695029348135,0.027869305271947056,0.4491342013649116,0.09687528135134307,23,1.391304347826087
0.4,0.01,2021,55,0.12222222222222222,0.23636363636363636,0.346795606342229,0.30816077743040415,-0.11043196997859264,0.038634828911824765,0.5014893167881629,0.146696791678925,33,1.6666666666666667
0.4,0.01,2022,44,0.10161662817551963,0.22727272727272727,0.3021944823928855,0.2683945350748311,-0.07492175512015822,0.03379994731805437,0.47376845537520096,0.1488534308593681,28,1.5714285714285714
0.4,0.01,2023,45,0.1171875,0.3111111111111111,0.31908588144514294,0.28610375071560185,-0.007974770334031822,0.03298213072954109,0.45016417428209704,0.15126980035393314,28,1.6071428571428572
0.4,0.01,2024,30,0.08902077151335312,0.3333333333333333,0.38910634915033976,0.35973127467017807,-0.055773015817006444,0.029375074480161648,0.4513494334236144,0.10273289919874609,23,1.3043478260869565
0.4,0.02,2021,46,0.10222222222222223,0.21739130434782608,0.3365264023127763,0.2936104023879446,-0.11913509796495023,0.04291599992483163,0.51534153747949,0.1650812471602458,32,1.4375
0.4,0.02,2022,38,0.08775981524249422,0.23684210526315788,0.31070688562957866,0.27404068440092444,-0.07386478036642077,0.036666201228654174,0.48304062580937474,0.15413813602331775,27,1.4074074074074074
0.4,0.02,2023,38,0.09895833333333333,0.34210526315789475,0.3186738761632066,0.2827175259706366,0.023431386994688164,0.03595635019256992,0.4571906417076801,0.1628947381387676,26,1.4615384615384615
0.4,0.02,2024,22,0.06528189910979229,0.3181818181818182,0.3893427178263664,0.3549283877996197,-0.07116089964454825,0.034414330026746674,0.4616052664184443,0.11391292608572061,18,1.2222222222222223
0.4,0.03,2021,30,0.06666666666666667,0.2,0.33985447833935417,0.2875055203805946,-0.13985447833935416,0.0523489579587596,0.554414748546968,0.2007869614064692,22,1.3636363636363635
0.4,0.03,2022,24,0.05542725173210162,0.125,0.31670414594312507,0.2732020911388234,-0.19170414594312507,0.043502054804301665,0.5128369104224363,0.18297210024600766,19,1.263157894736842
0.4,0.03,2023,23,0.059895833333333336,0.391304347826087,0.3286122391405313,0.284912116522253,0.06269210868555569,0.04370012261827826,0.46545761891232695,0.18099535995203506,18,1.2777777777777777
0.4,0.03,2024,12,0.03560830860534125,0.3333333333333333,0.4028990219036738,0.3612866082205705,-0.06956568857034051,0.0416124136831033,0.4819471006888827,0.12882068652019948,11,1.0909090909090908
0.4,0.05,2021,14,0.03111111111111111,0.2857142857142857,0.3673786936061723,0.2983203153524562,-0.08166440789188661,0.06905837825371604,0.6270438825976752,0.2547383557472909,12,1.1666666666666667
0.4,0.05,2022,6,0.013856812933025405,0.16666666666666666,0.3678179557124774,0.30611518111518116,-0.20115128904581073,0.06170277459729623,0.5802007982725851,0.2155864437421163,5,1.2
0.4,0.05,2023,8,0.020833333333333332,0.5,0.343880794942379,0.2878473437757856,0.156119205057621,0.05603345116659339,0.4898359245251177,0.21178306210786096,7,1.1428571428571428
0.4,0.05,2024,2,0.005934718100890208,0.5,0.4483374208211899,0.3869047619047619,0.05166257917881012,0.06143265891642796,0.5293395140199011,0.17502222277901391,2,1.0
0.4,0.075,2021,4,0.008888888888888889,0.0,0.34115179255604744,0.25760736265343553,-0.34115179255604744,0.08354442990261193,0.6968886931345397,0.3550677012652158,4,1.0
0.4,0.075,2022,0,0.0,,,,,,,,0,
0.4,0.075,2023,0,0.0,,,,,,,,0,
0.4,0.075,2024,0,0.0,,,,,,,,0,
0.4,0.1,2021,0,0.0,,,,,,,,0,
0.4,0.1,2022,0,0.0,,,,,,,,0,
0.4,0.1,2023,0,0.0,,,,,,,,0,
0.4,0.1,2024,0,0.0,,,,,,,,0,
0.5,0.0,2021,22,0.04888888888888889,0.2727272727272727,0.35259575803171506,0.2947273070365304,-0.07986848530444235,0.05786845099518463,0.5964052418380063,0.22264532419768238,18,1.2222222222222223
0.5,0.0,2022,13,0.03002309468822171,0.15384615384615385,0.3291589067532466,0.2784413407145208,-0.17531275290709275,0.05071756603872576,0.5668657566593406,0.22124764688758763,12,1.0833333333333333
0.5,0.0,2023,7,0.018229166666666668,0.42857142857142855,0.32113643629210337,0.28064316635745207,0.10743499227932518,0.040493269934651285,0.5376908041611318,0.2285165026074363,7,1.0
0.5,0.0,2024,4,0.011869436201780416,0.75,0.5101354196667671,0.4607683982683982,0.23986458033323288,0.04936702139836885,0.5276384539949758,0.12245197029727878,4,1.0
0.5,0.01,2021,22,0.04888888888888889,0.2727272727272727,0.35259575803171506,0.2947273070365304,-0.07986848530444235,0.05786845099518463,0.5964052418380063,0.22264532419768238,18,1.2222222222222223
0.5,0.01,2022,13,0.03002309468822171,0.15384615384615385,0.3291589067532466,0.2784413407145208,-0.17531275290709275,0.05071756603872576,0.5668657566593406,0.22124764688758763,12,1.0833333333333333
0.5,0.01,2023,7,0.018229166666666668,0.42857142857142855,0.32113643629210337,0.28064316635745207,0.10743499227932518,0.040493269934651285,0.5376908041611318,0.2285165026074363,7,1.0
0.5,0.01,2024,4,0.011869436201780416,0.75,0.5101354196667671,0.4607683982683982,0.23986458033323288,0.04936702139836885,0.5276384539949758,0.12245197029727878,4,1.0
0.5,0.02,2021,22,0.04888888888888889,0.2727272727272727,0.35259575803171506,0.2947273070365304,-0.07986848530444235,0.05786845099518463,0.5964052418380063,0.22264532419768238,18,1.2222222222222223
0.5,0.02,2022,13,0.03002309468822171,0.15384615384615385,0.3291589067532466,0.2784413407145208,-0.17531275290709275,0.05071756603872576,0.5668657566593406,0.22124764688758763,12,1.0833333333333333
0.5,0.02,2023,7,0.018229166666666668,0.42857142857142855,0.32113643629210337,0.28064316635745207,0.10743499227932518,0.040493269934651285,0.5376908041611318,0.2285165026074363,7,1.0
0.5,0.02,2024,4,0.011869436201780416,0.75,0.5101354196667671,0.4607683982683982,0.23986458033323288,0.04936702139836885,0.5276384539949758,0.12245197029727878,4,1.0
0.5,0.03,2021,21,0.04666666666666667,0.23809523809523808,0.3416267072870618,0.2823069142499101,-0.10353146919182371,0.059319793037151625,0.5965890685414568,0.23089974522590626,17,1.2352941176470589
0.5,0.03,2022,13,0.03002309468822171,0.15384615384615385,0.3291589067532466,0.2784413407145208,-0.17531275290709275,0.05071756603872576,0.5668657566593406,0.22124764688758763,12,1.0833333333333333
0.5,0.03,2023,5,0.013020833333333334,0.4,0.3075060352683067,0.25956709956709956,0.0924939647316933,0.04793893570120716,0.5385167091939046,0.25066597491502757,5,1.0
0.5,0.03,2024,4,0.011869436201780416,0.75,0.5101354196667671,0.4607683982683982,0.23986458033323288,0.04936702139836885,0.5276384539949758,0.12245197029727878,4,1.0
0.5,0.05,2021,14,0.03111111111111111,0.2857142857142857,0.3673786936061723,0.2983203153524562,-0.08166440789188661,0.06905837825371604,0.6270438825976752,0.2547383557472909,12,1.1666666666666667
0.5,0.05,2022,6,0.013856812933025405,0.16666666666666666,0.3678179557124774,0.30611518111518116,-0.20115128904581073,0.06170277459729623,0.5802007982725851,0.2155864437421163,5,1.2
0.5,0.05,2023,2,0.005208333333333333,0.5,0.3610745668411255,0.2987012987012987,0.1389254331588745,0.06237326813982677,0.5509083485619952,0.2705210924148559,2,1.0
0.5,0.05,2024,2,0.005934718100890208,0.5,0.4483374208211899,0.3869047619047619,0.05166257917881012,0.06143265891642796,0.5293395140199011,0.17502222277901391,2,1.0
0.5,0.075,2021,4,0.008888888888888889,0.0,0.34115179255604744,0.25760736265343553,-0.34115179255604744,0.08354442990261193,0.6968886931345397,0.3550677012652158,4,1.0
0.5,0.075,2022,0,0.0,,,,,,,,0,
0.5,0.075,2023,0,0.0,,,,,,,,0,
0.5,0.075,2024,0,0.0,,,,,,,,0,
0.5,0.1,2021,0,0.0,,,,,,,,0,
0.5,0.1,2022,0,0.0,,,,,,,,0,
0.5,0.1,2023,0,0.0,,,,,,,,0,
0.5,0.1,2024,0,0.0,,,,,,,,0,
