fold,feature,gain,weight,cover,gain_rank,used
2021,age_diff,0.0,0.0,0.0,55,False
2021,age_squared_diff,0.0,0.0,0.0,56,False
2021,age_x_career_ko_losses_diff,21.890169143676758,31.0,555.7677001953125,5,True
2021,aggression_index_diff,9.131755828857422,1.0,545.2943115234375,40,True
2021,avg_fight_time_diff,0.0,0.0,0.0,57,False
2021,avg_opponent_elo_diff,0.0,0.0,0.0,58,False
2021,best_win_elo_diff,0.0,0.0,0.0,59,False
2021,career_ko_losses_diff,33.78400421142578,1.0,566.109375,1,True
2021,chin_risk_diff,0.0,0.0,0.0,60,False
2021,ctrl_against_per_min_diff,0.0,0.0,0.0,61,False
2021,ctrl_per_min_diff,0.0,0.0,0.0,62,False
2021,days_since_last_fight_diff,0.0,0.0,0.0,63,False
2021,days_since_last_ko_loss_diff,0.0,0.0,0.0,64,False
2021,decision_dependency_diff,10.534772872924805,2.0,548.6377563476562,30,True
2021,decision_loss_rate_diff,0.0,0.0,0.0,65,False
2021,decision_win_rate_diff,7.910909652709961,1.0,544.3760986328125,48,True
2021,elo_diff,0.0,0.0,0.0,66,False
2021,ewm_avg_fight_time_diff,0.0,0.0,0.0,67,False
2021,ewm_avg_opponent_elo_diff,0.0,0.0,0.0,68,False
2021,ewm_best_win_elo_diff,0.0,0.0,0.0,69,False
2021,ewm_ctrl_against_per_min_diff,0.0,0.0,0.0,70,False
2021,ewm_ctrl_per_min_diff,0.0,0.0,0.0,71,False
2021,ewm_days_since_last_fight_diff,10.121816635131836,1.0,543.852294921875,34,True
2021,ewm_decision_loss_rate_diff,0.0,0.0,0.0,72,False
2021,ewm_decision_win_rate_diff,8.907344818115234,4.0,545.2140502929688,43,True
2021,ewm_elo_diff,0.0,0.0,0.0,73,False
2021,ewm_fights_diff,0.0,0.0,0.0,74,False
2021,ewm_finish_loss_rate_diff,0.0,0.0,0.0,75,False
2021,ewm_finish_rate_diff,0.0,0.0,0.0,76,False
2021,ewm_kd_absorbed_avg_diff,10.569143295288086,5.0,548.0951538085938,28,True
2021,ewm_kd_avg_diff,0.0,0.0,0.0,77,False
2021,ewm_ko_rate_diff,24.08867073059082,2.0,560.12255859375,2,True
2021,ewm_loss_streak_diff,0.0,0.0,0.0,78,False
2021,ewm_losses_diff,0.0,0.0,0.0,79,False
2021,ewm_recent_avg_fight_time_diff,0.0,0.0,0.0,80,False
2021,ewm_recent_finish_rate_diff,0.0,0.0,0.0,81,False
2021,ewm_recent_sapm_diff,8.588829040527344,2.0,546.0616455078125,44,True
2021,ewm_recent_splm_diff,12.386159896850586,4.0,551.5068359375,16,True
2021,ewm_recent_td_avg_diff,12.47032642364502,7.0,551.4127807617188,15,True
2021,ewm_recent_win_pct_diff,0.0,0.0,0.0,82,False
2021,ewm_sapm_diff,0.0,0.0,0.0,83,False
2021,ewm_splm_diff,10.742561340332031,4.0,550.29541015625,25,True
2021,ewm_str_acc_diff,0.0,0.0,0.0,84,False
2021,ewm_str_def_diff,0.0,0.0,0.0,85,False
2021,ewm_sub_avg_diff,0.0,0.0,0.0,86,False
2021,ewm_sub_win_rate_diff,9.371703147888184,1.0,551.4540405273438,37,True
2021,ewm_td_acc_diff,0.0,0.0,0.0,87,False
2021,ewm_td_avg_diff,21.43010902404785,16.0,557.9830322265625,7,True
2021,ewm_td_def_diff,0.0,0.0,0.0,88,False
2021,ewm_win_pct_diff,7.806783676147461,2.0,546.1793212890625,50,True
2021,ewm_win_streak_diff,0.0,0.0,0.0,89,False
2021,ewm_wins_diff,0.0,0.0,0.0,90,False
2021,ewm_worst_loss_elo_diff,0.0,0.0,0.0,91,False
2021,experience_ratio_diff,0.0,0.0,0.0,92,False
2021,fights_diff,0.0,0.0,0.0,93,False
2021,finish_dependency_diff,0.0,0.0,0.0,94,False
2021,finish_loss_rate_diff,0.0,0.0,0.0,95,False
2021,finish_rate_diff,0.0,0.0,0.0,96,False
2021,height_diff,7.649386405944824,1.0,539.089111328125,51,True
2021,kd_absorbed_avg_diff,13.557032585144043,12.0,551.641845703125,12,True
2021,kd_avg_diff,14.753121376037598,6.0,552.9788208007812,11,True
2021,ko_dependency_diff,23.208477020263672,10.0,554.0064697265625,3,True
2021,ko_rate_diff,21.608713150024414,3.0,555.85693359375,6,True
2021,ko_win_concentration_diff,0.0,0.0,0.0,97,False
2021,last_fight_ko_loss_diff,0.0,0.0,0.0,98,False
2021,loss_streak_diff,0.0,0.0,0.0,99,False
2021,losses_diff,0.0,0.0,0.0,100,False
2021,pressure_striking_adv_diff,0.0,0.0,0.0,101,False
2021,reach_diff,0.0,0.0,0.0,102,False
2021,recent_avg_fight_time_diff,0.0,0.0,0.0,103,False
2021,recent_finish_rate_diff,0.0,0.0,0.0,104,False
2021,recent_form_avg_fight_time_diff,0.0,0.0,0.0,105,False
2021,recent_form_avg_opponent_elo_diff,0.0,0.0,0.0,106,False
2021,recent_form_best_win_elo_diff,9.849266052246094,2.0,539.2861328125,35,True
2021,recent_form_ctrl_against_per_min_diff,0.0,0.0,0.0,107,False
2021,recent_form_ctrl_per_min_diff,0.0,0.0,0.0,108,False
2021,recent_form_days_since_last_fight_diff,0.0,0.0,0.0,109,False
2021,recent_form_decision_loss_rate_diff,11.894330024719238,15.0,549.4589233398438,21,True
2021,recent_form_decision_win_rate_diff,10.251619338989258,7.0,550.1704711914062,32,True
2021,recent_form_elo_diff,8.473406791687012,3.0,546.77099609375,45,True
2021,recent_form_fights_diff,0.0,0.0,0.0,110,False
2021,recent_form_finish_loss_rate_diff,0.0,0.0,0.0,111,False
2021,recent_form_finish_rate_diff,0.0,0.0,0.0,112,False
2021,recent_form_kd_absorbed_avg_diff,8.150032043457031,1.0,552.541259765625,46,True
2021,recent_form_kd_avg_diff,11.944567680358887,25.0,549.7616577148438,20,True
2021,recent_form_ko_rate_diff,9.290287017822266,3.0,546.3170776367188,38,True
2021,recent_form_loss_streak_diff,0.0,0.0,0.0,113,False
2021,recent_form_losses_diff,0.0,0.0,0.0,114,False
2021,recent_form_recent_avg_fight_time_diff,7.337609767913818,1.0,550.5046997070312,53,True
2021,recent_form_recent_finish_rate_diff,0.0,0.0,0.0,115,False
2021,recent_form_recent_sapm_diff,0.0,0.0,0.0,116,False
2021,recent_form_recent_splm_diff,10.472090721130371,9.0,549.7144165039062,31,True
2021,recent_form_recent_td_avg_diff,9.03501033782959,11.0,545.2147827148438,42,True
2021,recent_form_recent_win_pct_diff,0.0,0.0,0.0,117,False
2021,recent_form_sapm_diff,10.21805191040039,5.0,547.3697509765625,33,True
2021,recent_form_splm_diff,12.889739036560059,1.0,555.2642211914062,14,True
2021,recent_form_str_acc_diff,0.0,0.0,0.0,118,False
2021,recent_form_str_def_diff,0.0,0.0,0.0,119,False
2021,recent_form_sub_avg_diff,0.0,0.0,0.0,120,False
2021,recent_form_sub_win_rate_diff,12.08474349975586,17.0,551.741455078125,18,True
2021,recent_form_td_acc_diff,6.729513168334961,1.0,540.2048950195312,54,True
2021,recent_form_td_avg_diff,0.0,0.0,0.0,121,False
2021,recent_form_td_def_diff,0.0,0.0,0.0,122,False
2021,recent_form_win_pct_diff,8.06344223022461,1.0,549.4287109375,47,True
2021,recent_form_win_streak_diff,0.0,0.0,0.0,123,False
2021,recent_form_wins_diff,9.229084014892578,1.0,548.3190307617188,39,True
2021,recent_form_worst_loss_elo_diff,9.098894119262695,7.0,547.4547729492188,41,True
2021,recent_ko_losses_3_diff,0.0,0.0,0.0,124,False
2021,recent_sapm_diff,10.555597305297852,1.0,548.0499877929688,29,True
2021,recent_splm_diff,9.609353065490723,1.0,559.0299072265625,36,True
2021,recent_td_avg_diff,0.0,0.0,0.0,125,False
2021,recent_win_pct_diff,0.0,0.0,0.0,126,False
2021,sapm_diff,0.0,0.0,0.0,127,False
2021,splm_diff,10.640761375427246,1.0,552.1512451171875,27,True
2021,str_acc_diff,0.0,0.0,0.0,128,False
2021,str_def_diff,7.880755424499512,1.0,540.7863159179688,49,True
2021,style_all_round_finisher_score_diff,11.792831420898438,2.0,549.3118896484375,22,True
2021,style_control_wrestler_score_diff,13.31577205657959,7.0,545.9560546875,13,True
2021,style_decision_technician_score_diff,0.0,0.0,0.0,129,False
2021,style_flexibility_score_diff,0.0,0.0,0.0,130,False
2021,style_ko_finisher_score_diff,19.151514053344727,10.0,555.0816650390625,9,True
2021,style_primary_score_diff,11.676883697509766,9.0,552.56494140625,23,True
2021,style_score_spread_diff,12.15503978729248,1.0,549.4032592773438,17,True
2021,style_submission_grappler_score_diff,7.536020278930664,1.0,537.3578491210938,52,True
2021,sub_avg_diff,0.0,0.0,0.0,131,False
2021,sub_win_rate_diff,15.6848783493042,3.0,553.439697265625,10,True
2021,submission_dependency_diff,10.925708770751953,1.0,556.62353515625,24,True
2021,submission_mismatch_diff,0.0,0.0,0.0,132,False
2021,submission_win_concentration_diff,20.13336753845215,12.0,556.087158203125,8,True
2021,td_acc_diff,0.0,0.0,0.0,133,False
2021,td_avg_diff,23.200164794921875,5.0,553.4444580078125,4,True
2021,td_def_diff,0.0,0.0,0.0,134,False
2021,victory_concentration_index_diff,0.0,0.0,0.0,135,False
2021,weight_diff,10.694579124450684,14.0,550.3738403320312,26,True
2021,win_method_entropy_diff,0.0,0.0,0.0,136,False
2021,win_pct_diff,0.0,0.0,0.0,137,False
2021,win_streak_diff,0.0,0.0,0.0,138,False
2021,wins_diff,0.0,0.0,0.0,139,False
2021,worst_loss_elo_diff,0.0,0.0,0.0,140,False
2021,wrestling_mismatch_diff,11.97395133972168,5.0,549.7017822265625,19,True
2022,age_diff,0.0,0.0,0.0,50,False
2022,age_squared_diff,0.0,0.0,0.0,51,False
2022,age_x_career_ko_losses_diff,21.357267379760742,32.0,634.2536010742188,7,True
2022,aggression_index_diff,8.812769889831543,3.0,625.0267944335938,39,True
2022,avg_fight_time_diff,0.0,0.0,0.0,52,False
2022,avg_opponent_elo_diff,0.0,0.0,0.0,53,False
2022,best_win_elo_diff,0.0,0.0,0.0,54,False
2022,career_ko_losses_diff,36.580745697021484,1.0,643.8428955078125,1,True
2022,chin_risk_diff,0.0,0.0,0.0,55,False
2022,ctrl_against_per_min_diff,0.0,0.0,0.0,56,False
2022,ctrl_per_min_diff,8.962430000305176,1.0,618.9697265625,36,True
2022,days_since_last_fight_diff,0.0,0.0,0.0,57,False
2022,days_since_last_ko_loss_diff,0.0,0.0,0.0,58,False
2022,decision_dependency_diff,8.271025657653809,1.0,623.1973876953125,43,True
2022,decision_loss_rate_diff,0.0,0.0,0.0,59,False
2022,decision_win_rate_diff,0.0,0.0,0.0,60,False
2022,elo_diff,0.0,0.0,0.0,61,False
2022,ewm_avg_fight_time_diff,0.0,0.0,0.0,62,False
2022,ewm_avg_opponent_elo_diff,0.0,0.0,0.0,63,False
2022,ewm_best_win_elo_diff,0.0,0.0,0.0,64,False
2022,ewm_ctrl_against_per_min_diff,0.0,0.0,0.0,65,False
2022,ewm_ctrl_per_min_diff,0.0,0.0,0.0,66,False
2022,ewm_days_since_last_fight_diff,0.0,0.0,0.0,67,False
2022,ewm_decision_loss_rate_diff,0.0,0.0,0.0,68,False
2022,ewm_decision_win_rate_diff,0.0,0.0,0.0,69,False
2022,ewm_elo_diff,7.467200756072998,2.0,624.3143920898438,48,True
2022,ewm_fights_diff,0.0,0.0,0.0,70,False
2022,ewm_finish_loss_rate_diff,0.0,0.0,0.0,71,False
2022,ewm_finish_rate_diff,0.0,0.0,0.0,72,False
2022,ewm_kd_absorbed_avg_diff,11.357307434082031,7.0,631.3095703125,20,True
2022,ewm_kd_avg_diff,0.0,0.0,0.0,73,False
2022,ewm_ko_rate_diff,10.968146324157715,1.0,631.19970703125,23,True
2022,ewm_loss_streak_diff,0.0,0.0,0.0,74,False
2022,ewm_losses_diff,0.0,0.0,0.0,75,False
2022,ewm_recent_avg_fight_time_diff,0.0,0.0,0.0,76,False
2022,ewm_recent_finish_rate_diff,0.0,0.0,0.0,77,False
2022,ewm_recent_sapm_diff,6.977267742156982,2.0,624.894287109375,49,True
2022,ewm_recent_splm_diff,11.223213195800781,5.0,633.7337036132812,22,True
2022,ewm_recent_td_avg_diff,14.954383850097656,6.0,635.4436645507812,12,True
2022,ewm_recent_win_pct_diff,0.0,0.0,0.0,78,False
2022,ewm_sapm_diff,0.0,0.0,0.0,79,False
2022,ewm_splm_diff,10.01951789855957,3.0,633.2518920898438,29,True
2022,ewm_str_acc_diff,7.995650291442871,1.0,626.5443725585938,47,True
2022,ewm_str_def_diff,0.0,0.0,0.0,80,False
2022,ewm_sub_avg_diff,0.0,0.0,0.0,81,False
2022,ewm_sub_win_rate_diff,9.72538948059082,2.0,629.6727905273438,30,True
2022,ewm_td_acc_diff,0.0,0.0,0.0,82,False
2022,ewm_td_avg_diff,23.325414657592773,11.0,637.9501342773438,4,True
2022,ewm_td_def_diff,0.0,0.0,0.0,83,False
2022,ewm_win_pct_diff,8.879237174987793,1.0,623.053955078125,37,True
2022,ewm_win_streak_diff,0.0,0.0,0.0,84,False
2022,ewm_wins_diff,0.0,0.0,0.0,85,False
2022,ewm_worst_loss_elo_diff,0.0,0.0,0.0,86,False
2022,experience_ratio_diff,0.0,0.0,0.0,87,False
2022,fights_diff,0.0,0.0,0.0,88,False
2022,finish_dependency_diff,0.0,0.0,0.0,89,False
2022,finish_loss_rate_diff,0.0,0.0,0.0,90,False
2022,finish_rate_diff,0.0,0.0,0.0,91,False
2022,height_diff,8.581783294677734,3.0,625.7356567382812,42,True
2022,kd_absorbed_avg_diff,11.350630760192871,7.0,630.1162109375,21,True
2022,kd_avg_diff,17.26457405090332,11.0,632.9845581054688,10,True
2022,ko_dependency_diff,24.863887786865234,10.0,637.0892944335938,3,True
2022,ko_rate_diff,17.117530822753906,2.0,632.1318359375,11,True
2022,ko_win_concentration_diff,0.0,0.0,0.0,92,False
2022,last_fight_ko_loss_diff,0.0,0.0,0.0,93,False
2022,loss_streak_diff,0.0,0.0,0.0,94,False
2022,losses_diff,0.0,0.0,0.0,95,False
2022,pressure_striking_adv_diff,0.0,0.0,0.0,96,False
2022,reach_diff,8.825840950012207,1.0,619.4087524414062,38,True
2022,recent_avg_fight_time_diff,0.0,0.0,0.0,97,False
2022,recent_finish_rate_diff,0.0,0.0,0.0,98,False
2022,recent_form_avg_fight_time_diff,0.0,0.0,0.0,99,False
2022,recent_form_avg_opponent_elo_diff,0.0,0.0,0.0,100,False
2022,recent_form_best_win_elo_diff,8.133845329284668,1.0,618.7659301757812,46,True
2022,recent_form_ctrl_against_per_min_diff,0.0,0.0,0.0,101,False
2022,recent_form_ctrl_per_min_diff,0.0,0.0,0.0,102,False
2022,recent_form_days_since_last_fight_diff,8.172148704528809,1.0,626.6796264648438,45,True
2022,recent_form_decision_loss_rate_diff,10.911761283874512,10.0,628.4758911132812,24,True
2022,recent_form_decision_win_rate_diff,8.657382011413574,3.0,632.7147827148438,40,True
2022,recent_form_elo_diff,0.0,0.0,0.0,103,False
2022,recent_form_fights_diff,0.0,0.0,0.0,104,False
2022,recent_form_finish_loss_rate_diff,0.0,0.0,0.0,105,False
2022,recent_form_finish_rate_diff,0.0,0.0,0.0,106,False
2022,recent_form_kd_absorbed_avg_diff,0.0,0.0,0.0,107,False
2022,recent_form_kd_avg_diff,11.75343132019043,27.0,628.01025390625,19,True
2022,recent_form_ko_rate_diff,12.535082817077637,6.0,630.154296875,15,True
2022,recent_form_loss_streak_diff,0.0,0.0,0.0,108,False
2022,recent_form_losses_diff,0.0,0.0,0.0,109,False
2022,recent_form_recent_avg_fight_time_diff,0.0,0.0,0.0,110,False
2022,recent_form_recent_finish_rate_diff,0.0,0.0,0.0,111,False
2022,recent_form_recent_sapm_diff,0.0,0.0,0.0,112,False
2022,recent_form_recent_splm_diff,12.242746353149414,8.0,632.7865600585938,16,True
2022,recent_form_recent_td_avg_diff,9.16259765625,12.0,625.0286254882812,34,True
2022,recent_form_recent_win_pct_diff,0.0,0.0,0.0,113,False
2022,recent_form_sapm_diff,9.601424217224121,3.0,621.5933227539062,31,True
2022,recent_form_splm_diff,0.0,0.0,0.0,114,False
2022,recent_form_str_acc_diff,0.0,0.0,0.0,115,False
2022,recent_form_str_def_diff,0.0,0.0,0.0,116,False
2022,recent_form_sub_avg_diff,9.01865291595459,3.0,624.4814453125,35,True
2022,recent_form_sub_win_rate_diff,12.173287391662598,11.0,633.0374755859375,17,True
2022,recent_form_td_acc_diff,0.0,0.0,0.0,117,False
2022,recent_form_td_avg_diff,0.0,0.0,0.0,118,False
2022,recent_form_td_def_diff,0.0,0.0,0.0,119,False
2022,recent_form_win_pct_diff,0.0,0.0,0.0,120,False
2022,recent_form_win_streak_diff,0.0,0.0,0.0,121,False
2022,recent_form_wins_diff,0.0,0.0,0.0,122,False
2022,recent_form_worst_loss_elo_diff,9.253559112548828,5.0,626.597412109375,32,True
2022,recent_ko_losses_3_diff,0.0,0.0,0.0,123,False
2022,recent_sapm_diff,10.543346405029297,1.0,629.0435180664062,27,True
2022,recent_splm_diff,0.0,0.0,0.0,124,False
2022,recent_td_avg_diff,0.0,0.0,0.0,125,False
2022,recent_win_pct_diff,0.0,0.0,0.0,126,False
2022,sapm_diff,0.0,0.0,0.0,127,False
2022,splm_diff,8.25073528289795,2.0,621.2725830078125,44,True
2022,str_acc_diff,0.0,0.0,0.0,128,False
2022,str_def_diff,8.656370162963867,6.0,628.2042846679688,41,True
2022,style_all_round_finisher_score_diff,19.17971420288086,8.0,634.51220703125,8,True
2022,style_control_wrestler_score_diff,14.926858901977539,5.0,628.833984375,13,True
2022,style_decision_technician_score_diff,0.0,0.0,0.0,129,False
2022,style_flexibility_score_diff,0.0,0.0,0.0,130,False
2022,style_ko_finisher_score_diff,18.87160873413086,8.0,633.536376953125,9,True
2022,style_primary_score_diff,10.844952583312988,5.0,631.1014404296875,25,True
2022,style_score_spread_diff,10.169136047363281,9.0,628.8311157226562,28,True
2022,style_submission_grappler_score_diff,0.0,0.0,0.0,131,False
2022,sub_avg_diff,0.0,0.0,0.0,132,False
2022,sub_win_rate_diff,22.257410049438477,5.0,638.4108276367188,5,True
2022,submission_dependency_diff,10.572208404541016,1.0,638.2551879882812,26,True
2022,submission_mismatch_diff,0.0,0.0,0.0,133,False
2022,submission_win_concentration_diff,21.922779083251953,13.0,636.2473754882812,6,True
2022,td_acc_diff,9.2400541305542,3.0,624.4437866210938,33,True
2022,td_avg_diff,25.23230743408203,6.0,635.9027709960938,2,True
2022,td_def_diff,0.0,0.0,0.0,134,False
2022,victory_concentration_index_diff,0.0,0.0,0.0,135,False
2022,weight_diff,12.093253135681152,17.0,628.8753051757812,18,True
2022,win_method_entropy_diff,0.0,0.0,0.0,136,False
2022,win_pct_diff,0.0,0.0,0.0,137,False
2022,win_streak_diff,0.0,0.0,0.0,138,False
2022,wins_diff,0.0,0.0,0.0,139,False
2022,worst_loss_elo_diff,0.0,0.0,0.0,140,False
2022,wrestling_mismatch_diff,14.847488403320312,8.0,633.018798828125,14,True
2023,age_diff,0.0,0.0,0.0,52,False
2023,age_squared_diff,0.0,0.0,0.0,53,False
2023,age_x_career_ko_losses_diff,25.77481460571289,27.0,712.6981201171875,4,True
2023,aggression_index_diff,8.878484725952148,2.0,698.6243286132812,42,True
2023,avg_fight_time_diff,0.0,0.0,0.0,54,False
2023,avg_opponent_elo_diff,8.16507625579834,1.0,694.8780517578125,44,True
2023,best_win_elo_diff,0.0,0.0,0.0,55,False
2023,career_ko_losses_diff,41.19415283203125,1.0,720.9862670898438,1,True
2023,chin_risk_diff,0.0,0.0,0.0,56,False
2023,ctrl_against_per_min_diff,0.0,0.0,0.0,57,False
2023,ctrl_per_min_diff,0.0,0.0,0.0,58,False
2023,days_since_last_fight_diff,0.0,0.0,0.0,59,False
2023,days_since_last_ko_loss_diff,0.0,0.0,0.0,60,False
2023,decision_dependency_diff,0.0,0.0,0.0,61,False
2023,decision_loss_rate_diff,0.0,0.0,0.0,62,False
2023,decision_win_rate_diff,0.0,0.0,0.0,63,False
2023,elo_diff,0.0,0.0,0.0,64,False
2023,ewm_avg_fight_time_diff,0.0,0.0,0.0,65,False
2023,ewm_avg_opponent_elo_diff,0.0,0.0,0.0,66,False
2023,ewm_best_win_elo_diff,0.0,0.0,0.0,67,False
2023,ewm_ctrl_against_per_min_diff,0.0,0.0,0.0,68,False
2023,ewm_ctrl_per_min_diff,11.06423568725586,2.0,702.5462646484375,28,True
2023,ewm_days_since_last_fight_diff,0.0,0.0,0.0,69,False
2023,ewm_decision_loss_rate_diff,0.0,0.0,0.0,70,False
2023,ewm_decision_win_rate_diff,0.0,0.0,0.0,71,False
2023,ewm_elo_diff,7.545296669006348,1.0,703.2513427734375,47,True
2023,ewm_fights_diff,0.0,0.0,0.0,72,False
2023,ewm_finish_loss_rate_diff,0.0,0.0,0.0,73,False
2023,ewm_finish_rate_diff,0.0,0.0,0.0,74,False
2023,ewm_kd_absorbed_avg_diff,12.621235847473145,13.0,706.4979858398438,24,True
2023,ewm_kd_avg_diff,0.0,0.0,0.0,75,False
2023,ewm_ko_rate_diff,18.526559829711914,3.0,709.7924194335938,11,True
2023,ewm_loss_streak_diff,0.0,0.0,0.0,76,False
2023,ewm_losses_diff,0.0,0.0,0.0,77,False
2023,ewm_recent_avg_fight_time_diff,0.0,0.0,0.0,78,False
2023,ewm_recent_finish_rate_diff,0.0,0.0,0.0,79,False
2023,ewm_recent_sapm_diff,0.0,0.0,0.0,80,False
2023,ewm_recent_splm_diff,9.328258514404297,3.0,706.8449096679688,41,True
2023,ewm_recent_td_avg_diff,15.27572250366211,8.0,710.8406372070312,14,True
2023,ewm_recent_win_pct_diff,0.0,0.0,0.0,81,False
2023,ewm_sapm_diff,0.0,0.0,0.0,82,False
2023,ewm_splm_diff,9.645744323730469,4.0,703.7053833007812,36,True
2023,ewm_str_acc_diff,9.365921974182129,1.0,698.8196411132812,39,True
2023,ewm_str_def_diff,0.0,0.0,0.0,83,False
2023,ewm_sub_avg_diff,7.201906204223633,1.0,706.8211059570312,49,True
2023,ewm_sub_win_rate_diff,10.234253883361816,3.0,706.56298828125,33,True
2023,ewm_td_acc_diff,0.0,0.0,0.0,84,False
2023,ewm_td_avg_diff,28.329782485961914,7.0,717.3407592773438,3,True
2023,ewm_td_def_diff,0.0,0.0,0.0,85,False
2023,ewm_win_pct_diff,7.145497798919678,1.0,704.2748413085938,51,True
2023,ewm_win_streak_diff,0.0,0.0,0.0,86,False
2023,ewm_wins_diff,0.0,0.0,0.0,87,False
2023,ewm_worst_loss_elo_diff,0.0,0.0,0.0,88,False
2023,experience_ratio_diff,9.624911308288574,1.0,697.8115844726562,38,True
2023,fights_diff,0.0,0.0,0.0,89,False
2023,finish_dependency_diff,0.0,0.0,0.0,90,False
2023,finish_loss_rate_diff,0.0,0.0,0.0,91,False
2023,finish_rate_diff,0.0,0.0,0.0,92,False
2023,height_diff,7.150784492492676,1.0,700.4503173828125,50,True
2023,kd_absorbed_avg_diff,20.269254684448242,4.0,712.0037841796875,9,True
2023,kd_avg_diff,17.78089714050293,9.0,713.8854370117188,13,True
2023,ko_dependency_diff,23.801279067993164,6.0,713.6814575195312,6,True
2023,ko_rate_diff,20.68044662475586,2.0,710.2957763671875,8,True
2023,ko_win_concentration_diff,0.0,0.0,0.0,93,False
2023,last_fight_ko_loss_diff,0.0,0.0,0.0,94,False
2023,loss_streak_diff,0.0,0.0,0.0,95,False
2023,losses_diff,0.0,0.0,0.0,96,False
2023,pressure_striking_adv_diff,0.0,0.0,0.0,97,False
2023,reach_diff,0.0,0.0,0.0,98,False
2023,recent_avg_fight_time_diff,0.0,0.0,0.0,99,False
2023,recent_finish_rate_diff,0.0,0.0,0.0,100,False
2023,recent_form_avg_fight_time_diff,0.0,0.0,0.0,101,False
2023,recent_form_avg_opponent_elo_diff,0.0,0.0,0.0,102,False
2023,recent_form_best_win_elo_diff,8.36114501953125,1.0,695.3263549804688,43,True
2023,recent_form_ctrl_against_per_min_diff,0.0,0.0,0.0,103,False
2023,recent_form_ctrl_per_min_diff,0.0,0.0,0.0,104,False
2023,recent_form_days_since_last_fight_diff,0.0,0.0,0.0,105,False
2023,recent_form_decision_loss_rate_diff,10.668227195739746,5.0,704.046875,31,True
2023,recent_form_decision_win_rate_diff,10.643871307373047,8.0,705.3818969726562,32,True
2023,recent_form_elo_diff,0.0,0.0,0.0,106,False
2023,recent_form_fights_diff,0.0,0.0,0.0,107,False
2023,recent_form_finish_loss_rate_diff,0.0,0.0,0.0,108,False
2023,recent_form_finish_rate_diff,0.0,0.0,0.0,109,False
2023,recent_form_kd_absorbed_avg_diff,0.0,0.0,0.0,110,False
2023,recent_form_kd_avg_diff,13.336202621459961,37.0,706.0208129882812,21,True
2023,recent_form_ko_rate_diff,13.588605880737305,5.0,707.6376342773438,19,True
2023,recent_form_loss_streak_diff,0.0,0.0,0.0,111,False
2023,recent_form_losses_diff,0.0,0.0,0.0,112,False
2023,recent_form_recent_avg_fight_time_diff,0.0,0.0,0.0,113,False
2023,recent_form_recent_finish_rate_diff,0.0,0.0,0.0,114,False
2023,recent_form_recent_sapm_diff,0.0,0.0,0.0,115,False
2023,recent_form_recent_splm_diff,12.540489196777344,9.0,706.8161010742188,25,True
2023,recent_form_recent_td_avg_diff,9.340901374816895,7.0,701.2075805664062,40,True
2023,recent_form_recent_win_pct_diff,0.0,0.0,0.0,116,False
2023,recent_form_sapm_diff,9.941768646240234,9.0,706.8804321289062,35,True
2023,recent_form_splm_diff,0.0,0.0,0.0,117,False
2023,recent_form_str_acc_diff,0.0,0.0,0.0,118,False
2023,recent_form_str_def_diff,7.284710884094238,1.0,688.2290649414062,48,True
2023,recent_form_sub_avg_diff,0.0,0.0,0.0,119,False
2023,recent_form_sub_win_rate_diff,13.435160636901855,13.0,708.8839111328125,20,True
2023,recent_form_td_acc_diff,8.110044479370117,2.0,701.1312255859375,45,True
2023,recent_form_td_avg_diff,0.0,0.0,0.0,120,False
2023,recent_form_td_def_diff,9.641375541687012,1.0,710.1842041015625,37,True
2023,recent_form_win_pct_diff,0.0,0.0,0.0,121,False
2023,recent_form_win_streak_diff,0.0,0.0,0.0,122,False
2023,recent_form_wins_diff,0.0,0.0,0.0,123,False
2023,recent_form_worst_loss_elo_diff,7.955910682678223,2.0,690.2730712890625,46,True
2023,recent_ko_losses_3_diff,13.7225341796875,1.0,707.0499877929688,18,True
2023,recent_sapm_diff,11.45227336883545,1.0,706.1050415039062,27,True
2023,recent_splm_diff,0.0,0.0,0.0,124,False
2023,recent_td_avg_diff,0.0,0.0,0.0,125,False
2023,recent_win_pct_diff,0.0,0.0,0.0,126,False
2023,sapm_diff,0.0,0.0,0.0,127,False
2023,splm_diff,10.216859817504883,2.0,710.68896484375,34,True
2023,str_acc_diff,0.0,0.0,0.0,128,False
2023,str_def_diff,0.0,0.0,0.0,129,False
2023,style_all_round_finisher_score_diff,17.936851501464844,6.0,711.88037109375,12,True
2023,style_control_wrestler_score_diff,13.006694793701172,2.0,698.9625244140625,22,True
2023,style_decision_technician_score_diff,0.0,0.0,0.0,130,False
2023,style_flexibility_score_diff,0.0,0.0,0.0,131,False
2023,style_ko_finisher_score_diff,19.440460205078125,7.0,708.2089233398438,10,True
2023,style_primary_score_diff,14.916213035583496,3.0,714.4939575195312,16,True
2023,style_score_spread_diff,12.659822463989258,14.0,706.5040893554688,23,True
2023,style_submission_grappler_score_diff,0.0,0.0,0.0,132,False
2023,sub_avg_diff,0.0,0.0,0.0,133,False
2023,sub_win_rate_diff,25.688154220581055,4.0,716.2388305664062,5,True
2023,submission_dependency_diff,10.817350387573242,1.0,712.2098999023438,30,True
2023,submission_mismatch_diff,0.0,0.0,0.0,134,False
2023,submission_win_concentration_diff,21.476228713989258,13.0,713.9570922851562,7,True
2023,td_acc_diff,12.411109924316406,1.0,705.3757934570312,26,True
2023,td_avg_diff,32.63113784790039,11.0,714.7588500976562,2,True
2023,td_def_diff,0.0,0.0,0.0,135,False
2023,victory_concentration_index_diff,0.0,0.0,0.0,136,False
2023,weight_diff,15.048992156982422,21.0,706.5635986328125,15,True
2023,win_method_entropy_diff,0.0,0.0,0.0,137,False
2023,win_pct_diff,0.0,0.0,0.0,138,False
2023,win_streak_diff,0.0,0.0,0.0,139,False
2023,wins_diff,0.0,0.0,0.0,140,False
2023,worst_loss_elo_diff,10.942580223083496,1.0,700.3893432617188,29,True
2023,wrestling_mismatch_diff,14.820853233337402,11.0,707.3819580078125,17,True
2024,age_diff,0.0,0.0,0.0,53,False
2024,age_squared_diff,0.0,0.0,0.0,54,False
2024,age_x_career_ko_losses_diff,24.203903198242188,29.0,777.5142211914062,6,True
2024,aggression_index_diff,0.0,0.0,0.0,55,False
2024,avg_fight_time_diff,0.0,0.0,0.0,56,False
2024,avg_opponent_elo_diff,0.0,0.0,0.0,57,False
2024,best_win_elo_diff,0.0,0.0,0.0,58,False
2024,career_ko_losses_diff,39.35197830200195,2.0,786.2409057617188,1,True
2024,chin_risk_diff,9.394331932067871,3.0,769.4408569335938,41,True
2024,ctrl_against_per_min_diff,0.0,0.0,0.0,59,False
2024,ctrl_per_min_diff,0.0,0.0,0.0,60,False
2024,days_since_last_fight_diff,0.0,0.0,0.0,61,False
2024,days_since_last_ko_loss_diff,0.0,0.0,0.0,62,False
2024,decision_dependency_diff,0.0,0.0,0.0,63,False
2024,decision_loss_rate_diff,0.0,0.0,0.0,64,False
2024,decision_win_rate_diff,8.784400939941406,1.0,772.4909057617188,44,True
2024,elo_diff,0.0,0.0,0.0,65,False
2024,ewm_avg_fight_time_diff,0.0,0.0,0.0,66,False
2024,ewm_avg_opponent_elo_diff,0.0,0.0,0.0,67,False
2024,ewm_best_win_elo_diff,0.0,0.0,0.0,68,False
2024,ewm_ctrl_against_per_min_diff,0.0,0.0,0.0,69,False
2024,ewm_ctrl_per_min_diff,11.51071834564209,3.0,771.4631958007812,25,True
2024,ewm_days_since_last_fight_diff,10.036348342895508,2.0,764.025634765625,36,True
2024,ewm_decision_loss_rate_diff,0.0,0.0,0.0,70,False
2024,ewm_decision_win_rate_diff,0.0,0.0,0.0,71,False
2024,ewm_elo_diff,10.090154647827148,1.0,765.466064453125,35,True
2024,ewm_fights_diff,0.0,0.0,0.0,72,False
2024,ewm_finish_loss_rate_diff,0.0,0.0,0.0,73,False
2024,ewm_finish_rate_diff,0.0,0.0,0.0,74,False
2024,ewm_kd_absorbed_avg_diff,18.11842155456543,15.0,776.0584716796875,10,True
2024,ewm_kd_avg_diff,0.0,0.0,0.0,75,False
2024,ewm_ko_rate_diff,13.196587562561035,1.0,773.701904296875,21,True
2024,ewm_loss_streak_diff,0.0,0.0,0.0,76,False
2024,ewm_losses_diff,0.0,0.0,0.0,77,False
2024,ewm_recent_avg_fight_time_diff,0.0,0.0,0.0,78,False
2024,ewm_recent_finish_rate_diff,0.0,0.0,0.0,79,False
2024,ewm_recent_sapm_diff,8.529912948608398,1.0,760.932373046875,47,True
2024,ewm_recent_splm_diff,12.25505256652832,2.0,778.8489990234375,23,True
2024,ewm_recent_td_avg_diff,17.64876937866211,13.0,775.2379150390625,11,True
2024,ewm_recent_win_pct_diff,0.0,0.0,0.0,80,False
2024,ewm_sapm_diff,0.0,0.0,0.0,81,False
2024,ewm_splm_diff,8.734600067138672,1.0,769.6526489257812,45,True
2024,ewm_str_acc_diff,11.465251922607422,1.0,766.2694702148438,27,True
2024,ewm_str_def_diff,0.0,0.0,0.0,82,False
2024,ewm_sub_avg_diff,10.430166244506836,1.0,765.3032836914062,30,True
2024,ewm_sub_win_rate_diff,8.512144088745117,1.0,764.3253173828125,48,True
2024,ewm_td_acc_diff,0.0,0.0,0.0,83,False
2024,ewm_td_avg_diff,22.990863800048828,8.0,779.3228149414062,7,True
2024,ewm_td_def_diff,0.0,0.0,0.0,84,False
2024,ewm_win_pct_diff,10.24630355834961,2.0,762.8989868164062,33,True
2024,ewm_win_streak_diff,0.0,0.0,0.0,85,False
2024,ewm_wins_diff,0.0,0.0,0.0,86,False
2024,ewm_worst_loss_elo_diff,0.0,0.0,0.0,87,False
2024,experience_ratio_diff,8.261865615844727,1.0,770.4684448242188,50,True
2024,fights_diff,0.0,0.0,0.0,88,False
2024,finish_dependency_diff,0.0,0.0,0.0,89,False
2024,finish_loss_rate_diff,0.0,0.0,0.0,90,False
2024,finish_rate_diff,0.0,0.0,0.0,91,False
2024,height_diff,8.930217742919922,2.0,769.9033813476562,43,True
2024,kd_absorbed_avg_diff,16.197978973388672,4.0,773.2593383789062,12,True
2024,kd_avg_diff,16.056682586669922,8.0,773.5284423828125,13,True
2024,ko_dependency_diff,22.731786727905273,4.0,776.03515625,8,True
2024,ko_rate_diff,24.463436126708984,2.0,777.5802001953125,5,True
2024,ko_win_concentration_diff,0.0,0.0,0.0,92,False
2024,last_fight_ko_loss_diff,0.0,0.0,0.0,93,False
2024,loss_streak_diff,0.0,0.0,0.0,94,False
2024,losses_diff,0.0,0.0,0.0,95,False
2024,pressure_striking_adv_diff,0.0,0.0,0.0,96,False
2024,reach_diff,0.0,0.0,0.0,97,False
2024,recent_avg_fight_time_diff,0.0,0.0,0.0,98,False
2024,recent_finish_rate_diff,0.0,0.0,0.0,99,False
2024,recent_form_avg_fight_time_diff,0.0,0.0,0.0,100,False
2024,recent_form_avg_opponent_elo_diff,0.0,0.0,0.0,101,False
2024,recent_form_best_win_elo_diff,0.0,0.0,0.0,102,False
2024,recent_form_ctrl_against_per_min_diff,0.0,0.0,0.0,103,False
2024,recent_form_ctrl_per_min_diff,0.0,0.0,0.0,104,False
2024,recent_form_days_since_last_fight_diff,9.33710765838623,1.0,764.6670532226562,42,True
2024,recent_form_decision_loss_rate_diff,9.95441722869873,3.0,769.1591796875,37,True
2024,recent_form_decision_win_rate_diff,11.470520973205566,7.0,768.9592895507812,26,True
2024,recent_form_elo_diff,0.0,0.0,0.0,105,False
2024,recent_form_fights_diff,0.0,0.0,0.0,106,False
2024,recent_form_finish_loss_rate_diff,0.0,0.0,0.0,107,False
2024,recent_form_finish_rate_diff,0.0,0.0,0.0,108,False
2024,recent_form_kd_absorbed_avg_diff,0.0,0.0,0.0,109,False
2024,recent_form_kd_avg_diff,14.919228553771973,32.0,772.6762084960938,18,True
2024,recent_form_ko_rate_diff,11.188902854919434,6.0,768.93798828125,28,True
2024,recent_form_loss_streak_diff,0.0,0.0,0.0,110,False
2024,recent_form_losses_diff,0.0,0.0,0.0,111,False
2024,recent_form_recent_avg_fight_time_diff,0.0,0.0,0.0,112,False
2024,recent_form_recent_finish_rate_diff,6.880978107452393,1.0,764.154296875,52,True
2024,recent_form_recent_sapm_diff,0.0,0.0,0.0,113,False
2024,recent_form_recent_splm_diff,12.357442855834961,9.0,771.0629272460938,22,True
2024,recent_form_recent_td_avg_diff,8.439820289611816,3.0,761.7297973632812,49,True
2024,recent_form_recent_win_pct_diff,0.0,0.0,0.0,114,False
2024,recent_form_sapm_diff,10.277352333068848,14.0,769.4677734375,32,True
2024,recent_form_splm_diff,0.0,0.0,0.0,115,False
2024,recent_form_str_acc_diff,0.0,0.0,0.0,116,False
2024,recent_form_str_def_diff,0.0,0.0,0.0,117,False
2024,recent_form_sub_avg_diff,0.0,0.0,0.0,118,False
2024,recent_form_sub_win_rate_diff,15.305855751037598,12.0,773.36572265625,17,True
2024,recent_form_td_acc_diff,0.0,0.0,0.0,119,False
2024,recent_form_td_avg_diff,0.0,0.0,0.0,120,False
2024,recent_form_td_def_diff,9.56303596496582,1.0,777.1693725585938,39,True
2024,recent_form_win_pct_diff,0.0,0.0,0.0,121,False
2024,recent_form_win_streak_diff,0.0,0.0,0.0,122,False
2024,recent_form_wins_diff,0.0,0.0,0.0,123,False
2024,recent_form_worst_loss_elo_diff,9.44742488861084,3.0,761.5178833007812,40,True
2024,recent_ko_losses_3_diff,11.693206787109375,1.0,775.4540405273438,24,True
2024,recent_sapm_diff,10.368169784545898,3.0,762.0184936523438,31,True
2024,recent_splm_diff,0.0,0.0,0.0,124,False
2024,recent_td_avg_diff,0.0,0.0,0.0,125,False
2024,recent_win_pct_diff,0.0,0.0,0.0,126,False
2024,sapm_diff,0.0,0.0,0.0,127,False
2024,splm_diff,11.128314018249512,1.0,778.3786010742188,29,True
2024,str_acc_diff,0.0,0.0,0.0,128,False
2024,str_def_diff,7.397671222686768,1.0,765.2954711914062,51,True
2024,style_all_round_finisher_score_diff,25.723129272460938,3.0,782.9971313476562,3,True
2024,style_control_wrestler_score_diff,10.232579231262207,1.0,756.9876708984375,34,True
2024,style_decision_technician_score_diff,0.0,0.0,0.0,129,False
2024,style_flexibility_score_diff,0.0,0.0,0.0,130,False
2024,style_ko_finisher_score_diff,25.19834327697754,6.0,777.219970703125,4,True
2024,style_primary_score_diff,14.724815368652344,6.0,772.5178833007812,19,True
2024,style_score_spread_diff,15.426630020141602,15.0,774.1138916015625,15,True
2024,style_submission_grappler_score_diff,0.0,0.0,0.0,131,False
2024,sub_avg_diff,8.570466041564941,3.0,768.1834106445312,46,True
2024,sub_win_rate_diff,0.0,0.0,0.0,132,False
2024,submission_dependency_diff,9.793810844421387,1.0,777.497314453125,38,True
2024,submission_mismatch_diff,0.0,0.0,0.0,133,False
2024,submission_win_concentration_diff,20.89019203186035,18.0,779.8880004882812,9,True
2024,td_acc_diff,0.0,0.0,0.0,134,False
2024,td_avg_diff,33.06988525390625,10.0,782.0062255859375,2,True
2024,td_def_diff,0.0,0.0,0.0,135,False
2024,victory_concentration_index_diff,0.0,0.0,0.0,136,False
2024,weight_diff,15.709863662719727,23.0,772.002197265625,14,True
2024,win_method_entropy_diff,0.0,0.0,0.0,137,False
2024,win_pct_diff,0.0,0.0,0.0,138,False
2024,win_streak_diff,0.0,0.0,0.0,139,False
2024,wins_diff,0.0,0.0,0.0,140,False
2024,worst_loss_elo_diff,15.323808670043945,1.0,762.2655029296875,16,True
2024,wrestling_mismatch_diff,14.046540260314941,7.0,772.625,20,True
