fight_id,date,won,model_p
0165bd3c26f0c076,2021-01-16,1,0.6284829262650149
358f816aff469270,2021-01-16,1,0.38859286872599563
3d903bc35023f50a,2021-01-16,0,0.36469635202111855
3fcd53eb27945231,2021-01-16,0,0.2837355996692392
6b0da0b1cda7799f,2021-01-16,1,0.6721753422629922
775c1f401815bbd8,2021-01-16,0,0.6853764992241367
97ad63e644757cf4,2021-01-16,0,0.4788302065822315
97c80f69ac312030,2021-01-16,0,0.6744149450049823
a4817b7e46028b4a,2021-01-16,1,0.6501026086235094
aeb7ff8ce6e1beac,2021-01-16,0,0.7028489140879312
031e6624f96aceb8,2021-01-20,0,0.5789280869571867
11558384f80f6506,2021-01-20,1,0.8389549672908946
4abcf14faa7f92f2,2021-01-20,1,0.763774224847786
4e451881e0e47b05,2021-01-20,1,0.5706687032685694
4f6d3cdf2c77fb57,2021-01-20,1,0.5351531314227768
57e784028ef2c17d,2021-01-20,1,0.534671957434616
61bedad39b15db7a,2021-01-20,1,0.4553837416928351
76b61ff4c9760f79,2021-01-20,1,0.5624687496484893
a003e8305d4dbdc8,2021-01-20,0,0.28571239451680275
ac475de5a3d0d7e2,2021-01-20,1,0.49050402191739356
ae38fb2a6b6a0cc1,2021-01-20,0,0.38379563660499844
d27ac1bc677b89cf,2021-01-20,1,0.770687632106563
dd34dd337e637767,2021-01-20,1,0.30038139568905875
3d3e7dc7b4bf2bc4,2021-01-23,1,0.33493089399063614
65352221c0bfe52d,2021-01-23,0,0.4272939539124015
83da743f6dda7dcc,2021-01-23,1,0.5307526324462293
92f569a6d9374b86,2021-01-23,1,0.5063939436597211
a5075f4eaee6036f,2021-01-23,0,0.560211087959306
aaf45b095452be23,2021-01-23,1,0.5171503358650992
c597fd8bb66d54d8,2021-01-23,0,0.7357212444472601
cd08b68f0bafafbf,2021-01-23,1,0.2541264823762589
f3ccbfd7036f3cf3,2021-01-23,0,0.18554026763409945
2c81668d1459991f,2021-02-06,1,0.509638619356449
86d6e09932c5b551,2021-02-06,1,0.3137754063933595
8b9bdacca749ec90,2021-02-06,0,0.3921485175846982
9ef858837dfc65eb,2021-02-06,1,0.7645197419804258
af8ea6db042674ef,2021-02-06,0,0.6203374714976103
bbade63ca780668f,2021-02-06,0,0.5301510399850742
d65da3a3bc675449,2021-02-06,0,0.5800443508978078
f4fbb11055301e75,2021-02-06,0,0.6749326090619897
17616514e8fdacb9,2021-02-13,1,0.5081670479700889
25b8c932da5e91f4,2021-02-13,0,0.5170695842864146
26fbf026beb8e9f8,2021-02-13,1,0.6895646640809802
54e2490959f66dc2,2021-02-13,1,0.746693453619747
8cf076524cad5a55,2021-02-13,1,0.7834935462897945
9201312dd860fa5a,2021-02-13,0,0.4043332258793
96b1430379c0694a,2021-02-13,0,0.7955981844054213
be94e5b7a35ce5f2,2021-02-13,1,0.7339960706737607
f98e954823bd6e02,2021-02-13,0,0.4726942960138622
05ceb8b2f93993a6,2021-02-20,1,0.5385032108032246
15b1c7ddc4415fdd,2021-02-20,0,0.3299505912005193
1d892fec31dc7ad7,2021-02-20,0,0.37244323398572543
82243207b4dfce87,2021-02-20,0,0.6315073832113235
8f7328fe18806fb0,2021-02-20,0,0.44749658851270735
931fd51ab69fb443,2021-02-20,1,0.4110753497376041
990c2378caec68d4,2021-02-20,0,0.4212179230936973
b12bc15f384ecc42,2021-02-20,0,0.8166109481471022
b9cd4910f0ecff45,2021-02-20,1,0.32378836640208747
c3b6aa47e7532a7b,2021-02-20,1,0.66403936338398
e175c1a0bff30187,2021-02-20,0,0.5640392091567354
11a83369d49ad138,2021-02-27,0,0.3534049890044148
3a4e2dffcdd1c838,2021-02-27,0,0.3155398084325229
3eac2d47ac252f4b,2021-02-27,0,0.6748919377303573
4a704dae3091adaf,2021-02-27,0,0.34364654898019187
6a0341234ecc4e87,2021-02-27,1,0.5568053012171587
a7315147a7022a93,2021-02-27,1,0.4443210119452289
bc86601cf781a89c,2021-02-27,1,0.6636993604831871
c2ee423d1f0b4f6f,2021-02-27,1,0.4131618000617031
04a788abbbd1f256,2021-03-06,0,0.36395660963622245
15c9cb5f9320c555,2021-03-06,0,0.5370796798150131
2704d31de2c2f43b,2021-03-06,1,0.6077273415178381
50ef636148fa6fac,2021-03-06,0,0.41544487676641256
5980ab31e4718a83,2021-03-06,0,0.6257020585693068
7ad09f889d2cdb6f,2021-03-06,1,0.6391374721005763
7de9867b7cc2b1b1,2021-03-06,1,0.33035729949847
873306ad79b62f5e,2021-03-06,0,0.4983239935153493
ae5d14a9fc1ad19c,2021-03-06,0,0.39766890166141744
c06d7bb29bc24d00,2021-03-06,1,0.8394703777786121
c096342c57a6f2c4,2021-03-06,0,0.6604298652493528
d170f6580e1c244f,2021-03-06,1,0.32140697040665067
e2abba69c3371618,2021-03-06,1,0.5996525185869034
f4363f1317b47213,2021-03-06,1,0.45425627368795796
fd92fe0c494d0959,2021-03-06,1,0.8610876164677382
01f262b68a6a2223,2021-03-13,0,0.6388181717685965
03bdbf2d18f3025d,2021-03-13,1,0.6537221812899825
18c67631b76c18e5,2021-03-13,1,0.7180173192405491
4944437e73071671,2021-03-13,0,0.588368122446051
70aa6b8f863e6861,2021-03-13,0,0.7379669279638521
8a7b0cd5ad9ca4fe,2021-03-13,0,0.6884423942636702
a6828a6dfb21d33c,2021-03-13,1,0.7789834395809033
bb7ce8a6ba7f7cc5,2021-03-13,1,0.7134357918882094
d0ebb0551377a1c1,2021-03-13,1,0.5797405557397608
d15a87087b6f1452,2021-03-13,1,0.6839556329440813
e8adfbbe0053c321,2021-03-13,0,0.4479730348620203
2efbcd870f1f7bc7,2021-03-20,1,0.38914314445477866
55bf7f19a132e0fc,2021-03-20,1,0.43632404067745373
68cf99b6551dc3b3,2021-03-20,1,0.561110775625142
9e45cc594a5a2506,2021-03-20,1,0.7956599219459297
a043e279434d5c8c,2021-03-20,0,0.36651667644629826
afc86d1076c4c3a9,2021-03-20,1,0.6822986596309889
b8a0047c927faa75,2021-03-20,1,0.8214870003192116
dcfbbebc0aee6ded,2021-03-20,0,0.3880195228945066
edac9fd482177a64,2021-03-20,0,0.4038910706454151
0aa335dbc4cb3473,2021-03-27,1,0.7834571248999102
2220b73ece1730c3,2021-03-27,0,0.42208229150343
390694c179f05c7f,2021-03-27,1,0.5325769424535142
39d188fa9b95d550,2021-03-27,0,0.39814350101534574
41622791b276ad9e,2021-03-27,1,0.5376243265533367
48292a027df02443,2021-03-27,1,0.6631713104967807
4b3af85b0df51d09,2021-03-27,0,0.3468105129281091
6002c24f0b7f8cc7,2021-03-27,0,0.38503614427426563
8317208cfb030ed3,2021-03-27,0,0.4521003798901662
b1eff235241e719b,2021-03-27,0,0.45116009996543976
0992795fd0fa06d0,2021-04-10,0,0.547131657931744
1fee9eca658d9808,2021-04-10,0,0.34071831690173116
3209bcfaf95de90b,2021-04-10,1,0.7798145060815976
444f0a732695dc81,2021-04-10,0,0.7199032295756854
646eeca9447c6965,2021-04-10,0,0.43690055945344974
71b81d8199a0fa19,2021-04-10,1,0.4623950019998281
7aebf01b5afc0109,2021-04-10,1,0.27909289391985287
93a1cd50374397c0,2021-04-10,1,0.6076712270223605
998296216e7171ed,2021-04-10,0,0.27131200262264443
ac9a8b73e58f3d71,2021-04-10,0,0.5695419134287505
ddd63237f1b857a6,2021-04-10,1,0.6956267451957938
e27c28928ed4390f,2021-04-10,0,0.3011322786409349
0b2c3c4306620d6d,2021-04-17,1,0.7874686388479881
24ff385ca78c80d3,2021-04-17,1,0.8224318033625819
25d4376e00b16510,2021-04-17,1,0.3095413009145923
627c0a50cff30405,2021-04-17,0,0.5620703479409993
8d634c9240f161dd,2021-04-17,1,0.6384864353605804
a33ecd2c88154890,2021-04-17,1,0.599670619651948
a850ba762f3c5334,2021-04-17,0,0.700225692353348
f2c82f027201ba21,2021-04-17,1,0.46841377806675316
f67aa0b16e16a9ea,2021-04-17,1,0.6919717665578118
fdfe4e7cb2d0b665,2021-04-17,1,0.6245383813387362
00bbcd4a6d647fdf,2021-04-24,1,0.33744222910099053
1820fed0fbcf6294,2021-04-24,1,0.3977964807629561
34d2632fd26e7078,2021-04-24,1,0.8114484126255616
512af32553d9bd70,2021-04-24,0,0.499687128450113
6a5eb525331fa1fc,2021-04-24,1,0.7658236389392555
6a7347d1da8a2b87,2021-04-24,1,0.7175072363732966
6d8da45352344964,2021-04-24,0,0.6466321252973577
c5dfce1eaa2dc169,2021-04-24,1,0.5578285944007605
f5dd0a24a7dba53c,2021-04-24,0,0.49369650297973866
26202a4bd36d3fd2,2021-05-01,1,0.7599747859152927
2ef09c8fe29251ac,2021-05-01,0,0.7018609592061792
2f82e8079ba354f4,2021-05-01,1,0.7057189424141112
394802bb096b403e,2021-05-01,0,0.5067107000368409
3d790112d2e6d851,2021-05-01,0,0.49813179935791263
78dc032441394331,2021-05-01,1,0.6664145977883159
c9c79de21823d941,2021-05-01,0,0.38386108779601047
d6b5a6ad27a730ae,2021-05-01,1,0.7853220466218863
d72f9b3ac742a9e3,2021-05-01,0,0.5816273050799884
ffd8e8575a551875,2021-05-01,1,0.6551004037913256
00fbeda449926c13,2021-05-08,1,0.4064257938541067
178c4926223dca0c,2021-05-08,1,0.4438022726782538
295a0bf12a7373c0,2021-05-08,0,0.4333006120605245
37fda56a435a9b24,2021-05-08,0,0.36065668824608954
3f71ac21472f994c,2021-05-08,0,0.4190508678886409
4ffbadfb86284af5,2021-05-08,0,0.6926080004733742
8a95f0e3f9111f0c,2021-05-08,1,0.38786592347357285
db2c805201a3116e,2021-05-08,0,0.578587404473537
1f2f27b36e79da74,2021-05-15,0,0.41741784746641586
2b894d87ad9aae05,2021-05-15,1,0.5315115526626792
5573d46130d6b967,2021-05-15,1,0.4822627223729425
6655a8da2655f2d0,2021-05-15,0,0.5569509357751986
be2e28ba3bdeb400,2021-05-15,1,0.4908999996900964
bfd672cac0726a9a,2021-05-15,0,0.7078002216216693
ca22bafab913aae7,2021-05-15,0,0.4363024033965399
cfbaeb80b5ff7c00,2021-05-15,0,0.416056851165277
de332779baa1b103,2021-05-15,1,0.6946477538231904
fef29aa73bd5b907,2021-05-15,1,0.5729419375161632
138f719d370e8ba0,2021-05-22,0,0.5982268646489834
16369fa06392f6a0,2021-05-22,0,0.5372792886287799
3627f5133ce55902,2021-05-22,1,0.7398793807157388
559c0c3d752f327a,2021-05-22,0,0.5089944675975758
7f8340dfe4220c3e,2021-05-22,1,0.5895600418698037
82d48296fd06c27f,2021-05-22,0,0.17921212515800952
ae0afbff5ba07a34,2021-05-22,1,0.46292595148974763
b381dc272b32ce03,2021-05-22,1,0.740901848714786
c7cf2194fe5c751f,2021-05-22,1,0.6593743151733384
d16f7ab4e28171ea,2021-05-22,1,0.5727690713628952
d44a814b106b94ff,2021-05-22,1,0.7853224887699135
e624d85a0d718578,2021-05-22,1,0.4810550762091567
0716a38768a34789,2021-06-05,0,0.6688083098604661
23b943e9ce495f0b,2021-06-05,0,0.33208401570172374
2c0cddd12deb7450,2021-06-05,1,0.5613353268086355
419d1e29668b57fb,2021-06-05,1,0.7431414772560487
58c5d506181812fa,2021-06-05,1,0.32499978559043274
5c0e5d850d8e661f,2021-06-05,1,0.42156373200909847
73a83b2595416f0a,2021-06-05,1,0.6110758807205845
827aacd14f80e8f3,2021-06-05,0,0.6369932516443454
9252ad2304fd9a26,2021-06-05,0,0.5619660563628254
bb6438338bb8aebf,2021-06-05,1,0.5981053807542209
f187c7ec92f43828,2021-06-05,0,0.3803036719470558
0f51869f98afa6c0,2021-06-12,0,0.6106625572138789
1b4d5dbf5f663a97,2021-06-12,1,0.6290403064991174
34d38d77c1d3f00e,2021-06-12,1,0.714688744287077
43dfb2c1e5fecac9,2021-06-12,0,0.34404690252986553
4560734220b96851,2021-06-12,1,0.30937098044869915
6cd44e1b2d093ea4,2021-06-12,1,0.7253298209823789
7d2051c6bae907cb,2021-06-12,0,0.5414026464297286
84cde29aebf6c00c,2021-06-12,0,0.5242623033225804
9127a6430e46292c,2021-06-12,1,0.5406931142792366
b070b8c2c489d838,2021-06-12,1,0.836158680078347
d4ad90ac58429b64,2021-06-12,0,0.6310371368955645
d66164d2c770da68,2021-06-12,1,0.6695371130922937
dedb74ee9d84deab,2021-06-12,1,0.5879544552886345
1e9f081a84e7ec18,2021-06-19,0,0.5416432794013953
2bdf774dc8b17504,2021-06-19,1,0.3704698660182964
50cae63d530ede7c,2021-06-19,1,0.40046068720603684
53ed3f8f653b37b2,2021-06-19,0,0.5039742077995528
6fd9a013cea5a403,2021-06-19,0,0.29478021417604466
744627aec853874e,2021-06-19,0,0.7089100957084539
87c8e086c29ae543,2021-06-19,1,0.6654615149199237
a83ebbf013905949,2021-06-19,1,0.6591482763513432
bb1ac382e0277b3f,2021-06-19,0,0.45703275926821074
d3c0dfa57950aefd,2021-06-19,0,0.39380497233762735
d684d8b02ab53031,2021-06-19,1,0.4216873016178779
e8fd128286788a6d,2021-06-19,1,0.5981506404476082
086c2a0cae0835c4,2021-06-26,1,0.8665061342357403
0eac7075bf3d7ab7,2021-06-26,1,0.7448197563830031
23c7c6ceee34585f,2021-06-26,0,0.41298651929823693
4341ebb5a56e6943,2021-06-26,1,0.6379880256008723
5357dab4d331eb18,2021-06-26,1,0.6671232278187668
78afed76d0e9a639,2021-06-26,1,0.6256743907312254
81de3929330076d2,2021-06-26,0,0.6868600063746897
85099c6378ff87c5,2021-06-26,1,0.5645668150590665
c9283da5f4d7aaf4,2021-06-26,1,0.5190213439780065
ce0fda34122f3d48,2021-06-26,0,0.6010867417702837
d40eae4425092219,2021-06-26,1,0.6739009678649533
d988760df61f027c,2021-06-26,1,0.7178963573939242
07468b6347ac5e3d,2021-07-10,0,0.3607958151282193
1aba46988c9b58f9,2021-07-10,0,0.4388507595597678
53b480b44b0b51f1,2021-07-10,1,0.5627416100038746
5d5bf07dbfada0e3,2021-07-10,1,0.6408050878637734
7070abfa26c079b8,2021-07-10,0,0.4033591712967886
7d0ce28ce8a77eb1,2021-07-10,1,0.6089425941233557
8245791a3d3403c6,2021-07-10,1,0.4618579490463917
858feabaf429a963,2021-07-10,0,0.5107857502564398
96bbb6c573dac27a,2021-07-10,0,0.3450581909684305
ac0a1d87e9ff4085,2021-07-10,1,0.6904137794622883
dbcc5b5d568efa8b,2021-07-10,1,0.8451903904916143
49876b12d440af40,2021-07-17,0,0.7488063833043324
72105dd82d964e7a,2021-07-17,0,0.2922174438232107
7d4c160dab6eae73,2021-07-17,1,0.8806612477770247
813444e109995c97,2021-07-17,1,0.6176956394080799
8151659b2bc16f0e,2021-07-17,1,0.6955261536368414
93d5452726f5f364,2021-07-17,0,0.5100147813931503
940701effe1d2b6c,2021-07-17,0,0.5964592788267972
f0b83b05f3dd9580,2021-07-17,0,0.3978399312182783
1bde9cb65d31cc76,2021-07-24,1,0.46774010476170397
1be65a0d2c1383f6,2021-07-24,1,0.3372821745419491
214b268e4a92f950,2021-07-24,0,0.6704503711624381
40ce202eaa78860c,2021-07-24,1,0.5232227656538996
43c391b251337c9b,2021-07-24,1,0.6922026997664096
4911094a4ee26868,2021-07-24,0,0.516337084997584
4bb77b1d8efc53a9,2021-07-24,0,0.7472504456240825
7c3ad06a520b8716,2021-07-24,0,0.6091543797344147
c13474b85d3ced32,2021-07-24,1,0.7491873100585048
cade0268dec56f3d,2021-07-24,1,0.6751806339785795
dff1dbb8fe1f31cb,2021-07-24,1,0.5203592798935134
12ceec9431fb0827,2021-07-31,1,0.19013012700879053
1978b44503c3d9ff,2021-07-31,0,0.5406571477899051
6671b567c4eb9982,2021-07-31,0,0.44553490205776897
8522bc62e8d942ab,2021-07-31,0,0.3721124659872517
96c51bc6316a4b47,2021-07-31,1,0.40878184634054565
9eef9b7967991296,2021-07-31,0,0.7245724029997996
e3ecb94228c2739f,2021-07-31,0,0.6590296178296806
fb9095887dca34c7,2021-07-31,1,0.521352608705551
3d75081ce43774ca,2021-08-07,1,0.4507008494956438
85c5dd604d5b3634,2021-08-07,1,0.6585216522300065
962aab0abdd34173,2021-08-07,1,0.514975707055922
980927e7dcc131c0,2021-08-07,1,0.5221339829560612
9a678f346946b6a4,2021-08-07,1,0.6960704751240625
af9927b5589e708b,2021-08-07,1,0.765807433471996
bf732e22055e8634,2021-08-07,0,0.2791965685203784
cce232c1b1b2e4a0,2021-08-07,0,0.45183629878259074
dcd0793ff1a43b68,2021-08-07,1,0.723355082572364
efe985e626a0d8c0,2021-08-07,0,0.577301252362222
f2336b7545f5f442,2021-08-07,0,0.597455041573846
0b47788da6de735e,2021-08-21,1,0.6768336693249652
12d2b282561b5e5f,2021-08-21,1,0.5102251424162756
3a9e0fed344fd07d,2021-08-21,0,0.3891504696797438
47230f9b5d7ae037,2021-08-21,1,0.3444538976653104
47a157222b2c9092,2021-08-21,0,0.3483942386010529
5e2ce5aa3a92c2df,2021-08-21,1,0.6242682707625943
755d84d5f4aa4dbf,2021-08-21,1,0.5920772670554697
8badcb2134c1cdaf,2021-08-21,0,0.5523619408060544
92d39a17e34cf581,2021-08-21,0,0.5543177392547912
bfacb44c24bfe0e9,2021-08-21,1,0.4536584778081593
e1897ff433134cb8,2021-08-21,0,0.5564327940604173
f536ba47f006474a,2021-08-21,1,0.567269766341715
089a17e450cc98aa,2021-08-28,0,0.661731390142082
0f3a91caeaa55094,2021-08-28,1,0.6473568270670418
1de342e9309c5f0f,2021-08-28,0,0.8158487971865056
2cb9ba68fc855f33,2021-08-28,1,0.8039406293878061
5086f9fb4fdc2f60,2021-08-28,1,0.6821819388196741
58d5e4afc2dd35d1,2021-08-28,0,0.5113858116706738
5cd1869013741767,2021-08-28,0,0.5268970554181973
ad3aa9520131ff2e,2021-08-28,1,0.845939563161516
be4890f4aaadec28,2021-08-28,1,0.8039368150345324
e24c8aab497b4fe1,2021-08-28,0,0.7777670333991881
ed64e42263bf50bf,2021-08-28,1,0.5955680105423343
ef4484943b1c68a9,2021-08-28,0,0.5971147949170342
06c0c7dda5a5909d,2021-09-04,1,0.466312966987463
14f2bb86fd888e91,2021-09-04,1,0.4387247871157227
3f76035e52e8819b,2021-09-04,1,0.36577640464455663
4fc128b1bdf088b1,2021-09-04,1,0.8407386380077373
8fc238e84c4624a7,2021-09-04,1,0.599203468006853
a7c38d4d66abf923,2021-09-04,0,0.41865673230702827
ad81be01a461c936,2021-09-04,0,0.5996815660138192
b977ffcc6428046f,2021-09-04,1,0.6588831555596083
f09912e9d8eaa968,2021-09-04,1,0.5472657695789608
06b3226c34c17001,2021-09-18,0,0.4627608396391724
0ce63c2148e70b4c,2021-09-18,1,0.7879811689903486
13a8ddb1c3f55ed4,2021-09-18,1,0.8828223942782225
2d42742aade53799,2021-09-18,0,0.45538284735102946
401f5f4714132d50,2021-09-18,1,0.6596295894407528
4b5f9b7c31d1205d,2021-09-18,1,0.6091821795314452
576b795e33ddd62d,2021-09-18,1,0.36724216297642326
d06495deb1ff1750,2021-09-18,0,0.45716502079174826
d1621b3da377f34b,2021-09-18,1,0.5632379282884408
dc870fab1e0f15e1,2021-09-18,1,0.8275485946700715
eb10feae98ea7d36,2021-09-18,0,0.5488943416523265
18f1b88d8977c216,2021-09-25,1,0.6594652886622551
7233b2a56438d77a,2021-09-25,1,0.9139405856286632
73f6b72b4889088f,2021-09-25,1,0.774253325376443
7484298ad57099be,2021-09-25,1,0.4939203376395158
7abc4520f63f2c06,2021-09-25,0,0.43238936770647335
92e006a93f983fb5,2021-09-25,0,0.45226163067997727
b3c23fb2d71bba51,2021-09-25,1,0.5509451198404495
bc276e0f07e30a54,2021-09-25,0,0.23090638308286215
d8189169b2c8a2aa,2021-09-25,0,0.4536883197538554
e7bb37681652c2c2,2021-09-25,0,0.24355161140581572
f085f32bbb3220e1,2021-09-25,0,0.40909603948090995
f4a2806f77ac1cdc,2021-09-25,1,0.6595838203517522
f4df74046a1c4364,2021-09-25,1,0.8086083501072734
16d31775a8dcb31d,2021-10-02,0,0.19087325516145723
37c484012ef24a5b,2021-10-02,1,0.5716212451019277
3b7eb8e56052a2af,2021-10-02,0,0.5950617680563924
5f444eac11e55161,2021-10-02,1,0.6614226523163126
6832e9e62da0f9d3,2021-10-02,0,0.30555501239081984
9c33c8d4a381ba70,2021-10-02,0,0.38425111206213913
a00b4e82f9d4f92c,2021-10-02,1,0.8447793498293182
c1e5859053263811,2021-10-02,1,0.6266887393743961
dba710edbc3c29ff,2021-10-02,0,0.4312550494412818
dfa2f5c821a52c63,2021-10-02,0,0.5755458743834452
e7423a91a253b416,2021-10-02,1,0.7525586821051504
149d6b90f33634a4,2021-10-09,0,0.6615700389100472
20f19439e9b100b0,2021-10-09,0,0.413475379101447
38957d8eb185391c,2021-10-09,0,0.6668995878150181
6101249c2cdd1493,2021-10-09,1,0.7005874901673963
777c65184aa63894,2021-10-09,1,0.8163106574344365
d5ffdb5388ffabc6,2021-10-09,1,0.7385421442684437
ddb927b0dfcfac2a,2021-10-09,1,0.7626672666977264
df16b9c2fc9722e9,2021-10-09,0,0.3723987661952029
f526892a27b50576,2021-10-09,1,0.7630420163613315
188b63ec6ee1c1c9,2021-10-16,1,0.4704036781785693
330e67abac6e5ce7,2021-10-16,0,0.5449904523252044
814d481e79e9a525,2021-10-16,0,0.4956148906850749
a2e1116a9fe84aa9,2021-10-16,1,0.2344849544040134
b193e2317b21125c,2021-10-16,1,0.7508777324163642
be8bee783d22bee2,2021-10-16,0,0.624528262150244
cf020c71f1dbfa0b,2021-10-16,1,0.59214366609264
d9ca00b3c62a874d,2021-10-16,1,0.6941479543475154
e3881a6895be3e9e,2021-10-16,1,0.26173514583370017
fefa96b6d939ffea,2021-10-16,0,0.377020802400367
1fe58cdab57d233b,2021-10-23,1,0.5935302623935642
587d373f18f6c8c0,2021-10-23,1,0.5328055246598036
61d9eff5fa4c8578,2021-10-23,0,0.5958107602447573
69167b996ce7a7e4,2021-10-23,1,0.5015421588897371
6d7eecf4acecda2a,2021-10-23,0,0.3385224761165476
7151ae256e6c181b,2021-10-23,1,0.45098944020437554
85f920746c58d0a6,2021-10-23,1,0.45445627277335987
860be3cc82895177,2021-10-23,0,0.3395048129216221
88256dd5a9aef1cc,2021-10-23,0,0.41954157245879437
98842f17dfe4b4ef,2021-10-23,1,0.3238371115760228
acec5f4c6fee1ae2,2021-10-23,1,0.5449181968407015
d44d735e5079bfb8,2021-10-23,1,0.7594508981580282
e078d18fa9ed100d,2021-10-23,1,0.7559464164831595
13e3e41e0c6f4e04,2021-10-30,1,0.7291485981762312
156f2425a937b22f,2021-10-30,0,0.32784359756299625
18edff5447989b3f,2021-10-30,1,0.7373247541210829
41cdfea7df63003f,2021-10-30,0,0.43145963150807126
4a5e5232346993c7,2021-10-30,0,0.3425139472122431
58b19ba734fe93a3,2021-10-30,1,0.7676523916062669
5ad4c0eae7512878,2021-10-30,1,0.8449228873190274
6163c18411aca830,2021-10-30,1,0.7567422354300004
768c86e307295944,2021-10-30,1,0.7399205379290115
919fb76d2f3e5827,2021-10-30,0,0.7307545968683968
92c49cb075f612d7,2021-10-30,0,0.5515971463069514
987cdcbc809e210d,2021-10-30,0,0.21192583857405559
d84968d7e9fcb4f3,2021-10-30,1,0.6484070284143825
efc6af0151f72b87,2021-10-30,1,0.6934229310344833
095a351dd6f09f7e,2021-11-06,0,0.4592669008374774
19722043e7eb4e39,2021-11-06,1,0.519623186426141
31b3ae9352d9389b,2021-11-06,1,0.7299965016242029
385101e8ad828c39,2021-11-06,1,0.7506618347002141
73d541adc2909dc8,2021-11-06,1,0.7272158668037544
8081cb92f71401c6,2021-11-06,0,0.3934084096722931
88cc78d2d5d6bcaa,2021-11-06,1,0.7409963948684224
999a0fad4c82148d,2021-11-06,1,0.6408663840012461
a260238fdb9c47cf,2021-11-06,1,0.6024073635976447
c634ed84212723ca,2021-11-06,0,0.38323078608746824
e25875165648162b,2021-11-06,0,0.4940667204195377
fa3b28ff3585b4a0,2021-11-06,0,0.7225854363806135
0273dbd5dedbdbe0,2021-11-13,0,0.6267961615855996
1013cdbb6c9a4a2e,2021-11-13,0,0.5823421592597783
147e984aa34e3028,2021-11-13,1,0.8210881420446341
2c21abbc28e3876a,2021-11-13,0,0.6666637928153032
66eee2320e900a8a,2021-11-13,1,0.753112560647815
73c97d5c314f1270,2021-11-13,1,0.5996466446255178
81bb4d9b214adf4b,2021-11-13,0,0.5196284328525196
8636b67096df4b27,2021-11-13,0,0.616172956370443
a27a355f52883f3e,2021-11-13,1,0.7845958521546461
c0518d213b67e754,2021-11-13,0,0.5406352805198251
e6ce8360ef43891c,2021-11-13,1,0.6937257147266603
18f19b1422e8154b,2021-11-20,1,0.5192557864000662
1cd8f5a107f64e39,2021-11-20,1,0.39643179962181446
1ff89e2a9cc2f2d2,2021-11-20,1,0.3539044399664114
450534f9fb9b13cd,2021-11-20,0,0.3969547917396559
50bf4bb2f8d9aba4,2021-11-20,0,0.4030590419575607
84c68c4c387d2e32,2021-11-20,1,0.6165765783189049
8dd086e2e70144fd,2021-11-20,1,0.7645740773132657
9b9ef12603e820ec,2021-11-20,0,0.3471938783276111
bb15c0a2911043bd,2021-11-20,0,0.20320675440372687
f592f168f3b8b807,2021-11-20,1,0.46885464545044186
fd60e75303622e5e,2021-11-20,1,0.4975020082817315
1ce1a43ef68ffc7d,2021-12-04,0,0.6349075969107273
3109d1151f149aaf,2021-12-04,0,0.5597947826568094
376dddfa82debbf4,2021-12-04,1,0.747303621706313
3fc8afbb23b9ac16,2021-12-04,1,0.6455197428659455
405bded9cc7a7c15,2021-12-04,1,0.5351438642198968
42b28adbed6966b7,2021-12-04,0,0.6038914491523342
5d64044b985004e7,2021-12-04,1,0.3781549245820059
657b7da9c89352fe,2021-12-04,1,0.6869697604545738
723a8a8c82cab1c8,2021-12-04,0,0.4086605672650502
9e5bbbacf1d92cb4,2021-12-04,0,0.7973791335544871
a38648a1c190f9be,2021-12-04,0,0.4885326722130212
b3847772199e2639,2021-12-04,0,0.6695700293973295
c74b03337a8441ed,2021-12-04,1,0.6062788260960673
0b633295d9e017a3,2021-12-11,0,0.8832750513009826
16243b1470887cb6,2021-12-11,1,0.6799073958363547
2d0d13dfc6c37ba8,2021-12-11,1,0.49665229694400237
505397f405e40206,2021-12-11,1,0.8068724045113376
50f2539c73b98eec,2021-12-11,0,0.48087720958506863
537a5aa4c248830e,2021-12-11,1,0.6781663492947567
6537a32e7af905b0,2021-12-11,1,0.5327740774772214
795aa42785a46643,2021-12-11,1,0.46731384841626433
8bcdcfb0f93f1409,2021-12-11,0,0.6202274984912438
8c01b7dccc4d0926,2021-12-11,0,0.2897240125713914
9039762cb9f4abdb,2021-12-11,0,0.24211387617348498
abb8c6c0a057184e,2021-12-11,0,0.47641822656652144
b22eab3aa1522f40,2021-12-11,1,0.5106035375098141
fc2a30bfb760bdf8,2021-12-11,0,0.5384080001441907
2a5484a6d5e7a2da,2021-12-18,1,0.5647454228043682
2e200563dd7c4922,2021-12-18,1,0.6833189528735525
4b7ec02b39fc6f70,2021-12-18,1,0.5080712299050374
730f14ccff80f3b0,2021-12-18,0,0.29336248190145975
85d9a516c3c6c205,2021-12-18,1,0.5785253253339288
8b3b38167060b1d7,2021-12-18,0,0.6653489151986128
a43dcd04788d95c7,2021-12-18,0,0.2707862051043318
a760d0f5de2e1aaa,2021-12-18,1,0.6368811920611258
b4f88d65b47c2a39,2021-12-18,1,0.6771091646092149
bdaca0a96d44438a,2021-12-18,0,0.39936390181265974
dd552b389152636a,2021-12-18,0,0.5826454856260672
ea76a3af8c5ecc55,2021-12-18,1,0.5955321396235659
fc0927c657c51622,2021-12-18,1,0.7551118926558414
3738135e4c9d8273,2022-01-15,1,0.48505491812209794
3a8c0158d910546d,2022-01-15,1,0.7057766237467902
3bcbb0e039f4f5d8,2022-01-15,1,0.5627009466364274
7c2a02b5ea169b54,2022-01-15,1,0.67980266416085
8.69E+73,2022-01-15,1,0.4050782887033122
8d89f3b8798f444d,2022-01-15,1,0.5965089815497939
9dfcf675cf2c1575,2022-01-15,1,0.32386733941970347
b5b5156c713c5d47,2022-01-15,0,0.33540685853576246
e8517ed0b49abc37,2022-01-15,1,0.3896809728508126
0669231ebe3dd560,2022-01-22,1,0.8024297435978904
0a0beb5aa9810de4,2022-01-22,0,0.6347293474746231
4047c2e259529179,2022-01-22,0,0.4558895046422832
44a55ba1de2b30e2,2022-01-22,0,0.7694516647949005
453283e947919ff7,2022-01-22,1,0.6568115186521073
5ba543efdce072f5,2022-01-22,1,0.7091057960925132
5da7168ac2ff0e1d,2022-01-22,1,0.6247622056121833
80f65ee9b6f8d63b,2022-01-22,0,0.3701643019990294
9687021e5c4d092a,2022-01-22,1,0.6381657840295247
cddd3d4febe097f8,2022-01-22,0,0.730085660966583
e786542667fdecf0,2022-01-22,1,0.3875691122139236
0489b42ac0ab6d4b,2022-02-05,0,0.6153421448397182
0730c4e6fb247fa1,2022-02-05,0,0.24532309645327255
208c5dc52ccfd47a,2022-02-05,1,0.7322769614613118
4b67a1875390e7ad,2022-02-05,0,0.35524021889579815
6b4c2cc27855506a,2022-02-05,1,0.7350539989153398
ace166f26c2ac2e8,2022-02-05,0,0.5562144484902157
18a1617ee7356352,2022-02-12,1,0.5983592231611101
19e742ccaa09cf08,2022-02-12,0,0.27017884044652646
238832b58a66ae07,2022-02-12,0,0.4442999492294593
3bebd99d5f94bec7,2022-02-12,1,0.6725425090157264
6708f3a32861038a,2022-02-12,0,0.43442236147965396
81c22cfa22002ea4,2022-02-12,1,0.5162278115781722
821bef3a3394dd96,2022-02-12,1,0.30602050242346684
a0ba726da4a50458,2022-02-12,1,0.7867046498101209
b1e048825b5bbe1c,2022-02-12,0,0.24098654031323458
bb42336d6417914c,2022-02-12,0,0.6369120822943509
c16bda7548181613,2022-02-12,0,0.49787483293668644
ca8f73d038c4d6e7,2022-02-12,1,0.7273246926867878
04e2d50c24a88dbd,2022-02-19,1,0.6437903934398306
25da52bc590ef664,2022-02-19,0,0.29635467137092636
2d8db91f91f68069,2022-02-19,1,0.6494051924108263
33cc40fc1da409d3,2022-02-19,0,0.516965776529012
528c208293bdef13,2022-02-19,1,0.7273736525241887
8cd583f6d10692bc,2022-02-19,1,0.7037863565759107
93026443e5140415,2022-02-19,1,0.6808301377506373
958799d957945a3a,2022-02-19,1,0.36443652918990577
99fd8396cbe1df03,2022-02-19,1,0.7802274906630207
e36a5d4d53b97d4e,2022-02-19,0,0.6098239388014285
ea63f56779100678,2022-02-19,1,0.6501316904499951
f7865e5a6d009a87,2022-02-19,0,0.341732212391761
01468f766dd7385c,2022-02-26,0,0.6089529697010659
181ceedcacc01d48,2022-02-26,0,0.4229363579894944
84d633d4a9fbf331,2022-02-26,1,0.4800582382203752
8515f07911765f89,2022-02-26,1,0.7429731912184866
901e62b7af57f559,2022-02-26,0,0.3133725563040734
c4eb14c3de579842,2022-02-26,0,0.6741416485147443
c5d5fcf290cc029e,2022-02-26,1,0.7572791645703123
cb1f27818d46af0e,2022-02-26,1,0.4824553201125335
f087a10a6f2bcc99,2022-02-26,1,0.7279145393982452
36d9337a27b71ba9,2022-03-05,0,0.5710394462017659
43b43c5d439b2f98,2022-03-05,1,0.7965945788766222
59d44b6888885500,2022-03-05,0,0.09940616256478184
838bb84a5a976a9c,2022-03-05,1,0.6261510084819809
9321b3c90ea5ca6c,2022-03-05,1,0.7774333249623877
abd45edc07a8d9e3,2022-03-05,0,0.321716996063922
c420c376cc1d149c,2022-03-05,1,0.3371483446912289
c6fc43c351b08bda,2022-03-05,1,0.4918317630483377
cda06ff86cfe4f5f,2022-03-05,1,0.6967076467160254
d03d0abf331df751,2022-03-05,1,0.7826810933327029
d5323490163dde0e,2022-03-05,1,0.688658795836244
ee278a5a25744cac,2022-03-05,1,0.4550338765065618
fce6ab43b7d09aa4,2022-03-05,1,0.6234050436122894
226884e46a10865d,2022-03-12,1,0.6955686265059094
23eec2d9cb2d78cd,2022-03-12,1,0.4833184222537152
26fbee4ed13ff35d,2022-03-12,1,0.46596510769295024
3b06c512abfa0494,2022-03-12,1,0.6016106381376956
463fac0e48505b62,2022-03-12,1,0.580876084047015
5cad3ab6553e9ec9,2022-03-12,1,0.4921639095721623
70b8d357e89383bd,2022-03-12,1,0.7882663640355206
8aa16cc1ba99aac1,2022-03-12,0,0.18348251022437678
9cb78122a23e6a7d,2022-03-12,0,0.521921358263062
b400c29fbeee0206,2022-03-12,0,0.643467279748119
b55de7d791b9f62d,2022-03-12,0,0.24929508284819663
b70313eae7c24b27,2022-03-12,0,0.3239737489447224
f10c2c84652ef573,2022-03-12,0,0.3739069664164356
06641a8c62e45661,2022-03-19,0,0.45089912292891154
4c7e55061dc3bf89,2022-03-19,1,0.8638454317403422
53d0df57a917c6a0,2022-03-19,1,0.6071052980939582
5a878a6bebc973d7,2022-03-19,1,0.5465131955439044
5e378c52f26935d6,2022-03-19,0,0.742308675680035
6e705b2365bc03fa,2022-03-19,0,0.6586046677159585
766b4f5e77ab0860,2022-03-19,0,0.693068745489282
a200b5dcbdd2506e,2022-03-19,0,0.23323199884529106
ae989e21c3839b49,2022-03-19,0,0.221914970773094
bcd1e1d71a172d53,2022-03-19,1,0.8454199441185581
ce3d94186567a684,2022-03-19,1,0.5338108574584092
1b650c76387c0f4b,2022-03-26,0,0.2561100999361732
3ecccdab76baa59c,2022-03-26,0,0.18444370866246101
3f92025b29e06bfd,2022-03-26,1,0.7687911254110456
410e65e4d1782bfc,2022-03-26,0,0.8165784186806243
6ed495c177d69a3a,2022-03-26,1,0.8896889735513583
82b2b97b85c7225c,2022-03-26,1,0.4922322394351598
97e522591ac7eb29,2022-03-26,1,0.4155662983116772
bb31c77bddd1317e,2022-03-26,1,0.32677463980311894
c4e866d9dd606faa,2022-03-26,1,0.8700085089934819
d0b7a79d3e7f3362,2022-03-26,1,0.4424122719857073
f3c37e23ca30c87d,2022-03-26,0,0.5082940468779832
f6afaf2a39fa441c,2022-03-26,1,0.45367576984553704
15311d4b33d93004,2022-04-09,0,0.5535187224878808
278b965694e563b2,2022-04-09,1,0.4191297930372048
313c36ce9bde6cf6,2022-04-09,1,0.6063072957940204
394b0347b0438622,2022-04-09,0,0.17947916483833665
7458a37feabf8788,2022-04-09,0,0.33926432300026377
7c6ed5b3d830d0cb,2022-04-09,1,0.5823009001420993
88c6e7f71b79fd65,2022-04-09,0,0.427173134450342
9a8964b148cb5923,2022-04-09,1,0.2530493880001003
9e52a67410f2c879,2022-04-09,1,0.5497528507811908
dc0ab34f1952cb48,2022-04-09,1,0.8461083332696006
0987b3f785e26d1c,2022-04-16,1,0.45264556115030835
0daf776bd222daad,2022-04-16,0,0.7064867263273691
1ceab8fa45996f51,2022-04-16,0,0.2454602455200724
4f6e7159e77d4215,2022-04-16,1,0.8186490623088942
559031e51ced0b53,2022-04-16,1,0.6330763162782562
6d4b6224f26572f9,2022-04-16,0,0.5801963672985528
74c58b9d638c5eaa,2022-04-16,1,0.7943172697724397
7c5fc3fc7be4a997,2022-04-16,0,0.5593221920201741
a0a120c50d93f70a,2022-04-16,1,0.5173674401167341
b09f8cd4cbd7ba56,2022-04-16,1,0.6400885239244607
c20e6697335c3b3d,2022-04-16,0,0.20950626212135737
eac46cfead228e11,2022-04-16,1,0.46206117255499884
173d576e6247a88a,2022-04-23,0,0.5323991171560034
3a3ac7b3987f6799,2022-04-23,0,0.3234419096045809
6017351e164dbca3,2022-04-23,0,0.47276804165241537
6a4ba72b084193b5,2022-04-23,0,0.5294471503331771
7cf7960c6ccb5fa1,2022-04-23,0,0.875856470904766
926977ec3ed0ebe1,2022-04-23,1,0.6749524598987638
992e84bf59837e21,2022-04-23,0,0.3272463964576829
9b8a82276f06829f,2022-04-23,0,0.4591998325082612
a45d4327bc82bc28,2022-04-23,1,0.6458745624425208
e4d946470fd150fe,2022-04-23,1,0.5783115718716966
e8c57c6259193466,2022-04-23,1,0.8445887366762793
5ae5eb729c6bb169,2022-04-30,0,0.4975093371423367
5b731da9e4be4391,2022-04-30,1,0.4841546631242838
632c2d4ed12f2bdf,2022-04-30,0,0.6516167892373718
6b956992204ec040,2022-04-30,1,0.6503638169292169
760e3f292b834637,2022-04-30,1,0.5954573651821452
7c8701bb78cb4de8,2022-04-30,0,0.34053301138586195
7e4b7a70838e5ba4,2022-04-30,0,0.5670377921271944
80cf37627a129145,2022-04-30,0,0.6649139987911867
9217ecc287ac482d,2022-04-30,1,0.7043759829342631
d2484d74f819d813,2022-04-30,1,0.9196846133100498
eb277b5ea2a19124,2022-04-30,1,0.5240233702403202
397dd9a8694ef413,2022-05-07,1,0.7759184153533945
430309e0f8a315d5,2022-05-07,1,0.45808122797272927
60d9d50b763adc62,2022-05-07,1,0.5600775375591283
6a902b97ac98c283,2022-05-07,1,0.45945488800225576
7d4e49d8a6678157,2022-05-07,1,0.5675420736126177
80ac36a9dbc4b1a1,2022-05-07,1,0.7060476500457373
8289033e03b4d9a3,2022-05-07,0,0.7890541587417109
8390441d93736719,2022-05-07,1,0.5504674793183463
88455c967a7ef6fc,2022-05-07,0,0.3282952194752933
9d61012a6020516e,2022-05-07,0,0.6911339701608755
a2ebb5f86eb64f22,2022-05-07,1,0.7278519211897092
c020ccbd7cdefb6e,2022-05-07,0,0.3275643248147337
fc4939b3c9071e66,2022-05-07,1,0.33353525102421905
ff6c8dab41efcc09,2022-05-07,1,0.6030395009422013
22f1133d02700bb2,2022-05-14,1,0.7792420778354049
2fa88b72973478b6,2022-05-14,1,0.30473885632301867
43543a2c1c7a7135,2022-05-14,1,0.7444576825018796
5c281439d20184f1,2022-05-14,1,0.3501599104216523
7e047b195135ef06,2022-05-14,1,0.4319458726225242
8a1aa64eb1f17913,2022-05-14,1,0.577636871464477
afed0bac5ce5a2f3,2022-05-14,0,0.813576891392726
b3248692dfb954b2,2022-05-14,0,0.6784751338257843
e240d6f77747ec46,2022-05-14,0,0.42487497095297744
f549164690d723bb,2022-05-14,1,0.7193194643867975
1b4d0c9e3c59b33b,2022-05-21,1,0.8439559465616229
3542f9f30926f364,2022-05-21,1,0.7510936388956251
4a789cdd5aaf4439,2022-05-21,0,0.3449035286719985
5136dc566f46daf6,2022-05-21,1,0.4969385620946637
534c07488396e124,2022-05-21,0,0.5748778025002543
5d4fb748ad246269,2022-05-21,0,0.38657088445217813
5eaff5c832430378,2022-05-21,0,0.45420325634311204
7a2c841693b54dd7,2022-05-21,0,0.6537206566163438
bc7228d30ff5be46,2022-05-21,0,0.5884115227297637
cbdfb3c648d7bada,2022-05-21,1,0.7041203287631366
f682118709b4143e,2022-05-21,1,0.6367259518885016
04e6198326be4857,2022-06-04,1,0.8262576685630787
344d60564cd136ff,2022-06-04,0,0.6628770834937133
3aa49ed298e4c34f,2022-06-04,1,0.6540312874562069
43d7d4b67be48553,2022-06-04,0,0.5222609229982137
4f2501e804c84abe,2022-06-04,0,0.5158589409863181
59b2bbb251968ca9,2022-06-04,1,0.8285741899171971
7a635063e5f1699b,2022-06-04,1,0.6686390960568916
7e20b0536fbbd560,2022-06-04,1,0.6113875883971115
93969a7368dc2e14,2022-06-04,1,0.6818468967827218
a09447d185a62251,2022-06-04,1,0.7306748786060252
a679800d2e7c3be2,2022-06-04,1,0.6524145021883381
aacb47949a572f25,2022-06-04,0,0.2083488588443788
e5e75d831670b401,2022-06-04,1,0.609731913352846
ed32da52aff68944,2022-06-04,0,0.37276492348310947
029f5c36820fdc09,2022-06-11,1,0.5893287264869421
049ad6d87b42eba8,2022-06-11,1,0.8426478114094594
4305cb30533dac77,2022-06-11,1,0.5709646469343794
4a116a55ffaa0d64,2022-06-11,1,0.49207095874748974
50eed57ea1390e16,2022-06-11,1,0.7003296908931268
c94b153951be7590,2022-06-11,0,0.6674899069754562
d7a7ba46c4f075d7,2022-06-11,0,0.4328340686037626
f115a91066a77ee7,2022-06-11,1,0.6333761605106597
fd49f89b9d97566b,2022-06-11,0,0.3654501414179786
11e83902f5b8ff63,2022-06-18,1,0.30821146315552395
1378fc2be3819b2b,2022-06-18,1,0.7648294572079771
1bc662949337a8c4,2022-06-18,0,0.22505683433919307
20cefe64f4b28be8,2022-06-18,1,0.7534848113583712
2c7c7648e847f2e5,2022-06-18,0,0.6840129904214872
4e6218b6b892b017,2022-06-18,1,0.6829914309929321
5095f6290670009d,2022-06-18,0,0.46189032247835926
5b5d7f7ae712c6d8,2022-06-18,1,0.31262714179663115
6e559181bfbc77e1,2022-06-18,0,0.7310473165369074
897d9e21c59d0633,2022-06-18,1,0.6903582810553519
8b5c760f34daafe0,2022-06-18,0,0.1185871278414018
9a92d376fba2379d,2022-06-18,0,0.5041952228998201
e8a5e53ffd33c0f9,2022-06-18,1,0.3356624576941051
029a12d36a4687e1,2022-06-25,1,0.6990982153609786
1f5f59924b59408b,2022-06-25,0,0.7121288955890466
21f79cd40513d075,2022-06-25,1,0.40492949955573654
24a9fc95a3112f51,2022-06-25,0,0.3702993711425441
28bd070f7ab0a0b9,2022-06-25,0,0.10257278465436429
28be3fbe5c377380,2022-06-25,1,0.43593297991599045
2c73bf152247f25a,2022-06-25,1,0.2858638746171406
3c98739eb42f96bf,2022-06-25,0,0.2306250451343883
3f38100fd8dae286,2022-06-25,1,0.5203473694201178
8cc43d79b61efc25,2022-06-25,0,0.6282164560455838
a457331c27bce6d5,2022-06-25,0,0.38606802320736977
c57c8e22a3e8dde2,2022-06-25,1,0.5384966672433077
0308bcdd00cc72e2,2022-07-02,0,0.5629966516310599
0e2c7ec02a095813,2022-07-02,0,0.5951707031592693
12a33d16e1d4e2d9,2022-07-02,0,0.49928573986672325
1c85003f6ec59c9d,2022-07-02,0,0.2577588045440029
4047e98132306cd5,2022-07-02,1,0.6640316775213697
459bc7c0b47719c3,2022-07-02,1,0.657564558757486
57775c8af89007c7,2022-07-02,0,0.38412895568142436
98411542ca0e847d,2022-07-02,0,0.4169057603568431
99ac96bb67e5c5e4,2022-07-02,0,0.21731608825048915
a7eaf7b101166d3e,2022-07-02,1,0.8450430434910522
04e1ff7aeda2a018,2022-07-09,1,0.38246190597341106
478bc7d1288e043e,2022-07-09,1,0.8172923573355674
6c60e58f8e9e7a4c,2022-07-09,1,0.7293247325760079
81cbb709dedc914d,2022-07-09,1,0.6295319133221723
a103b30f6898de7e,2022-07-09,0,0.3393053565082319
a652918360fe9a72,2022-07-09,1,0.8289493391247517
bba6cc8760da34ab,2022-07-09,0,0.18626266199947428
be69cbf1f1671c8e,2022-07-09,0,0.3770645104873557
c58b3223b5caa18a,2022-07-09,1,0.2739565094470726
cd63b4144a45b611,2022-07-09,0,0.6939136448540484
fb3f5a65da9f2ac7,2022-07-09,0,0.5013832543844419
4965d8eab468b839,2022-07-16,1,0.33735883938234995
4dd2bcd2b025204e,2022-07-16,1,0.6595014418724408
74b8a36293758342,2022-07-16,1,0.3890834535299929
7503d5c892f238fb,2022-07-16,0,0.6105618942475227
8e4024cb49c963f2,2022-07-16,1,0.339206457966006
9f3326195672c2b9,2022-07-16,0,0.42827912951308267
a5d2f0fed3ce2899,2022-07-16,1,0.48622300514523925
b1af3bd0f8266a90,2022-07-16,0,0.368831797844684
d439374c1fc95581,2022-07-16,1,0.5948804856158315
dd456668731bd52a,2022-07-16,1,0.4072590524990732
e57bfadb506e4f51,2022-07-16,0,0.30634089044822066
ebefe958473b3843,2022-07-16,1,0.6669112793790297
1c84dafe38694c05,2022-07-23,0,0.3575595399966131
1ff520024da5b3b2,2022-07-23,1,0.7164515277258989
2dbf9d8d6915711e,2022-07-23,1,0.8194237982672209
3d35f25d9792a69a,2022-07-23,0,0.42847880938106325
47b1cd4e3e2595f8,2022-07-23,0,0.44402262438823914
8e02bdaac8ed50e5,2022-07-23,1,0.6789764233637642
925a36a4af600291,2022-07-23,1,0.554090656404116
a1029686c3f1bead,2022-07-23,1,0.7114383822755321
a57969d4ba7d4a79,2022-07-23,1,0.812430255024042
b0d06858fb725654,2022-07-23,0,0.8012066322080879
d0fb381cacbb0446,2022-07-23,1,0.46219736936595174
dd6dbe644f599795,2022-07-23,1,0.8259763875175563
e600b78e5a652dc0,2022-07-23,0,0.5321167728832324
f6fd50bf69bb59e6,2022-07-23,1,0.8366875527376144
0366e183296fea07,2022-07-30,1,0.5821665753254429
058c2724dec1add1,2022-07-30,1,0.8602765226286696
189b9af881b96de6,2022-07-30,1,0.6304032829551869
1ed550f094ca7745,2022-07-30,1,0.5223100735004654
52f87252af59e23b,2022-07-30,0,0.4356728445383271
579b5770129b328a,2022-07-30,1,0.4799212797039298
5a1ce88ec1f75160,2022-07-30,1,0.6923000563914906
66f7bb31d24b3b36,2022-07-30,1,0.6872760944339964
72c3e5eacde4f0e5,2022-07-30,0,0.36095817310979444
81a18de517a3336a,2022-07-30,1,0.600196361687673
96b62bd56b252bab,2022-07-30,1,0.6282622977097757
e492dc60d8e44866,2022-07-30,1,0.8399842931277354
044d210d7b1eb519,2022-08-06,0,0.22762759905429736
2b11aa4b90b1dd41,2022-08-06,0,0.4651572477814072
36f38c2534ef646b,2022-08-06,1,0.3332566592561424
4adef20ce69217be,2022-08-06,1,0.8118108821969435
a274ed04c36d40d4,2022-08-06,1,0.48222342734227314
a6b328733d610e2b,2022-08-06,0,0.660662239878871
a8bc6e005077bb0b,2022-08-06,0,0.2785589314839563
b5274277ef6707c9,2022-08-06,1,0.5922724598338766
b530bb13aac1e48b,2022-08-06,1,0.861361154717592
eda397c27787afa4,2022-08-06,0,0.16919530864474286
0823f97be9c3a62e,2022-08-13,0,0.8246434867378348
11cc331fa40ede63,2022-08-13,1,0.6593032657591195
38b6ef176439c39b,2022-08-13,0,0.7154152341898218
5f31f3e32669f5b9,2022-08-13,1,0.23221757148986655
7f9a331bc3100afd,2022-08-13,0,0.24888628158758494
833d67f423315d18,2022-08-13,1,0.6791826603663689
8986373b4a6e90b6,2022-08-13,0,0.6425610896520179
b96c8fef6c9f92db,2022-08-13,1,0.7213685695754268
d19e010f071a4b45,2022-08-13,0,0.4223331870587055
efd7efba85092c6f,2022-08-13,1,0.2562506411473805
f858f91453555291,2022-08-13,1,0.739884886942141
0cf7a4593fd44e59,2022-08-20,0,0.2924602870082247
2ac3ce1f62b3c4b9,2022-08-20,0,0.37430895542117787
2cd9e3796be57a79,2022-08-20,0,0.4563996248749591
2de6652160cc7b9f,2022-08-20,1,0.7420586286461598
4dac5258f22be059,2022-08-20,0,0.6085449693178441
5abcf9f282983acc,2022-08-20,1,0.8688916624636943
6b9f82291930bfec,2022-08-20,1,0.8238558699582142
d497d74a0df9e35e,2022-08-20,1,0.4870435838340484
e0b98f3cf4a7cc3b,2022-08-20,1,0.2347789446714143
f70c817388602681,2022-08-20,0,0.733248247399639
1a191251620a84ca,2022-09-03,0,0.4608419266999354
20f316f96c9e4458,2022-09-03,1,0.6897001769110491
398db40015b3c81c,2022-09-03,1,0.6938510508435979
3e2f00991f511607,2022-09-03,1,0.7438304141643399
7bced112f3229b1b,2022-09-03,0,0.34848016658556596
810c9da07970c4a6,2022-09-03,1,0.8366260689841303
acc9a109b00a99e1,2022-09-03,0,0.6233640559034721
b8ca1acdf3dc2f58,2022-09-03,1,0.6406367330649684
ca7fd237c16cec84,2022-09-03,0,0.5048516043456552
ce62a50e97d497f9,2022-09-03,1,0.6615431344862192
cf9035f2fc2e232f,2022-09-03,1,0.741227563089994
fd47032108b85cf0,2022-09-03,1,0.3296504224569876
0111e6a64b5184c6,2022-09-10,1,0.8105975896629348
0e6d624086f7952e,2022-09-10,0,0.7400966357404203
301f230c90c4bd7d,2022-09-10,1,0.851651427407916
6010f681e54ba2cd,2022-09-10,0,0.36849797075883
77acb96700e89c92,2022-09-10,1,0.49574692840240103
7e8fd03e070d0c25,2022-09-10,1,0.44859416708172906
86d57e8ef2191316,2022-09-10,0,0.5341250000126945
989b8d362742f40b,2022-09-10,1,0.5969475548957623
a5cf273faa3982b7,2022-09-10,0,0.6514234334913234
bf334cb4e63f3430,2022-09-10,0,0.8455052347944656
d3e23d7d207d3ccf,2022-09-10,0,0.42173706508450665
d869eaea38426f06,2022-09-10,1,0.4449203693113277
db3e26d02d790c97,2022-09-10,1,0.7776541605184072
160c17b8fcb0e2a1,2022-09-17,1,0.8449086103046176
35d06627d91b840d,2022-09-17,1,0.22574823732807933
3cbd3565dd631cc4,2022-09-17,0,0.6831786565015023
46b9acec12a35d37,2022-09-17,1,0.6188722778278491
8a044e5400b4318f,2022-09-17,1,0.6163293052590029
adb78db5ba8ccc0f,2022-09-17,1,0.5612252798631521
bd06f1c2d7e6c4a0,2022-09-17,0,0.595506095419212
be73f75b52b06f14,2022-09-17,0,0.3561330513161693
ce5ebaf8caf8c4a7,2022-09-17,1,0.7260244262988509
d9f5d05b07bae09e,2022-09-17,0,0.37822802213216483
df370b97ea49e6b4,2022-09-17,1,0.6558914735493718
ec0740be19b2ef90,2022-09-17,0,0.40403280516069956
f521ecde1e96a1bd,2022-09-17,1,0.3385640932198021
1aedd959f1523a27,2022-10-01,1,0.8786521365817422
330506571d2778b1,2022-10-01,1,0.6267051937430345
63f6af6d5f7b82ad,2022-10-01,0,0.5758970180684198
6c79db79da9ae874,2022-10-01,1,0.3170889741659301
7d0d2cecab358ba1,2022-10-01,1,0.7721066626531073
8c9ff13791378784,2022-10-01,0,0.5644575322594403
a73e33dfce8fcfd8,2022-10-01,1,0.6897501408080867
ad59e2de1ab5c8d2,2022-10-01,0,0.5132819098772438
d33814971932422a,2022-10-01,0,0.7740390592159773
de93fda66d203c26,2022-10-01,1,0.6471545884842005
ecc56a86a1eead9d,2022-10-01,1,0.5154257974501809
1af23e7aa71a1d17,2022-10-15,0,0.32434372623396346
59695aae245cca73,2022-10-15,0,0.39654671281551107
60bd4d2878c85f70,2022-10-15,1,0.6582450068085733
759c55755d70f7ba,2022-10-15,0,0.31292874656000474
8252a314c778b8e6,2022-10-15,1,0.6003377576867789
84b04e8d6b251c54,2022-10-15,0,0.15802009326565236
860050f211b44d10,2022-10-15,0,0.5674577120913669
904cf687d22bb486,2022-10-15,1,0.6819087254941093
96d4fe315722d1c1,2022-10-15,1,0.20295515804323327
b4bbc1b7efa770f5,2022-10-15,1,0.7315840844085842
fac560495e61d34c,2022-10-15,1,0.7563290908286895
1b204fc28bb023e6,2022-10-22,1,0.6680946095829087
1e8c33b1917fe1b7,2022-10-22,1,0.9037675193916811
1f0d4572e0facbea,2022-10-22,1,0.6900827336143787
2d36e2c10ee349fe,2022-10-22,0,0.3784697950548657
4011cdf1f182804c,2022-10-22,1,0.8024667074228679
523815acf1bb2420,2022-10-22,0,0.3208243658950059
5c3c4bcc6c746ca0,2022-10-22,0,0.7164057670644454
69f39e5d959311b1,2022-10-22,1,0.31858680819702423
cea6760d7bfbe19b,2022-10-22,1,0.5609932702799506
d325a1483d78ae75,2022-10-22,1,0.4760559259565711
f4d8266a42a41dff,2022-10-22,0,0.3489325672286107
44abbf6b947be6de,2022-10-29,1,0.3603804831222002
5b6bdaf89e493674,2022-10-29,1,0.6737162895804023
5dcba156bd13e0c3,2022-10-29,0,0.31773222076409
6a7db3750822d7be,2022-10-29,0,0.5921644524386427
86dff1593d8b9a1f,2022-10-29,0,0.7496595664386935
98b7dd0ddc52cffb,2022-10-29,0,0.6343293817456784
a554a72bb0377213,2022-10-29,0,0.4497110975599132
bf59d9f8bd9536f3,2022-10-29,0,0.39337000567399
d6d141afdd31c3f1,2022-10-29,0,0.4049903402717192
f32d918ee06cb83b,2022-10-29,0,0.595747134492647
fdb9d29cf0edc16a,2022-10-29,1,0.8199263047784876
1535fb6549fa8bab,2022-11-05,1,0.7014810230485318
2664805fde34fb1b,2022-11-05,0,0.2409445031366951
2ab395e21080b10a,2022-11-05,1,0.7758721704619311
31cb98ce37fd87dd,2022-11-05,0,0.2560177886749385
3adecfc4727a8d73,2022-11-05,1,0.7304370427522509
5475f5b6bad40989,2022-11-05,1,0.6134774748613131
71afa8354da2491e,2022-11-05,1,0.8869985011015233
abfc03893551ae73,2022-11-05,0,0.7245356812032406
b279559f15ecf29b,2022-11-05,1,0.5764091895429485
b87ac039e3b13940,2022-11-05,1,0.5848930822137446
cfca30d3ef3c86b9,2022-11-05,0,0.2793040940634893
04f32bb0c0d3a8cc,2022-11-12,0,0.6664824103069263
09afa6ce4747a1a2,2022-11-12,0,0.343667347213168
1f922cfe6178e830,2022-11-12,0,0.49514371340575103
40707ddc9fdea500,2022-11-12,1,0.39391574326310536
65ce9335b93d9c57,2022-11-12,1,0.6212952785629628
6f22afbc5f8e0bd3,2022-11-12,0,0.6353015626702132
77c78d0a71b10692,2022-11-12,1,0.5385148536410338
7f93b2f38497caec,2022-11-12,1,0.397618719075472
93da91272d4a7ce3,2022-11-12,1,0.8182367206177905
bee95769a221af9a,2022-11-12,0,0.41454107466997814
db026ff6eee4d174,2022-11-12,1,0.5758068735406315
ff2e4b411f695017,2022-11-12,1,0.5103598998192256
0f2983fe7753403f,2022-11-19,1,0.6444048692704167
110f539523a4b571,2022-11-19,0,0.28910023483119546
144443d4dbf43990,2022-11-19,1,0.4453633515033568
33719a2d9c69ed17,2022-11-19,1,0.5696799050250431
594435375d641f63,2022-11-19,0,0.37041320687254636
a3696c847ef6c7f9,2022-11-19,1,0.624028331297256
b4cfb34e8224fd77,2022-11-19,1,0.6311213844521331
bd064deb3494b41a,2022-11-19,1,0.4019425169690148
c317f85a8266313e,2022-11-19,0,0.4764091254906413
c33257dd0605c7de,2022-11-19,1,0.6347889062418426
d0c01840c72429c6,2022-11-19,1,0.8336395958797449
0c9faf26efe2cdcc,2022-12-03,1,0.42298197133181753
1114cd1515cf3b8f,2022-12-03,0,0.3961185456245822
2cec230248d7eb97,2022-12-03,1,0.779067022727719
30abc50a2e71c576,2022-12-03,1,0.6953446755663032
5a8f7afc5ea69537,2022-12-03,1,0.7949516781089949
7bd6969c4ed979f9,2022-12-03,1,0.3425547941276598
7fbf09533c59e43f,2022-12-03,0,0.4985251965396461
92c1d9a6d313cb0c,2022-12-03,1,0.21607279185994646
972e17c1b98fca06,2022-12-03,0,0.33486700777813977
a419e6df765aa755,2022-12-03,1,0.35818603330492593
a71764d5da04e3bc,2022-12-03,0,0.6685985125931119
be977e524ef56aa4,2022-12-03,0,0.1880580077393384
ca0f0a35a1fcb453,2022-12-03,1,0.3232771317017782
f17813d03fcd8e7a,2022-12-03,0,0.22160708829822282
11f65de5348e4bc4,2022-12-10,1,0.5884660363877442
144cd3f62591a5fb,2022-12-10,1,0.7005998804420303
1779cc4ae925df01,2022-12-10,1,0.6565517771347786
2d9d966e0e8df232,2022-12-10,1,0.5009919383820957
4e9d76ed54f1f352,2022-12-10,1,0.7544289908930183
5bc31abb5842942a,2022-12-10,1,0.756396707276867
a1a5d06b0e7ada62,2022-12-10,1,0.5866735493557407
a346180c8b109469,2022-12-10,1,0.3419805209102779
ecab8b8b36727b8d,2022-12-10,0,0.3745929910051432
fd7421f421e802bd,2022-12-10,1,0.7507388263039625
4ea48bf2407b405d,2022-12-17,1,0.5351211891255798
5f4e944ff1bdcd9c,2022-12-17,0,0.8201470025993571
8f00da6ea8186ce2,2022-12-17,0,0.3771733133865605
9c1a2ac64c98d2f6,2022-12-17,1,0.3847676016010078
c960184a583f1861,2022-12-17,0,0.6312816284034672
ccb7e2851319345d,2022-12-17,1,0.7435871296178701
ce7744d45a698aa6,2022-12-17,1,0.6846420084416046
d95eeba3de7ecac5,2022-12-17,1,0.76217838228797
e0444752d18fda7f,2022-12-17,0,0.36101757025363784
ed6203e849a2bf28,2022-12-17,1,0.4578170274238864
efc64d8aae5628c9,2022-12-17,1,0.6038988917115905
f87a7812733f7e8f,2022-12-17,0,0.37830535176693747
5305049e4215d263,2023-01-14,0,0.5607403647331335
5a2fa552e70958d4,2023-01-14,1,0.7792859798557791
622cc4ef46913020,2023-01-14,0,0.6299708440880343
76b6058cddda9238,2023-01-14,1,0.8602425019830862
868c83e734dbbceb,2023-01-14,1,0.43826441100869173
9f09e77e46f15766,2023-01-14,1,0.8021708697533372
a4c7d59d340794c0,2023-01-14,1,0.9144764736653226
b6723b9c6ff4d594,2023-01-14,1,0.7830812061840766
c88a7dbe7717d2da,2023-01-14,1,0.5424487952088173
c9144a294c73b06f,2023-01-14,1,0.75062704829584
d4420be78065de03,2023-01-14,0,0.5620944090889449
1c51f405e5c46572,2023-01-21,1,0.7617760852174654
1d35e4c0941d1397,2023-01-21,0,0.5405653663773536
221982930283140,2023-01-21,0,0.21084258159244637
2d1ac675e6c1e6ea,2023-01-21,0,0.37287517965596334
354dc211166a3982,2023-01-21,0,0.3270859567944781
5ad8aa57c8d69680,2023-01-21,0,0.712235262766716
7ed9e8f3258446c7,2023-01-21,1,0.7152978714272985
8cdcdfb76d1670dd,2023-01-21,1,0.7633958816329377
911b73db91738da6,2023-01-21,1,0.6085665798287776
a3ef3d05ddd80a94,2023-01-21,0,0.3184896272976306
dde7d29cc443e263,2023-01-21,0,0.4431271752879906
f09c3d8a26806761,2023-01-21,0,0.5679414446950204
fcf385ae75191b57,2023-01-21,1,0.8213773994628311
fffdc57255274be1,2023-01-21,0,0.14100647462070848
765482eb58e8db48,2023-02-04,1,0.6916606977140104
7a1abc0230af730c,2023-02-04,0,0.7311966292983928
8741e6a3a5a22a7f,2023-02-04,1,0.5910289493888163
98094a500529d442,2023-02-04,0,0.38056868680784733
983fab4080743ed0,2023-02-04,1,0.710751725656312
a26ca06cce403ce2,2023-02-04,1,0.9163519848038048
a8067e65eb737a09,2023-02-04,0,0.20224053369856346
b1b20c686dfe3204,2023-02-04,0,0.6206496202037196
c63d8062c89c4c33,2023-02-04,0,0.7426240536500386
caeeb398f73d213a,2023-02-04,0,0.24621618660613065
16dbe70eb7007f17,2023-02-11,0,0.23325692141793272
2208b9f471a201d9,2023-02-11,1,0.6734236180125626
256894b49303537b,2023-02-11,1,0.799426360142593
28af78600d6580f1,2023-02-11,1,0.8072529702680766
4f672dd40867d8c6,2023-02-11,1,0.7407771562732925
51a12878b151d67b,2023-02-11,1,0.787849674210481
8b7bc2af1e15b668,2023-02-11,1,0.5174983067486029
a37a6b6f9551a6e8,2023-02-11,1,0.6739645322919802
ca2672e68fedf4b7,2023-02-11,0,0.6612123623437628
da22d5a717ae9e35,2023-02-11,1,0.5452334258377912
3d46d635f9ae5e68,2023-02-18,0,0.353514571629412
3e90b7fd1e9f86bd,2023-02-18,0,0.25549088622328037
3f837b469ba33c7c,2023-02-18,0,0.2559752397386262
40781a64c4cea877,2023-02-18,1,0.7474813993574516
435ba9b407b844ef,2023-02-18,1,0.7138527572474082
43ec12079ccc371c,2023-02-18,1,0.36361949452394143
682ff095649c9a5c,2023-02-18,0,0.3628751628132562
c3a4187fc821bfff,2023-02-18,0,0.21317403489393716
d45d9c7d60f332da,2023-02-18,1,0.6707394813605669
dc6f69f923744948,2023-02-18,0,0.557781628873329
dcc3da324eb5f26c,2023-02-18,0,0.46874670983180344
00a94d5fc7ce55cf,2023-02-25,1,0.6539530047201833
02615499125b4b5d,2023-02-25,0,0.3696444777200687
12d9b4a3931be5ec,2023-02-25,1,0.8340980478622403
2ba11e0bf32829d6,2023-02-25,0,0.6792809286016197
5737084215c45792,2023-02-25,1,0.8655821772017506
63670e1b8f164d4a,2023-02-25,1,0.3698690384700671
83fa3a382acc7bdc,2023-02-25,0,0.37758599052886166
a7f66f13f953352f,2023-02-25,1,0.49876086318301305
d6357dab7ccdf2db,2023-02-25,1,0.5308819916024727
faac24c1b3d6368a,2023-02-25,1,0.45879690235620274
009feda296ae589c,2023-03-04,0,0.437870567057867
0eb16f1307f66a11,2023-03-04,0,0.2684606993476187
22fc6b3f4e48cfa3,2023-03-04,0,0.16273137537825433
2b9daf452ab40b9b,2023-03-04,1,0.9127863852439331
636fd144716a3084,2023-03-04,1,0.632778294195394
a69afe4a88c0ca12,2023-03-04,0,0.8414300635568622
c29e2c49e1e417c8,2023-03-04,0,0.4864879375406375
c2fc4c1e0c769655,2023-03-04,0,0.3544065419387707
c3b9b97467f828d1,2023-03-04,0,0.2980273500152642
cd20dac4daa4f93a,2023-03-04,0,0.24781915135193766
ec490d4224d3bc78,2023-03-04,1,0.5935249562566973
0ccd2593c88209e4,2023-03-11,0,0.6525188425154119
2c58a97f2fe6c985,2023-03-11,1,0.9084420534030075
3b561a154aa2bbb2,2023-03-11,1,0.38433256481420364
3cf3771274a4f8b1,2023-03-11,0,0.7521280028900003
804c350ce714770f,2023-03-11,0,0.4611121645797395
8d5b88e0ff253617,2023-03-11,1,0.5425110984630408
b9539d5e379b3edc,2023-03-11,0,0.6966453994838554
c3af2b6ab1262fef,2023-03-11,0,0.3550978400773208
c4e4954beb59eca6,2023-03-11,1,0.5917220525562441
ccb5e29cd0347110,2023-03-11,1,0.7687028377127235
d6945828f5fa7492,2023-03-11,1,0.6527978943960805
e9c6bac0d1a5ec0f,2023-03-11,1,0.6941453095594392
019b4d006800504b,2023-03-18,1,0.7970303208571509
13f5be7a2ea5577e,2023-03-18,1,0.8493158305291149
38094db8e3539cba,2023-03-18,1,0.6351382161323893
533984c3ff4b4858,2023-03-18,1,0.6255367931591908
53d6d5ad08ac0694,2023-03-18,0,0.7755425595946569
5e9c027fb24efc2b,2023-03-18,1,0.73170546603079
6068385c48de6801,2023-03-18,1,0.821344166086186
8a3e7085e8e5a6e9,2023-03-18,1,0.6618222437410308
90a83875e1d11238,2023-03-18,1,0.340019800472862
9f8cf5ac0807d64e,2023-03-18,0,0.8843685621440064
c483ac06b1e33c3b,2023-03-18,1,0.35654722884457957
cdaf65287d9a0ecb,2023-03-18,1,0.6213411927893183
dd9cbf6d6284de26,2023-03-18,1,0.3645336445614339
f40ac11da3bd7f8e,2023-03-18,1,0.8840765738088363
07e39fd5f4f23270,2023-03-25,1,0.47906602521492725
1c2d0db1c9eed052,2023-03-25,1,0.6936636945368335
2f382615155e32b9,2023-03-25,0,0.5313528999004942
33fa6793a7f984ac,2023-03-25,0,0.43352822310234007
6f6fec9c78244174,2023-03-25,1,0.45685325612436944
9433730f95d52fc8,2023-03-25,0,0.3032961065549777
b9e037a45f8850fb,2023-03-25,0,0.5474445448971916
bce8ece2ff26b4d4,2023-03-25,1,0.6479010885786907
c6cc6ae23cbf8a27,2023-03-25,1,0.27264704421594194
0810cdbeb9dd4d02,2023-04-08,0,0.6060579159983969
28e3d939eb043664,2023-04-08,0,0.3378599826892526
2cb34fc074f7a9ae,2023-04-08,0,0.7478058396588718
3165b03ddc6d3b6e,2023-04-08,1,0.7662313411757952
355a2f4090c0ca31,2023-04-08,0,0.7322550625727113
678d27af287476f8,2023-04-08,1,0.3906376782270646
71ea7d7985dad804,2023-04-08,1,0.818101441250101
780147f2ed2637d1,2023-04-08,0,0.26404564559482274
95349402616097cd,2023-04-08,0,0.3899171880612198
bbc76ff9e1b1b142,2023-04-08,0,0.4111760592583001
d7022b6058dbb26b,2023-04-08,1,0.7718508872515457
119559fd8124fee3,2023-04-15,0,0.3497642071205321
50e675146cda6e7c,2023-04-15,1,0.6969330089907527
5de3a1bbcf705b58,2023-04-15,0,0.5781703954987746
6049301b4deea035,2023-04-15,1,0.5719175573516982
68c1b833ed8849a3,2023-04-15,1,0.514355641219032
792f139c2b9fd294,2023-04-15,0,0.611921433130568
83c81018bb3aeebf,2023-04-15,1,0.40058877381999314
8b2b2562884821a7,2023-04-15,1,0.49990804097718866
995e79b951da945b,2023-04-15,0,0.5195054801060968
b01e6e97d66681c5,2023-04-15,1,0.6203217628272082
bbde45b2c766bb67,2023-04-15,1,0.37954025095337307
bdbddbc00d07dc4b,2023-04-15,0,0.2797193782972261
cef255a992ba7af3,2023-04-15,0,0.36977373182023243
d856812dc733690a,2023-04-15,1,0.33588241330626456
01aa5949ac6851f3,2023-04-22,0,0.4881856968733326
034cbbec91f67852,2023-04-22,0,0.1580466777247526
06d9fb9c995f1e4f,2023-04-22,1,0.5613715711530459
16628e25a043043a,2023-04-22,0,0.5727949021459959
20c0f50c11509301,2023-04-22,1,0.7937245453729295
277233ca9ea25674,2023-04-22,1,0.5141116789056767
856468ba24a37fcc,2023-04-22,1,0.4640358495306601
8beab5f941dae8e0,2023-04-22,1,0.4619728593319262
a941c4e25ddddfff,2023-04-22,0,0.6129414400641292
d00d5ef4ae0ac01b,2023-04-22,0,0.6408440775684536
2b1ac5d8f98639bf,2023-04-29,1,0.4249894613260971
37ae5c09d6f03f33,2023-04-29,1,0.6929240676148296
5d11b618f24082dd,2023-04-29,1,0.6200095797274285
88a63555728c2025,2023-04-29,0,0.5207536772775134
8dbfbd8f8bd0f00b,2023-04-29,1,0.6181740851569871
c02d44564cb006a9,2023-04-29,0,0.6895073975175966
ca63933f8c898fa2,2023-04-29,1,0.46989953097871173
e0e2c1fc1a178d89,2023-04-29,0,0.5608315956765265
e434035be5453be0,2023-04-29,0,0.44700756378533296
ecec1b0dd64ca2ae,2023-04-29,1,0.8031663712116675
f9345fa82bf43847,2023-04-29,0,0.7298994624916281
069ab7e7b8b5d262,2023-05-06,1,0.8812384172813822
0c6e3c1f03cd4061,2023-05-06,0,0.4331707368564378
2372578d3f554c65,2023-05-06,0,0.42153431454323265
3f8b4aeb3baf4724,2023-05-06,0,0.6534686643223432
4c9bbd9758be1168,2023-05-06,1,0.774140811906592
5f44d6d9e6bbecff,2023-05-06,0,0.5361170795733167
93fb6c7e590487f9,2023-05-06,0,0.41690797002431534
c3ca708aaf4262a7,2023-05-06,1,0.6486642814630897
d22de60b7a3d908c,2023-05-06,0,0.3327509721788693
e3aad51099a23ba4,2023-05-06,1,0.6079137678450977
ed707998b13d0101,2023-05-06,1,0.4517063332440784
14e689e60419d469,2023-05-13,0,0.6420936674110962
3387f430abb7e39f,2023-05-13,1,0.8012512289273953
6ca856d1950d8f7f,2023-05-13,0,0.6609396595850618
755202fce24b8f83,2023-05-13,0,0.19514440612456083
81fda78adcaedbc7,2023-05-13,1,0.5104522079028141
838a022ca5d99cc1,2023-05-13,0,0.37389418511680667
acfcf75f0215b7ab,2023-05-13,0,0.46176984131273496
b0f4c7788782e26e,2023-05-13,0,0.29205386828846597
c501576b8ec35758,2023-05-13,0,0.4915751844985488
dae2484418631ff5,2023-05-13,1,0.830960257014736
f2ced83baf0457fc,2023-05-13,1,0.32942256929456604
12683e06369d1a83,2023-05-20,1,0.5865895798499489
33007109c9ca1ede,2023-05-20,1,0.575358449068882
3638ee66c7d34fe0,2023-05-20,0,0.3650162645420716
49bd9a2f1fbebd1f,2023-05-20,0,0.39901816680370894
73700c8c5107f719,2023-05-20,0,0.2721365674333682
744cbe6e49d4f41c,2023-05-20,1,0.8949787040970224
7d583e4002622848,2023-05-20,0,0.46774706803001576
8502f245aabd64ac,2023-05-20,0,0.3488362163480219
924f982f0d9d2142,2023-05-20,0,0.4588998083080128
cb9654746447b934,2023-05-20,1,0.6568188812638894
eca400aeeb2763d1,2023-05-20,1,0.4465711238854568
fb70b62915fdcec6,2023-05-20,0,0.33976806226314465
4d0029ad31bdd85a,2023-06-03,1,0.6363570440477255
5459c3bb88d031f9,2023-06-03,0,0.42368265813641076
72bb7605e340a8fe,2023-06-03,1,0.4414102810549571
7be3e513a31f6570,2023-06-03,1,0.6555132749664252
84f60cb00b8d4187,2023-06-03,1,0.6281822090209112
913d8a35095591d5,2023-06-03,1,0.6649686708155814
99808befeece3a8a,2023-06-03,1,0.44416636292884853
a122968e96068800,2023-06-03,0,0.581444985729278
ad7bd4b3ee923498,2023-06-03,0,0.5316949655253826
c98f62eb74e69bcb,2023-06-03,1,0.5087739190430272
d7ae0993c7a378ee,2023-06-03,0,0.4804179296379722
dfc62aa72446e4a8,2023-06-03,1,0.6177371049797471
e2f4cd4a9a579488,2023-06-03,1,0.686370845291545
1676c64a94be0557,2023-06-10,1,0.5736427065337556
46c67efd68a0b15d,2023-06-10,1,0.730250727067775
47a5d4bb68352055,2023-06-10,0,0.7197924987120207
5311298f79414125,2023-06-10,1,0.5919469424258242
69bc7ca8ce831731,2023-06-10,1,0.7639550387744692
7ee8b91d7f80f8a7,2023-06-10,1,0.2527066212053296
947ea1122c04ba18,2023-06-10,0,0.6946804093917454
e24b65cd8721349a,2023-06-10,1,0.48159258678329575
e9d5ffcacf7d8757,2023-06-10,1,0.6760945082284883
175d9e1ac0725145,2023-06-17,0,0.6020876215981991
5d9b84493f1ed114,2023-06-17,1,0.32633270238043366
6c2199524d762b11,2023-06-17,1,0.9150737804969222
76fd6919d828d5c2,2023-06-17,1,0.6411280480933851
7ba54a10f28c9496,2023-06-17,1,0.3972392643062219
8794031c523bf534,2023-06-17,0,0.3662071362374963
8ea12c7360fa0f6b,2023-06-17,1,0.3899288289668933
98458778348ea5d7,2023-06-17,1,0.6492780110372733
9cfb84817a43b63c,2023-06-17,1,0.6850986821775705
bc1be168c064f028,2023-06-17,0,0.2468830950253697
07cb64236ae7aaea,2023-06-24,0,0.6728662356793045
42922bab8a3e1828,2023-06-24,1,0.6776449434888724
582806c33ce6dcf6,2023-06-24,1,0.2729351629663043
7b909acede0a26eb,2023-06-24,0,0.5688163652763221
8b296724a6844865,2023-06-24,1,0.5618690848208359
9124740fe7816d70,2023-06-24,1,0.7295822608349064
c22de92b9d9030dc,2023-06-24,1,0.573163293931679
c2cdeb207cce5ceb,2023-06-24,0,0.6222076218223904
c3ef3cb03edde8bb,2023-06-24,0,0.2194970258384394
ced01368259428f5,2023-06-24,1,0.6391922393778224
f18d44292036d5de,2023-06-24,0,0.6186669754163124
fcc1191761e365f9,2023-06-24,0,0.6223398624003027
0548a24a9bf8d7a0,2023-07-01,0,0.3334025838578084
4dc5a41f357a7d85,2023-07-01,0,0.5393449596304072
f557405652165aa3,2023-07-01,1,0.5642597801270367
420f7e6530dbc727,2023-07-08,0,0.381647609040897
5b71958ee063a6e8,2023-07-08,0,0.42157886972146413
69f67a4a690eb15d,2023-07-08,1,0.7577587271025742
dbf8a4b0870a47d1,2023-07-08,1,0.8164982899915597
3352c65f3f6d9b2a,2023-07-15,1,0.8271295977326082
3624f4ae9c1d703e,2023-07-15,1,0.7735855415359143
57785c9be5b4526d,2023-07-15,1,0.6328196364441528
6adfe44b110c1510,2023-07-15,0,0.4551882683397834
81b7a6aa147bd912,2023-07-15,1,0.5492773000214869
8362b372adb2f302,2023-07-15,0,0.4746440266532315
b4cc389bb4af3707,2023-07-15,0,0.3110941623213347
b52dccbe69864d2a,2023-07-15,0,0.465902754006323
cae7de0873e03947,2023-07-15,0,0.263186828809698
dae80502466c8726,2023-07-15,0,0.21631938117964905
e4620f3fa451a3a4,2023-07-15,1,0.5959958200157767
eb30c9c975e15436,2023-07-15,1,0.6862812533634891
319b96f615a0a154,2023-07-22,0,0.421264452753441
3c4305abc2e302d0,2023-07-22,1,0.5820145916348098
743a04674ab72ee0,2023-07-22,0,0.6498676624830192
8104fe27bdc46914,2023-07-22,1,0.2866843394045971
89b96bc5f3e824c5,2023-07-22,1,0.41282178603392156
8b341eb556c97c23,2023-07-22,1,0.7788223247681527
90e46589a18064bc,2023-07-22,1,0.834549742727706
9541cf21e031354c,2023-07-22,1,0.6822064529945218
a0bc695b35f155f1,2023-07-22,1,0.6288580290514926
a8a4c9f98ff73839,2023-07-22,1,0.5694792448570019
b4e2037f180c1e0e,2023-07-22,0,0.3840361054568732
c4caa8a4f32a0eed,2023-07-22,0,0.342472230195075
c81d1facf185467d,2023-07-22,0,0.410213758408616
d54ebd2a3435a357,2023-07-22,0,0.5487224785295512
d918da575ee1bc35,2023-07-22,1,0.5769545198490967
4327fe98e1b6f222,2023-07-29,1,0.7858265084241846
5116f9398bfca446,2023-07-29,1,0.6656862333459703
7a8f218c07347c88,2023-07-29,1,0.7124616883893556
800a35b3a7e52308,2023-07-29,0,0.5271414562842952
c27e33ee8ef53866,2023-07-29,0,0.602894475717971
cbf1e76186a0c8b3,2023-07-29,0,0.46063182381506285
e5ac7343b6d45188,2023-07-29,1,0.5558749684239456
eff6ec2b2f1fb27b,2023-07-29,1,0.31692347792158393
2c0496a5f39ab8a4,2023-08-05,1,0.5381208440031514
2c54be25b09fce50,2023-08-05,1,0.3711094604446446
531ce3d8011fa1f6,2023-08-05,0,0.6666866542144934
554163b1c8c05522,2023-08-05,1,0.8152753292753157
79bfba62da6242a6,2023-08-05,1,0.6523906586393352
bda7992779a005fa,2023-08-05,0,0.5337639662667747
e5cb9dfc1189d77d,2023-08-05,1,0.7370692044116822
ec2358459ffbe7de,2023-08-05,0,0.20948825738923266
1b1fd32485861655,2023-08-12,1,0.2598941693001164
2c160a1d1fdbf0b0,2023-08-12,0,0.2468341140802722
560a971c6ab8b854,2023-08-12,1,0.4295359913437548
91a5480f48bfaa71,2023-08-12,1,0.6460926570586887
9479ba3cdcb1e513,2023-08-12,0,0.5346900568032138
9576d9cba5cf5c4e,2023-08-12,1,0.7420213201649887
9a9479663bedf8b4,2023-08-12,1,0.7772358839534071
c2f730cb33df5221,2023-08-12,0,0.35165462458494606
c57a4810c932b296,2023-08-12,1,0.6357152656695005
ca2aa660bea0cb60,2023-08-12,1,0.7467895616635835
d5929b7fbc801ce4,2023-08-12,0,0.3746727274991527
e346f2b7af63e804,2023-08-12,1,0.44021390901498475
e3573545220ca4ea,2023-08-12,0,0.3962424894902731
1a95cc401f68f4c8,2023-08-19,0,0.38131449831183123
621e6f0929a3dbfc,2023-08-19,1,0.6544956328536428
62d53ad8f8769666,2023-08-19,1,0.3713825320565335
78d2c01dc963f204,2023-08-19,0,0.24804247503386787
845e38dfbfea6e53,2023-08-19,1,0.7599359465931861
e9754f597ec50f6f,2023-08-19,1,0.6714041231451459
ee796ecb4ee8680b,2023-08-19,0,0.7384559748572292
f995ed679ef8bdf4,2023-08-19,1,0.7901891238209319
fd4d30036a3f3efb,2023-08-19,0,0.3768147349553148
23865dfc8361ac62,2023-08-26,0,0.22093535742668577
293c5f4c9aca5c54,2023-08-26,0,0.46423979393415776
48231fbd1af53674,2023-08-26,0,0.37610624881986865
5531317352862978,2023-08-26,1,0.6605581506312795
96704d7ba3a452d9,2023-08-26,1,0.8571063340810179
977250a28d3b8a3f,2023-08-26,1,0.4021265960299797
b65b37c0e00074d9,2023-08-26,1,0.5103998577500788
bfc9989751bd0d04,2023-08-26,1,0.6621635784251582
c53b0f678fe2f16a,2023-08-26,1,0.436560901177814
da6b863cf684e0ae,2023-08-26,1,0.1965070283162917
dd617f6ab4916ec4,2023-08-26,1,0.6877752248079871
de89bea7b0dcd2d3,2023-08-26,1,0.8465589584934965
f7bc845ce74f5fe7,2023-08-26,1,0.6225373627676327
0d41a3fa5efef91b,2023-09-02,1,0.7812653595571335
1b9a127f9dadaad9,2023-09-02,1,0.5968709216779156
1be27d95bba03f17,2023-09-02,1,0.590075431158462
1c29c53ff032c5c1,2023-09-02,1,0.6674771540196989
2a48d0a98c21e736,2023-09-02,0,0.2206347826937559
4eaf54ad3c82b6fa,2023-09-02,1,0.6680648178273081
5098d052525da54f,2023-09-02,1,0.607100343317698
ac73c6888ee9322c,2023-09-02,1,0.7935962458782517
dfa8fd0b82b37fa1,2023-09-02,1,0.6244394909618106
e3a5a7ede88a2555,2023-09-02,1,0.47774004923430213
ea006bae605e2a6b,2023-09-02,1,0.6258393386346308
09a7f0979a58e6ea,2023-09-09,0,0.6725800633313694
0aae15358d8606b9,2023-09-09,1,0.7568285983966228
222bb2c67a87d312,2023-09-09,1,0.7653609000734783
3e1c27f17433f9e4,2023-09-09,1,0.4663704473278418
7f16e7725245bb2d,2023-09-09,0,0.8344489994204876
a3d75cc363a6544b,2023-09-09,1,0.7214307550144518
bfff5a3777841344,2023-09-09,1,0.7910275917258653
e4ed294e16e16d81,2023-09-09,0,0.37605450110873934
f9d2137f380e66bf,2023-09-09,1,0.6128523983778078
2e1435c160bfe8b2,2023-09-16,1,0.7408254311574344
697efaf0d162e877,2023-09-16,0,0.5855241720690344
79f03eca3fe5cdb3,2023-09-16,1,0.788140910407227
7a0813ec0fadc84e,2023-09-16,1,0.6865505774893934
a5d76e93a5052e3f,2023-09-16,0,0.7073995440264442
bcec26b425194e40,2023-09-16,1,0.5949685302676644
c0ca4c201d086ea8,2023-09-16,1,0.8459790205906992
1496969c1497dc85,2023-09-23,0,0.8213203225310641
23a604f460289271,2023-09-23,0,0.5191789746547483
49ede01b061cfae3,2023-09-23,1,0.5458987599656397
6e1bf1b163b3aeab,2023-09-23,0,0.4958697593535731
adb411b0f418ce33,2023-09-23,1,0.7279015419035834
b3c7a5a97978d156,2023-09-23,1,0.4506658256673987
bf647be41de365e4,2023-09-23,1,0.8001835959658903
d8335b728604b222,2023-09-23,1,0.7492194976326743
da1b37edb8ccd3e6,2023-09-23,1,0.7016736522902863
e966de63c8e6b1d5,2023-10-07,1,0.7802050046033684
eb76a5b76a68e4c4,2023-10-07,0,0.3795165650432767
0d6d212fcdf47f2e,2023-10-14,1,0.6019203269879283
751cf3d52fce1d1f,2023-10-14,0,0.5893979096034083
824859c7580eb35b,2023-10-14,0,0.6866034345279661
0ea435ddf02deb60,2023-10-21,1,0.7460870101327971
18e5af00a8478a0e,2023-10-21,1,0.823605391345756
3c6fb6bf9b7afd40,2023-10-21,0,0.40403912015345844
43de9ff6064361e1,2023-10-21,0,0.3204216105063099
7024385b5107bd4b,2023-10-21,1,0.8687761876436579
75c5f923f966b53b,2023-10-21,1,0.2805486726255756
b84c447bb74febe2,2023-10-21,0,0.7314517093412375
e9256316716499b8,2023-10-21,0,0.19719215274507748
ed3334d108b257a6,2023-10-21,1,0.7145698277196648
f23e9729b2b73c27,2023-10-21,0,0.23937278777129598
119bc264e2bb9877,2023-11-04,1,0.6703893147268901
3a81276a9641c6a1,2023-11-04,0,0.7996630455828054
7d474fbf31894108,2023-11-04,1,0.769324080005001
ac37849f627a79c4,2023-11-04,1,0.8552613431254495
ff8f92cf8fb1b76c,2023-11-04,1,0.6759215467856623
128ab9aa4802c73f,2023-11-11,1,0.460486471560038
480c4dbd2e792d86,2023-11-11,1,0.8451791441643984
4c025d1fff9e9fce,2023-11-11,1,0.738480816918886
5704e73f91b9e7f7,2023-11-11,1,0.6880156773673858
57333b7bff20ece0,2023-11-11,1,0.5311473175811502
6fd67582d8adb1c7,2023-11-11,1,0.3016952214567587
9fe98de1eac21f2e,2023-11-11,0,0.33191002959493204
a0362d60d2e1db0d,2023-11-11,0,0.3650240839402835
b1f2ec122beda7a5,2023-11-11,0,0.4859845957759397
db49619221b282af,2023-11-11,0,0.4758533839096812
16109688429c09de,2023-11-18,1,0.8647856649321484
2ae243f518948794,2023-11-18,1,0.8615465424282005
36f10b949b935b8c,2023-11-18,1,0.7870129991861251
5be63144ac46f97e,2023-11-18,1,0.6357168806570083
62b64802ea49e2fd,2023-11-18,0,0.5968319184516168
6997693d552600dd,2023-11-18,0,0.3348822618537976
73ebbfb998edc1f1,2023-11-18,1,0.7532815746823064
7990b6716a53b2cd,2023-11-18,1,0.8120751424562797
9abf0b60a44a82d1,2023-11-18,0,0.39321434785967757
b210b99d9c1c9196,2023-11-18,0,0.5095779968192918
bd4d2522cb0d1a23,2023-11-18,0,0.31675386137530787
c1aef0f60a5b62e3,2023-11-18,0,0.31444381956932776
f0fe73e650b746f2,2023-11-18,1,0.18900853404089493
02713b2d25f74d43,2023-12-02,0,0.73884514537531
20bfa549cb2cabe7,2023-12-02,0,0.3029180774652278
246d06693b5ca1e8,2023-12-02,0,0.5509618791377902
39c4ae4624052f9f,2023-12-02,1,0.5364082657096587
9feb9500b0fedfcd,2023-12-02,0,0.28337736041740497
1afc4f372a125c74,2023-12-09,0,0.6240087391442172
35addc4646509286,2023-12-09,1,0.824150111269542
5a6e894e4b6cc703,2023-12-09,1,0.5938637070888921
5ac1725f775c6f00,2023-12-09,1,0.14144387991443716
84f6de7c99779e5f,2023-12-09,1,0.8368810381221666
91093a019d32af2e,2023-12-09,0,0.3847849284594561
acc57a9c114b694a,2023-12-09,1,0.6233013044852196
acde7c89bd724af8,2023-12-09,0,0.6602550689341805
f9ec8bedc15ece93,2023-12-09,1,0.7662386010739388
fbedeb4e4b019b94,2023-12-09,1,0.6491367851444287
03de7404decde12f,2024-01-13,1,0.6470283548685176
0494ebcee93e717b,2024-01-13,0,0.13416557581006797
477c3b9de012e4b3,2024-01-13,1,0.7982282525730238
5344e76e26503716,2024-01-13,1,0.2407032786876162
5f622d812b8f407f,2024-01-13,0,0.4998554255620821
640f2ae3995b3b4f,2024-01-13,1,0.607972583434038
6f13fe34cb3ca906,2024-01-13,0,0.20254042880983408
a8239866e1222eae,2024-01-13,0,0.6337372899752401
d0d99889c6abd8e1,2024-01-13,0,0.4739908616045091
f2b407019b2a5c15,2024-01-13,1,0.8293713978106367
fd29123ff92789e4,2024-01-13,1,0.7310150520956001
14e53999507c76a7,2024-01-20,0,0.5045538584637596
1a7cd191f0cf160c,2024-01-20,0,0.3283304460006033
331ddc1141e934d1,2024-01-20,0,0.6479373925833577
43d90683078fcee5,2024-01-20,0,0.6786306375595457
670e4754d8d3d172,2024-01-20,0,0.6394479645061718
7736eb6bd5c1ff4a,2024-01-20,1,0.8168336065648173
97817609ed46baa0,2024-01-20,1,0.2514603392491423
a10e2d5416972b9c,2024-01-20,0,0.568671932084572
ba5005d1116fa45f,2024-01-20,1,0.5858018041934492
dff2685afd98ed9e,2024-01-20,1,0.7521967364546205
faf15b752fb8924c,2024-01-20,1,0.42247831910722583
330d86bfaa4155fe,2024-02-03,0,0.6789957289792458
733e675fd7c0052a,2024-02-03,1,0.7148354557487431
767ceb4a0cb43ade,2024-02-03,0,0.3681463836569354
7b1882dc76786d77,2024-02-03,0,0.2520098530111451
af6d56860ba4d259,2024-02-03,1,0.7615344436155345
17050a7b673dc49d,2024-02-10,0,0.7150338383816544
246fef4b19c3a7ed,2024-02-10,0,0.30094100629497006
25259e230be9cdc9,2024-02-10,1,0.6344170871001749
406f2aacd1d1faf9,2024-02-10,1,0.3138910403246599
5304956aada097e8,2024-02-10,1,0.5622469631692246
9d8473ae274ed625,2024-02-10,1,0.47880735389532575
e7938bac3ec8b442,2024-02-10,0,0.3687913373499811
01432891260084a4,2024-02-17,1,0.6562089937721899
1456a3f96ac7e35b,2024-02-17,1,0.669486574892493
2aeb3ec2d8c05dc8,2024-02-17,1,0.5974493075337365
8fb0092430448368,2024-02-17,0,0.2925044934013303
9785420602b452f7,2024-02-17,1,0.7747491485563672
9ddaa62cc806958d,2024-02-17,1,0.78909717322531
aeb3e4d9710207a4,2024-02-17,1,0.5003436416777807
bec3154a11df3299,2024-02-17,0,0.5698028806304768
e92fb5c609e20b49,2024-02-17,1,0.9011732151767371
ef13ed466e0b42d8,2024-02-17,0,0.29533365831503217
f87a3fa07f0009c9,2024-02-17,1,0.7262182669746148
063e7ce759c52f81,2024-02-24,0,0.4824156742670674
1c03c1bb62f3aed6,2024-02-24,1,0.8070469617198794
3b05a4ced6dd74f5,2024-02-24,0,0.6293090374812768
50dae6b76c9c6490,2024-02-24,0,0.21818113857048668
673a156925dfb31d,2024-02-24,1,0.562031416678699
6e4acb2aaa2cee56,2024-02-24,1,0.8520529573352975
74f5cbecac011abb,2024-02-24,0,0.74082334829353
93ddc6b233d1956a,2024-02-24,0,0.27632581189843985
a376f6d5806d0c90,2024-02-24,0,0.33640793066175634
d1d3b6ab8a56e973,2024-02-24,1,0.39043318754709416
ecbece0cbd60029e,2024-02-24,1,0.7724430236169815
024beecfd3f0ed7a,2024-03-02,0,0.18019598355128885
32bd7ed48f5aea7e,2024-03-02,1,0.7980328427714987
3ea7d69a1238f26a,2024-03-02,1,0.8288800596498639
4e566db7d26df001,2024-03-02,1,0.7860631001023844
5a82757b553c40fc,2024-03-02,0,0.20259317179553435
838fd9d2b14e0790,2024-03-02,1,0.3103078212950175
a7d397cd0f2ac93a,2024-03-02,1,0.13590100170311814
ba8f219260e212f8,2024-03-02,0,0.6093881228590536
cde2f88251b73305,2024-03-02,1,0.6011167190488705
dcf5014e56649c2f,2024-03-02,1,0.9058057417431638
df3cc5ec78d05a71,2024-03-02,1,0.8339252792028747
0133019a4f1055ee,2024-03-09,1,0.44646458430318675
270edfb687c0d20c,2024-03-09,0,0.6133339239194154
33658a3ca932d15d,2024-03-09,0,0.3704551587628401
68f7f992603192c6,2024-03-09,0,0.43230779992795804
6e73ebbd089aff5e,2024-03-09,1,0.34200068067001743
7bc7af11050e861b,2024-03-09,0,0.624222580695439
894c44c3d04aaf6f,2024-03-09,1,0.7379670662740758
8baff440b82afd2b,2024-03-09,1,0.8371121674354262
9861b6d04e6ed43c,2024-03-09,1,0.6056163572866676
cbdf29f36b343f6f,2024-03-09,1,0.779127053994965
ebb758b49e82d0ed,2024-03-09,0,0.2521831893076765
f0a9dfbb6f6ac852,2024-03-09,1,0.6198173652702041
35f9beb94b4ef9e2,2024-03-16,1,0.18683549428735832
8bc0c220f7dcefa7,2024-03-16,0,0.5067962669141304
acc7392d48cc09a0,2024-03-16,1,0.3269652338514513
0e6782b758451063,2024-03-23,1,0.4051203690770797
127be512f86618b2,2024-03-23,1,0.671508420602893
48ff3f1bcefbf965,2024-03-23,1,0.6236918941063867
72f123ddb4cc9d1c,2024-03-23,0,0.4032774749543481
8c8337ce8437fe2e,2024-03-23,0,0.6683896391523214
a1294453a28beda3,2024-03-23,1,0.6001750432167996
cd6452a463ec8a28,2024-03-23,1,0.6790433927796784
d564e3a6c77d0c85,2024-03-23,1,0.6768940291484179
de7cb625bdec0f91,2024-03-23,0,0.46033862357330824
faf19712bd7ea41e,2024-03-23,0,0.36766142550264275
636b01ee49925e49,2024-03-30,1,0.3736364757920246
697e38075fd41819,2024-03-30,1,0.5516070790307892
77992b8727382373,2024-03-30,1,0.4401443179169905
91aa08e910fb4412,2024-03-30,0,0.725504275192894
976abc27a4e5e26a,2024-03-30,1,0.7880669341749523
99dc6d45cbdfa322,2024-03-30,1,0.3781288196557676
de12349f334c964e,2024-03-30,0,0.5436070148633791
e30250daa73005a8,2024-03-30,1,0.6899143131589247
e6d4fdad2b3422d1,2024-03-30,0,0.7110337007595161
eb9f9f61507497a5,2024-03-30,1,0.5365781863266023
f59cefe16905d62c,2024-03-30,1,0.522682049164239
0b9cd718d7e329e8,2024-04-06,0,0.27441134807980366
1685eecc7ef37fb5,2024-04-06,0,0.7584969407880886
188e6416157e5a1f,2024-04-06,1,0.588970897087865
1f7566c90343a680,2024-04-06,0,0.4252233537195454
32375b4435fea5e6,2024-04-06,0,0.5798046697379601
3ce96bb0c69b39be,2024-04-06,1,0.7163070013488347
3cf5e0ebb5f8322c,2024-04-06,0,0.6648470105657551
47f8812a335b6ce9,2024-04-06,0,0.415823824639926
5c3b8819dbe98114,2024-04-06,0,0.435580501324153
6ff21ea2c75c48ed,2024-04-06,1,0.746417823873193
9c22ddb8d8fc1838,2024-04-06,0,0.6418311356707862
ff5a8078ea85bbc7,2024-04-06,0,0.7579054164169686
01f7c28804746979,2024-04-13,0,0.3214163825103355
0c2e3988793b418c,2024-04-13,1,0.912758423822746
538ca98010ed00ec,2024-04-13,0,0.45906420165636797
66eddbe35056c06d,2024-04-13,1,0.7974003766433031
b1ac165326d8f29e,2024-04-13,0,0.2335628801180578
cf5e8f98159c3971,2024-04-13,0,0.6033424779174168
d95f21817a56eb05,2024-04-13,0,0.33065749099510355
e4931f3ab3bf4141,2024-04-13,1,0.535965180741867
eda1e8c285a0a788,2024-04-13,1,0.45675653724772136
0976778a6e6cf8a8,2024-04-27,0,0.352081207906634
0a85b3ad328205ff,2024-04-27,0,0.8276444054918282
417049c7a3d65ccc,2024-04-27,1,0.4033255339301139
4915c8a588513c22,2024-04-27,0,0.24024684728495538
55231cc4112334b4,2024-04-27,0,0.26188771092880064
681cd3cc6299d652,2024-04-27,1,0.3712387720751628
6ea77cb62aa2f276,2024-04-27,0,0.3513247836278572
7ca5604d99220e88,2024-04-27,0,0.6322471532957648
2db0998b24c11ea0,2024-05-04,0,0.1882542346299662
2faf5b8d708f8e94,2024-05-04,0,0.3850315150943268
3e74caa9fff4a5eb,2024-05-04,1,0.8028178868137535
3f419fce8ba8aa0e,2024-05-04,1,0.6283095151340794
8a121f9c48f3773c,2024-05-04,0,0.2560235333637811
a8718a3419a11e15,2024-05-04,1,0.20401841445454247
b3d88eaea611a4a8,2024-05-04,1,0.4241762239760019
c456b1950208e0b2,2024-05-04,0,0.37462256672514854
c84a29f426f1aab7,2024-05-04,0,0.23106034760925448
13d8d5cd83e5b57e,2024-05-11,1,0.6487381196319992
420a5e3b4010ebef,2024-05-11,1,0.5409644719864491
4b45f190122a1ce1,2024-05-11,1,0.5609828515338402
8aa07b6cc40f0cb2,2024-05-11,0,0.30829046625220735
8d9bcbb48888a5a3,2024-05-11,0,0.4261441781059444
ccf3b6eda4c2a564,2024-05-11,0,0.4827031139569242
e98eb6de29c62c9c,2024-05-11,1,0.3490342798177002
ec5d705232983b87,2024-05-11,0,0.425070245204465
17aa636aa98678d3,2024-05-18,0,0.3776836030550483
20220ace492af368,2024-05-18,1,0.5577293620612788
85ddb65429a9d517,2024-05-18,1,0.5249102575708268
052f53e006b28132,2024-06-08,0,0.44441650121808207
2d12ae4683bbf433,2024-06-08,1,0.35002334415823483
393f9bc7b51791a6,2024-06-08,0,0.6505397620996302
3b12094dd48c2dc5,2024-06-08,0,0.5110334190388804
b34abcfe4c2e8a57,2024-06-08,1,0.7565978996563857
dcc0c53100fa1dd2,2024-06-08,1,0.7151049788545982
06713afc60301c0c,2024-06-15,1,0.6657692664781324
19ef5890b20f903a,2024-06-15,0,0.4541733348050265
3b1438e9ec64990e,2024-06-15,1,0.755485036408894
6bdb93f9b4581bf6,2024-06-15,0,0.3685596685864326
6f31285305881fe3,2024-06-15,0,0.20057188133129591
78a7bf038e56881d,2024-06-15,0,0.7353987748646934
7f14be4e45bca6bd,2024-06-15,0,0.3084252778481345
94f5b35b2b6c72b1,2024-06-15,1,0.7228209552783785
ab7bc93bdf4132c4,2024-06-15,0,0.58254600238606
e47523ac32bfa24c,2024-06-15,0,0.7833268128791446
fea3a0643218e16b,2024-06-15,1,0.3126089795940079
0ac2da3dbaf2fce2,2024-06-22,1,0.7331939158026775
774fb0c0c1c2bc6a,2024-06-22,1,0.6794582828504699
8bd5f20f49434c65,2024-06-22,0,0.541419839104921
8db5cf5df713a7e9,2024-06-22,0,0.3718487257803113
8ddd53a7ed3754d5,2024-06-22,1,0.7234374949470114
9d5f562e0572058c,2024-06-22,0,0.5797150909169986
cd3bb8a2824fbf22,2024-06-22,0,0.708482110806909
de1acb6803ab3f14,2024-06-22,1,0.8134751676598219
eba46dbf9cdd83c0,2024-06-22,1,0.5674996702400609
fbbf5391ea25521b,2024-06-22,1,0.8523232757166154
08489fdfb56ee19c,2024-06-29,0,0.3387932188442079
2b7883b304b3df1c,2024-06-29,0,0.5008329207638502
5f8a92f10e5451ce,2024-06-29,1,0.913738933870443
a571c622ab89b3d9,2024-06-29,0,0.4074353596339791
bca5d01f8775f852,2024-06-29,1,0.5803985289416668
bf878c083a6b30ad,2024-06-29,0,0.4336986149251743
daa6b47be304ec86,2024-06-29,1,0.7838608286457521
fbf77262d8da342b,2024-06-29,1,0.6063670570467421
fc8ad0c7fc70dde7,2024-06-29,0,0.3230517693629698
1394ce1832ddefe0,2024-07-13,1,0.6910698773439975
54de03e04f571735,2024-07-13,0,0.5446587909630101
582afc25875911d1,2024-07-13,1,0.5576505183541803
5eebde8fb4d67259,2024-07-13,1,0.5096619542610029
80108a70c4afa6c2,2024-07-13,0,0.7014521524577413
a63bb85cc39389c7,2024-07-13,1,0.27434611523968727
dad759ec50508147,2024-07-13,1,0.8098616310440531
dff8e4ef87d69516,2024-07-13,0,0.6178427809469872
e06bfd0100eccbad,2024-07-13,1,0.8346023257200123
120ec60ad18cf6c5,2024-07-20,1,0.6219347192350596
4a00db8aeff200a2,2024-07-20,0,0.4664419318663913
6e6567a98ea78891,2024-07-20,0,0.7255244895703776
94541dd979e0b4bd,2024-07-20,0,0.4885386956330903
9eaa33f874bbb999,2024-07-20,1,0.38868049583460906
ec8bc554a0646638,2024-07-20,1,0.3208284440211009
45e6a9b56ee3a9d1,2024-07-27,1,0.809978718133027
678eda89a096dde8,2024-07-27,0,0.7233326938422191
8a2e28da18ba6a25,2024-07-27,1,0.7609156806537606
9d8c32c60df0e287,2024-07-27,1,0.33458564594687834
d6e240c47ba6034d,2024-07-27,1,0.7354618184898133
ec434314c5438fc7,2024-07-27,1,0.769813823078854
ec5163539a133f17,2024-07-27,0,0.727871862243127
f02fed4e98048471,2024-07-27,0,0.6242506409222224
1cd63899011c4bf6,2024-08-03,0,0.24259017883040548
2d39c26876246223,2024-08-03,0,0.18020959666713468
33655fd07cfbe034,2024-08-03,0,0.21931248078865284
637f792270a0c746,2024-08-03,1,0.9065195372698137
77df662671ce11c5,2024-08-03,1,0.5842164910844677
b38450d9aa0f52b8,2024-08-03,1,0.7553301720462192
bb85e207eba236bc,2024-08-03,0,0.4394530113046775
d038ff5ac21094f3,2024-08-03,1,0.5105275448018501
d0d74672150ddea3,2024-08-03,1,0.5312098631961839
de767dd5216bcad9,2024-08-03,1,0.629676250598657
e6851877e33d343f,2024-08-03,1,0.750668282882222
f80143e1f3c3d319,2024-08-03,0,0.7083308783772565
fbbb703581440496,2024-08-03,1,0.7214884046008032
6aa89b7b5350b8e2,2024-08-10,1,0.835430982347999
7b4284bd3033a319,2024-08-10,1,0.7729057743608584
84973bbdffaf0d0e,2024-08-10,0,0.4073049310672244
e72a2130e7387637,2024-08-10,0,0.40553358338745793
059f5cf0e9e37627,2024-08-17,0,0.7952326510939925
3c319d4659e6c8fd,2024-08-17,0,0.22417567765233834
43ebfc8914a39061,2024-08-17,0,0.5986004384629166
6c44af21414e4143,2024-08-17,1,0.5827707740601191
b9d5c77ae7a8109b,2024-08-17,1,0.3944085920734887
bf8c5effd23f69c4,2024-08-17,1,0.32012515168003886
bfff6cf22c1c569c,2024-08-17,1,0.8878380469390351
dd3d8f7066c145b7,2024-08-17,0,0.35307825324493625
ea4ff1d77928b029,2024-08-17,0,0.3986543424440879
15805ae1eea3343e,2024-08-24,0,0.24669926186347563
2cbd53e43d3f606b,2024-08-24,0,0.7598069152603553
560f1e26c2a6690a,2024-08-24,0,0.2999445679972148
5c5523a6bf83e44f,2024-08-24,0,0.6269053836500728
70afe9e0d2422252,2024-08-24,0,0.363548121152542
903d588b30a471e8,2024-08-24,1,0.785782185245948
ae50a1a655b1a8f6,2024-08-24,0,0.15372810365328204
ba8eda6993922ba0,2024-08-24,1,0.614637763788782
bad06a5380d762b8,2024-08-24,0,0.3047689259004875
0c418b9cdfd525c9,2024-09-07,0,0.46212430145013184
69bde5bae0d6ec4f,2024-09-07,0,0.4028365322602255
6e9876d2be2bbd02,2024-09-07,0,0.3343079831830635
75fa9c0bb31caaa3,2024-09-07,0,0.4755014764852035
abfd5ac6cf186d8a,2024-09-07,1,0.9324797482711337
b80c6eba11c54778,2024-09-07,0,0.6770491907183135
f1613b372748c8bb,2024-09-07,1,0.8626373412057813
f734b497add754af,2024-09-07,1,0.6813870533858051
fe59646ebad8b6e4,2024-09-07,0,0.27070767375799476
2335e75ce63805b6,2024-09-14,0,0.3432632268744095
2397e2a92710705a,2024-09-14,0,0.4221653203276328
27d98a8ee6608e27,2024-09-14,0,0.7452218963186914
3146e5a47a922976,2024-09-14,0,0.505721180587729
3733d100f7bd5590,2024-09-14,0,0.5639936848406757
6f83cfae0c800ef8,2024-09-14,0,0.5550613810795006
78b506e5092a27fd,2024-09-14,1,0.6502046951504684
c60a317c7767abb7,2024-09-14,0,0.7955041073594339
dae8ad2e03aa4a9a,2024-09-14,0,0.3291314232503707
19706d8ba0edf9cd,2024-09-28,1,0.30053253176340133
3599e9de4ae0e171,2024-09-28,1,0.8627998601412007
45f00a42a17f8e2a,2024-09-28,0,0.3915716950325247
47d978a984a163aa,2024-09-28,1,0.4669150898362975
62ff1e5deb124ff5,2024-09-28,1,0.6877390265939501
7ba432e218edc17d,2024-09-28,1,0.6771950362402513
7ca4c91bab696b89,2024-09-28,1,0.34220738129075423
89b772f864acb637,2024-09-28,1,0.5097427533113267
a187670c5ee1ec5f,2024-09-28,0,0.3583805079499848
d063d46208c560b1,2024-09-28,1,0.7777396278265445
d806aacf5b6ba7f6,2024-09-28,1,0.6204305531795529
e01019fbfe0e9528,2024-09-28,1,0.8743233610856851
eedc7fccf7037949,2024-09-28,0,0.6210373107370096
f114929ed709606e,2024-09-28,1,0.8305797934757297
1d68bb733de24b06,2024-10-05,0,0.5878363233099505
3d7d82fff71e395a,2024-10-05,0,0.4638957982884681
5931cd9cf5da5f75,2024-10-05,1,0.44368946059515507
69bca5091b2a31f6,2024-10-05,0,0.320629388071985
8c5e06c71f392f33,2024-10-05,1,0.7914682419990737
9ea124a13d071186,2024-10-05,0,0.10534791202376008
e8aad69aace1d31f,2024-10-05,0,0.5309042338936961
eb73b63bbd7b88a7,2024-10-05,0,0.36680341524694704
ed5b6681ab4e83e5,2024-10-05,1,0.8118368876622878
48dd2c9cb39bd2d4,2024-10-12,1,0.48701552428457756
57415110bd494c79,2024-10-12,1,0.7499702523707819
69a5895fde58432c,2024-10-12,0,0.641656620011678
85854504ce1aa97a,2024-10-12,1,0.6751762548437025
98c29ba02cee5ba3,2024-10-12,1,0.7780630656261219
b23554da35a84fbc,2024-10-12,0,0.42329172723725955
de484433eef22e1d,2024-10-12,1,0.7047024496787724
f1cc9169813c4a3e,2024-10-12,0,0.26184644219333886
f690949d90ff1dee,2024-10-12,1,0.6702689234639639
0599f35e6679de02,2024-10-19,1,0.6248473415499193
308f6cb830019ea9,2024-10-19,0,0.3117100054020965
32b8c6c4b735d712,2024-10-19,1,0.25100477492637874
4277b02a4dadac40,2024-10-19,1,0.6391818883099326
503d7342cc08109f,2024-10-19,1,0.7581255883975269
53f7f1b4834387a8,2024-10-19,0,0.3520388951619733
a2f2c64f9fb3fb1c,2024-10-19,1,0.6306835736995191
a2f46e94aa6b0c64,2024-10-19,0,0.7988901027182695
c61923255389e67c,2024-10-19,0,0.25836358457307085
f01b97e864cb4b8b,2024-10-19,1,0.16151721591161297
fc73ecbd83b7f159,2024-10-19,1,0.7241988578928057
108434acbbd75d26,2024-10-26,1,0.6515321616412056
1d65c141776949d6,2024-10-26,1,0.6812461968425927
5c783cd188425783,2024-10-26,1,0.841483689746028
6114076c689e8457,2024-10-26,1,0.6689039033018225
781a2ea50f5ae68f,2024-10-26,1,0.5032136433140607
919e3c5cc6999cb3,2024-10-26,1,0.22839431286360978
af6eeea1cfe33240,2024-10-26,1,0.6246248512376829
b09f54654b0f95f5,2024-10-26,1,0.7592537759064057
b8bf186f884678ea,2024-10-26,0,0.30721822520157765
bde635a4f345bc3e,2024-10-26,1,0.6436625389565227
cc11a0762f246fa4,2024-10-26,1,0.7705696530575521
df7928de73fc2fe8,2024-10-26,1,0.9005372393077188
ebf7cea27b83c432,2024-10-26,1,0.7842505538220341
18729b11614406bf,2024-11-02,1,0.6394074517878207
6ad594777cce2d7d,2024-11-02,0,0.684761524233362
799acf3ae8a5df0a,2024-11-02,1,0.6262662219649194
7edf2fe3a8776a44,2024-11-02,0,0.6527564323981568
d29a82322bb083d9,2024-11-02,1,0.7728816272677739
eaa885cf7ae31e0b,2024-11-02,0,0.3604447166216805
154138c8fc89c315,2024-11-09,0,0.2736228528925183
73f451d894a1d4ca,2024-11-09,0,0.17288170358449792
c31d9cac7534d879,2024-11-09,0,0.2136140372155455
e6685759ed2af90d,2024-11-09,1,0.29188639194739346
ea6427379a83bd01,2024-11-09,1,0.8337617516334782
00414fc5519233b4,2024-11-16,0,0.5988770231649385
2a930e2d7e1f87a9,2024-11-16,0,0.5121431188805816
35c8223cc967fe0a,2024-11-16,1,0.3138246529169078
4f4189009a190e35,2024-11-16,1,0.7448788874559081
55eebc2ee92bf00a,2024-11-16,1,0.864205677184512
6c1faa6284428e5d,2024-11-16,1,0.48679645433655677
8545a2495db16538,2024-11-16,1,0.3049948482847204
9676a4e9362e4bfd,2024-11-16,0,0.2582652623382374
b35e47f2f58ef026,2024-11-16,1,0.8525180650933848
c565e2baa27cc7e5,2024-11-16,1,0.8880737556474013
cfd3e62c638fbd1f,2024-11-16,1,0.913736246551517
02ec66f311dce539,2024-11-23,0,0.360585594395525
38f1c83c19e99fa2,2024-11-23,1,0.7432304162148484
56d2c00dfd391fcf,2024-11-23,1,0.6878955533155967
5dab54e34c2cfe01,2024-11-23,0,0.5375528829460144
64d6d51219e0664c,2024-11-23,0,0.8813855565505226
828de4f5585c908c,2024-11-23,0,0.49921458570160204
86a2f07e0bf20297,2024-11-23,0,0.7439385223191672
9c207acb12c17a67,2024-11-23,0,0.3569806797761861
baee9b2491c986e2,2024-11-23,1,0.1898072544080678
f0c4aff7dd1ec4e9,2024-11-23,1,0.6378880491430072
f53573316a4f349f,2024-11-23,1,0.7575574204729663
f5f28a8b472b8012,2024-11-23,1,0.6196895924009189
0292b9c31c0089ac,2024-12-07,1,0.891398499569606
089388c9f00ce9c6,2024-12-07,0,0.586543079723128
0f16d83859d608c7,2024-12-07,0,0.5292222806137468
1569186ee820ea87,2024-12-07,1,0.7452035172227269
4914f7bd073c6359,2024-12-07,1,0.5517072848262036
72b12a837290b327,2024-12-07,0,0.13628552113958228
7c0d0a28a8fba102,2024-12-07,0,0.42374816704782114
97caf8fca9d9603b,2024-12-07,1,0.7778712349531692
a5c57b0f49e9f61c,2024-12-07,1,0.5852297966524119
d38029cf47e54cf7,2024-12-07,0,0.42353395951967404
df30514e0674d598,2024-12-07,1,0.7143173945912047
e761c5009c09b295,2024-12-07,1,0.7055154083531305
eb94412f15c62650,2024-12-07,1,0.8087742064940591
f706508c52f337a6,2024-12-07,1,0.8114773926990813
00c6a2ef07ca51da,2024-12-14,0,0.35919090607097465
1a635a5e4551e7d5,2024-12-14,1,0.7923059039002928
2b6a75175bbca4e9,2024-12-14,1,0.8689495168372061
5238f6470d0557fb,2024-12-14,0,0.31914331099661164
7521015554088962,2024-12-14,1,0.4477804963629532
7b1bc4ff776f12c1,2024-12-14,0,0.8165121139930817
9c24c03131d5b49a,2024-12-14,1,0.6727128442767664
b0be38110c2d8b84,2024-12-14,1,0.8166163573885219
b40e4deb48658851,2024-12-14,1,0.4999181887840703
cf258c17234d649e,2024-12-14,0,0.2902565221142086
e5f9d59d00fe3c73,2024-12-14,1,0.8591933302223658
ebeeed2595266bbc,2024-12-14,1,0.6184793590155031
edf7ce89ad672e85,2024-12-14,0,0.723708180174396
