fight_id,red_name,blue_name,duration,red_win,winner_name,method,oracle_p_red,expected_p_red,mc_p_red,mc_red_win_path_share,paths,oracle_pick,expected_pick,mc_pick,mc_correct,mc_confidence
0f20c1d7c44fa5fe,Raul Rosas Jr.,Vince Morales,900.0,1,Raul Rosas Jr.,Decision - Unanimous,0.9651829663867669,0.999472588539434,0.9607287305673609,0.95,20,Raul Rosas Jr.,Raul Rosas Jr.,Raul Rosas Jr.,True,0.9607287305673609
33e301872e2b5680,Brandon Moreno,Steve Erceg,1500.0,1,Brandon Moreno,Decision - Unanimous,0.26813603563641825,0.5223180964312631,0.5756727522877828,0.65,20,Steve Erceg,Brandon Moreno,Brandon Moreno,True,0.5756727522877828
41cdbcc0f3635b8f,Christian Rodriguez,Melquizael Costa,900.0,0,Melquizael Costa,Decision - Unanimous,0.5939882656595665,0.6226437211345695,0.5731264771782935,0.55,20,Christian Rodriguez,Christian Rodriguez,Christian Rodriguez,False,0.5731264771782935
5ba7dd466e30169f,Ronaldo Rodriguez,Kevin Borjas,900.0,0,Kevin Borjas,Decision - Unanimous,0.2509746516710339,0.405544552113278,0.43298905887803557,0.35,20,Kevin Borjas,Kevin Borjas,Kevin Borjas,True,0.5670109411219644
7e3fc760b26b6ae4,Rafa Garcia,Vinc Pichel,900.0,1,Rafa Garcia,Decision - Unanimous,0.42506455972332147,0.7431888120468572,0.5983470976384552,0.6,20,Vinc Pichel,Rafa Garcia,Rafa Garcia,True,0.5983470976384552
7efca050bc7be8ac,Loopy Godinez,Julia Polastri,900.0,1,Loopy Godinez,Decision - Unanimous,0.923881162820763,0.8782019786946575,0.8069685172519364,0.85,20,Loopy Godinez,Loopy Godinez,Loopy Godinez,True,0.8069685172519364
9f66d450af690df5,MarQuel Mederos,Austin Hubbard,900.0,1,MarQuel Mederos,Decision - Split,0.5866262572871119,0.49950129081674083,0.5170590400056682,0.55,20,MarQuel Mederos,Austin Hubbard,MarQuel Mederos,True,0.5170590400056682
0c80eef2f4570543,Brad Tavares,Gerald Meerschaert,900.0,1,Brad Tavares,Decision - Unanimous,0.7189338765335415,0.7898501104982938,0.6896090646210742,0.75,20,Brad Tavares,Brad Tavares,Brad Tavares,True,0.6896090646210742
4b1aec2395ebca14,Victor Henry,Pedro Falcao,900.0,1,Victor Henry,Decision - Unanimous,0.8529881860377655,0.7722593281016672,0.500491654583921,0.45,20,Victor Henry,Victor Henry,Victor Henry,True,0.500491654583921
86a1be10255eea4e,Josh Emmett,Lerone Murphy,1500.0,0,Lerone Murphy,Decision - Unanimous,0.17074128049444467,0.11716244318194587,0.19974185297593386,0.15,20,Lerone Murphy,Lerone Murphy,Lerone Murphy,True,0.8002581470240662
96cc199d78732d11,Martin Buday,Uran Satybaldiev,900.0,1,Martin Buday,Decision - Unanimous,0.8727574164110689,0.39969960819073586,0.4372592920266949,0.55,20,Martin Buday,Uran Satybaldiev,Uran Satybaldiev,False,0.5627407079733051
a160e94fdb66de17,Pat Sabatini,Joanderson Brito,900.0,1,Pat Sabatini,Decision - Unanimous,0.9999113875818445,0.8093874674545048,0.5864202287859636,0.6,20,Pat Sabatini,Pat Sabatini,Pat Sabatini,True,0.5864202287859636
cca4d763b1c6de0a,Vanessa Demopoulos,Talita Alencar,900.0,0,Talita Alencar,Decision - Unanimous,0.00012607334877427144,0.14147682061914174,0.2496932144936334,0.3,20,Talita Alencar,Talita Alencar,Talita Alencar,True,0.7503067855063665
d1368ca941c1fefc,Torrez Finney,Robert Valentin,900.0,1,Torrez Finney,Decision - Split,0.8469880179007913,0.8509692511692835,0.6565447026101077,0.7,20,Torrez Finney,Torrez Finney,Torrez Finney,True,0.6565447026101077
fd088ce1481315a5,Loma Lookboonmee,Istela Nunes,900.0,1,Loma Lookboonmee,Decision - Unanimous,0.6166864806201973,0.9261714588147345,0.7509961498856862,0.75,20,Loma Lookboonmee,Loma Lookboonmee,Loma Lookboonmee,True,0.7509961498856862
0eccebee160137b1,Yan Xiaonan,Virna Jandiroba,900.0,0,Virna Jandiroba,Decision - Unanimous,0.12054211151712732,0.6117851779548671,0.5708881051448038,0.55,20,Virna Jandiroba,Yan Xiaonan,Yan Xiaonan,False,0.5708881051448038
11eb27a1ac74d225,Jim Miller,Chase Hooper,900.0,0,Chase Hooper,Decision - Unanimous,0.016160235511649582,0.01436965434716414,0.26305853452028327,0.25,20,Chase Hooper,Chase Hooper,Chase Hooper,True,0.7369414654797167
d3be5a4e0ec273e2,Yair Rodriguez,Patricio Freire,900.0,1,Yair Rodriguez,Decision - Unanimous,0.996757907027297,0.8411605546148495,0.7891976913709084,0.85,20,Yair Rodriguez,Yair Rodriguez,Yair Rodriguez,True,0.7891976913709084
e733f148060bef2a,Alexander Volkanovski,Diego Lopes,1500.0,1,Alexander Volkanovski,Decision - Unanimous,0.986283354954214,0.9587684135804493,0.7935883938917462,0.85,20,Alexander Volkanovski,Alexander Volkanovski,Alexander Volkanovski,True,0.7935883938917462
fd98843926965cbd,Sumudaerji,Mitch Raposo,900.0,1,Sumudaerji,Decision - Split,0.911987354863645,0.34205252094670874,0.3752845493030438,0.3,20,Sumudaerji,Mitch Raposo,Mitch Raposo,False,0.6247154506969562
4072abf0b0c179f2,Giga Chikadze,David Onama,900.0,0,David Onama,Decision - Unanimous,0.06221555149538448,0.5274444223322906,0.4315512234681374,0.45,20,David Onama,Giga Chikadze,David Onama,True,0.5684487765318627
633f4b5ec767769d,Ian Machado Garry,Carlos Prates,1500.0,1,Ian Machado Garry,Decision - Unanimous,0.9603542266889117,0.867312831046409,0.8495095854031598,0.95,20,Ian Machado Garry,Ian Machado Garry,Ian Machado Garry,True,0.8495095854031598
6f3cb7ce84185dd3,Chris Gutierrez,John Castaneda,900.0,1,Chris Gutierrez,Decision - Split,0.35368317960985546,0.825637330350227,0.7912313492882046,0.95,20,John Castaneda,Chris Gutierrez,Chris Gutierrez,True,0.7912313492882046
7d51649373d42571,Da'Mon Blackshear,Alatengheili,900.0,1,Da'Mon Blackshear,Decision - Unanimous,0.9831860424779729,0.704429909303877,0.7906043674852372,0.85,20,Da'Mon Blackshear,Da'Mon Blackshear,Da'Mon Blackshear,True,0.7906043674852372
97770b38df67b276,Evan Elder,Gauge Young,900.0,1,Evan Elder,Decision - Unanimous,0.902203277629782,0.2406761313460339,0.43479142964906137,0.5,20,Evan Elder,Gauge Young,Gauge Young,False,0.5652085703509386
9bbd45774fb4a6eb,Michel Pereira,Abus Magomedov,900.0,0,Abus Magomedov,Decision - Unanimous,0.42423711248807,0.6838765442348229,0.5548641842654076,0.65,20,Abus Magomedov,Michel Pereira,Michel Pereira,False,0.5548641842654076
d8d22dcc1f6912e7,Matt Schnell,Jimmy Flick,900.0,1,Matt Schnell,Decision - Unanimous,0.835021818337694,0.49048157295371925,0.5734512054200653,0.6,20,Matt Schnell,Jimmy Flick,Matt Schnell,True,0.5734512054200653
2707dc2245335cc1,Yana Santos,Miesha Tate,900.0,1,Yana Santos,Decision - Unanimous,0.7305724475300421,0.22539465185521515,0.4241727099882455,0.35,20,Yana Santos,Miesha Tate,Miesha Tate,False,0.5758272900117545
469f887278324e63,Juliana Miller,Ivana Petrovic,900.0,1,Juliana Miller,Decision - Unanimous,0.8713003772826862,0.32195966237622015,0.3149125127883675,0.25,20,Juliana Miller,Ivana Petrovic,Ivana Petrovic,False,0.6850874872116325
5ce29056e0cd2df9,Montel Jackson,Daniel Marcos,900.0,1,Montel Jackson,Decision - Unanimous,0.7126099260289054,0.7526653475109837,0.7169551406608495,0.75,20,Montel Jackson,Montel Jackson,Montel Jackson,True,0.7169551406608495
6ccd10adc968e1f0,Cameron Smotherman,Serhiy Sidey,900.0,0,Serhiy Sidey,Decision - Unanimous,0.3072582040789888,0.6408349504272446,0.6372311306105619,0.7,20,Serhiy Sidey,Cameron Smotherman,Cameron Smotherman,False,0.6372311306105619
9039959b41901412,Jeremy Stephens,Mason Jones,900.0,0,Mason Jones,Decision - Unanimous,0.006739692563153212,0.27714187381965133,0.4115008421456027,0.4,20,Mason Jones,Mason Jones,Mason Jones,True,0.5884991578543973
c445401709421fa4,Thomas Petersen,Don'Tale Mayes,900.0,1,Thomas Petersen,Decision - Unanimous,0.9999633186372098,0.8286926120894461,0.7700002012057955,0.85,20,Thomas Petersen,Thomas Petersen,Thomas Petersen,True,0.7700002012057955
0e0a4282cd6c86d7,Daniel Santos,JeongYeong Lee,900.0,1,Daniel Santos,Decision - Unanimous,0.9845175954198564,0.818874805511768,0.660957811439725,0.7,20,Daniel Santos,Daniel Santos,Daniel Santos,True,0.660957811439725
0f53eb509d0ffeb9,Alexa Grasso,Natalia Silva,900.0,0,Natalia Silva,Decision - Unanimous,0.21970110374216512,0.13585199257540798,0.3839135240421885,0.3,20,Natalia Silva,Natalia Silva,Natalia Silva,True,0.6160864759578115
891b2faf1bff38ee,Jose Aldo,Aiemann Zahabi,900.0,0,Aiemann Zahabi,Decision - Unanimous,0.037166942659305036,0.6977289568448182,0.6448211007277803,0.65,20,Aiemann Zahabi,Jose Aldo,Jose Aldo,False,0.6448211007277803
99aa1f28e22bb6dd,Navajo Stirling,Ivan Erslan,900.0,1,Navajo Stirling,Decision - Unanimous,0.9985721605599684,0.7228396702060219,0.6497229499866715,0.65,20,Navajo Stirling,Navajo Stirling,Navajo Stirling,True,0.6497229499866715
9e9d1764a015f313,Valentina Shevchenko,Manon Fiorot,1500.0,1,Valentina Shevchenko,Decision - Unanimous,0.5193389875474204,0.6496411188244764,0.5852988146768852,0.55,20,Valentina Shevchenko,Valentina Shevchenko,Valentina Shevchenko,True,0.5852988146768852
b873c116e39c9920,Belal Muhammad,Jack Della Maddalena,1500.0,0,Jack Della Maddalena,Decision - Unanimous,0.2652489989600572,0.3785737703973694,0.5112170506855195,0.5,20,Jack Della Maddalena,Jack Della Maddalena,Belal Muhammad,False,0.5112170506855195
c812457a810dde39,Modestas Bukauskas,Ion Cutelaba,900.0,1,Modestas Bukauskas,Decision - Split,0.29687195094694263,0.14605492093974629,0.21658137953209816,0.15,20,Ion Cutelaba,Ion Cutelaba,Ion Cutelaba,False,0.7834186204679019
afdd95ae7b7cdb0c,Tecia Pennington,Luana Pinheiro,900.0,1,Tecia Pennington,Decision - Unanimous,0.785255851005078,0.6944458700267188,0.7712401948143224,0.9,20,Tecia Pennington,Tecia Pennington,Tecia Pennington,True,0.7712401948143224
b3044bf646306e7f,Dustin Stoltzfus,Nursulton Ruziboev,900.0,0,Nursulton Ruziboev,Decision - Unanimous,0.2792028421193041,0.5492977335662707,0.6372288815351299,0.65,20,Nursulton Ruziboev,Dustin Stoltzfus,Dustin Stoltzfus,False,0.6372288815351299
dcb27eef6441268c,Sodiq Yusuff,Mairon Santos,900.0,0,Mairon Santos,Decision - Unanimous,0.5203732971119822,0.5511471382162962,0.583109012504466,0.5,20,Sodiq Yusuff,Sodiq Yusuff,Sodiq Yusuff,False,0.583109012504466
fe2acfdaaaec3dba,Julian Erosa,Melquizael Costa,900.0,0,Melquizael Costa,Decision - Unanimous,0.2915129536839473,0.2560713791311968,0.4522475398274989,0.35,20,Melquizael Costa,Melquizael Costa,Melquizael Costa,True,0.5477524601725011
106918bfbe24335d,Ketlen Vieira,Macy Chiasson,900.0,1,Ketlen Vieira,Decision - Unanimous,0.9790533812066495,0.3731468448701716,0.4610670001304243,0.5,20,Ketlen Vieira,Macy Chiasson,Macy Chiasson,False,0.5389329998695758
212527d462690304,Mateusz Gamrot,Ludovit Klein,900.0,1,Mateusz Gamrot,Decision - Unanimous,0.9994573991799092,0.6970058403139076,0.5636327516148558,0.55,20,Mateusz Gamrot,Mateusz Gamrot,Mateusz Gamrot,True,0.5636327516148558
73240bea13ed5e71,Rayanne dos Santos,Alice Ardelean,900.0,0,Alice Ardelean,Decision - Unanimous,0.019320142864166518,0.5823588974277383,0.5881152509713327,0.55,20,Alice Ardelean,Rayanne dos Santos,Rayanne dos Santos,False,0.5881152509713327
baa2ee0bf7f97079,Jafel Filho,Allan Nascimento,900.0,0,Allan Nascimento,Decision - Unanimous,0.6369007835593298,0.3900724704673897,0.4580131987852856,0.4,20,Jafel Filho,Allan Nascimento,Allan Nascimento,True,0.5419868012147144
0e8599eca8ccfa32,MarQuel Mederos,Mark Choinski,900.0,1,MarQuel Mederos,Decision - Unanimous,0.9389537807249217,0.5658795238745703,0.5800224468726644,0.6,20,MarQuel Mederos,MarQuel Mederos,MarQuel Mederos,True,0.5800224468726644
2e4064e0e6d4d92e,Quillan Salkilld,Yanal Ashmouz,900.0,1,Quillan Salkilld,Decision - Unanimous,0.9961366050634604,0.5322039232444549,0.57794102683704,0.6,20,Quillan Salkilld,Quillan Salkilld,Quillan Salkilld,True,0.57794102683704
ac977a0389682124,Serghei Spivac,Waldo Cortes-Acosta,900.0,0,Waldo Cortes-Acosta,Decision - Unanimous,0.04067131343671908,0.5734510946918278,0.5251390412162436,0.6,20,Waldo Cortes-Acosta,Serghei Spivac,Serghei Spivac,False,0.5251390412162436
d078e9046aa86307,Ariane da Silva,Wang Cong,900.0,0,Wang Cong,Decision - Unanimous,0.01130853991338149,0.42206680466480534,0.41312252832231994,0.4,20,Wang Cong,Wang Cong,Wang Cong,True,0.5868774716776801
df5dac45fc585fb0,Mario Bautista,Patchy Mix,900.0,1,Mario Bautista,Decision - Unanimous,0.9495221448470464,0.8404639550004489,0.7879562977486194,0.85,20,Mario Bautista,Mario Bautista,Mario Bautista,True,0.7879562977486194
e28e829800466aca,Kelvin Gastelum,Joe Pyfer,900.0,0,Joe Pyfer,Decision - Unanimous,0.1272286890434074,0.34554470893751177,0.3367389731917537,0.3,20,Joe Pyfer,Joe Pyfer,Joe Pyfer,True,0.6632610268082463
f0488a4486a64af0,Khaos Williams,Andreas Gustafsson,900.0,0,Andreas Gustafsson,Decision - Unanimous,0.0005850519729180323,0.7033615861722401,0.6351188618640491,0.65,20,Andreas Gustafsson,Khaos Williams,Khaos Williams,False,0.6351188618640491
1714950933f88ab9,Cody Garbrandt,Raoni Barcelos,900.0,0,Raoni Barcelos,Decision - Unanimous,0.2679106255652984,0.4202525882784571,0.6096638071735293,0.6,20,Raoni Barcelos,Raoni Barcelos,Cody Garbrandt,False,0.6096638071735293
59c4fdb3c0673066,Ricky Simon,Cameron Smotherman,900.0,1,Ricky Simon,Decision - Unanimous,0.9793764182818653,0.8054975913517329,0.6773696828903092,0.75,20,Ricky Simon,Ricky Simon,Ricky Simon,True,0.6773696828903092
79dfbbdd14fbbd11,Rose Namajunas,Miranda Maverick,900.0,1,Rose Namajunas,Decision - Unanimous,0.8554856032316303,0.5665323581218548,0.5656204228622378,0.65,20,Rose Namajunas,Rose Namajunas,Rose Namajunas,True,0.5656204228622378
ab325ea526824723,Jamey-Lyn Horth,Vanessa Demopoulos,900.0,1,Jamey-Lyn Horth,Decision - Unanimous,0.9948616926882552,0.8730858713472438,0.7609151197439162,0.85,20,Jamey-Lyn Horth,Jamey-Lyn Horth,Jamey-Lyn Horth,True,0.7609151197439162
d75b3d3c2b209b75,Kamaru Usman,Joaquin Buckley,1500.0,1,Kamaru Usman,Decision - Unanimous,0.9452984552858309,0.5659587308256214,0.6587894383919267,0.65,20,Kamaru Usman,Kamaru Usman,Kamaru Usman,True,0.6587894383919267
e5bd7e6e2a50a843,Edmen Shahbazyan,Andre Petroski,900.0,1,Edmen Shahbazyan,Decision - Unanimous,0.8469644187131227,0.20549938043986254,0.28579161117161345,0.2,20,Edmen Shahbazyan,Andre Petroski,Andre Petroski,False,0.7142083888283866
e861e9cc0118c670,Michael Chiesa,Court McGee,900.0,1,Michael Chiesa,Decision - Unanimous,0.9311859378273244,0.2374533096385897,0.3747794347885084,0.4,20,Michael Chiesa,Court McGee,Court McGee,False,0.6252205652114916
ec2034b134ae71cd,Alonzo Menifield,Oumar Sy,900.0,1,Alonzo Menifield,Decision - Unanimous,0.1815289505747549,0.4157016730434667,0.47154370030568193,0.45,20,Oumar Sy,Oumar Sy,Oumar Sy,False,0.5284562996943181
03bc32bdb5a33496,Jamahal Hill,Khalil Rountree Jr.,1500.0,0,Khalil Rountree Jr.,Decision - Unanimous,0.2185322222570985,0.8878250389834615,0.770676282269687,0.8,20,Khalil Rountree Jr.,Jamahal Hill,Jamahal Hill,False,0.770676282269687
19764211af05674c,Muhammad Naimov,Bogdan Grad,900.0,1,Muhammad Naimov,Decision - Unanimous,0.10738694065141226,0.4415789958255083,0.4663907125667772,0.45,20,Bogdan Grad,Bogdan Grad,Bogdan Grad,False,0.5336092874332228
2bfc0212f2cae65b,Irina Alekseeva,Klaudia Sygula,900.0,0,Klaudia Sygula,Decision - Unanimous,0.07347836804634493,0.42097056413040407,0.56412546223771,0.6,20,Klaudia Sygula,Klaudia Sygula,Irina Alekseeva,False,0.56412546223771
5fcf18bcd2a020f1,Ismail Naurdiev,JunYong Park,900.0,0,JunYong Park,Decision - Unanimous,0.6525329598663406,0.7718428925456486,0.6766250162809269,0.7,20,Ismail Naurdiev,Ismail Naurdiev,Ismail Naurdiev,False,0.6766250162809269
8c140756bf43dcc2,Tagir Ulanbekov,Azat Maksum,900.0,1,Tagir Ulanbekov,Decision - Unanimous,0.6817983282771748,0.7673476098390483,0.736229410476979,0.8,20,Tagir Ulanbekov,Tagir Ulanbekov,Tagir Ulanbekov,True,0.736229410476979
8e5744c664fec3e9,Curtis Blaydes,Rizvan Kuniev,900.0,1,Curtis Blaydes,Decision - Split,0.8723824258547644,0.9777376236048989,0.8447808899815886,0.9,20,Curtis Blaydes,Curtis Blaydes,Curtis Blaydes,True,0.8447808899815886
a12d3a6c8aaf87ca,Hamdy Abdelwahab,Mohammed Usman,900.0,0,Mohammed Usman,Decision - Unanimous,0.13466468177259297,0.5418362264879018,0.4220150869450234,0.35,20,Mohammed Usman,Hamdy Abdelwahab,Mohammed Usman,True,0.5779849130549766
a1afc16e21d1a807,Rafael Fiziev,Ignacio Bahamondes,900.0,1,Rafael Fiziev,Decision - Unanimous,0.8468047013771484,0.37636340509102917,0.4337407117094216,0.45,20,Rafael Fiziev,Ignacio Bahamondes,Ignacio Bahamondes,False,0.5662592882905784
e512b80bbaea36c2,Seokhyeon Ko,Oban Elliott,900.0,1,Seokhyeon Ko,Decision - Unanimous,0.9989161060368988,0.2195157963624188,0.3638630035597324,0.3,20,Seokhyeon Ko,Oban Elliott,Oban Elliott,False,0.6361369964402677
fff3218758c513b8,Daria Zhelezniakova,Melissa Mullins,900.0,1,Daria Zhelezniakova,Decision - Unanimous,0.8129505858120812,0.6503977916050083,0.6779694939738997,0.65,20,Daria Zhelezniakova,Daria Zhelezniakova,Daria Zhelezniakova,True,0.6779694939738997
043172689e415438,Jhonata Diniz,Alvin Hines,900.0,1,Jhonata Diniz,Decision - Unanimous,0.8999151781874073,0.3661469019000005,0.5141382686260931,0.5,20,Jhonata Diniz,Alvin Hines,Jhonata Diniz,True,0.5141382686260931
1ea9ad3b6e1cba79,Beneil Dariush,Renato Moicano,900.0,1,Beneil Dariush,Decision - Unanimous,0.984216977149841,0.9098960328511403,0.7733931544103761,0.8,20,Beneil Dariush,Beneil Dariush,Beneil Dariush,True,0.7733931544103761
815ff62ca8e217be,Viviane Araujo,Tracy Cortez,900.0,0,Tracy Cortez,Decision - Unanimous,0.0008127797712992766,0.4475436351233004,0.6257154879048659,0.6,20,Tracy Cortez,Tracy Cortez,Viviane Araujo,False,0.6257154879048659
f6a3c78f15ff26c7,Payton Talbott,Felipe Lima,900.0,1,Payton Talbott,Decision - Unanimous,0.9781753353148206,0.6483259746409854,0.6410142659146573,0.65,20,Payton Talbott,Payton Talbott,Payton Talbott,True,0.6410142659146573
f722b96ae6862843,Brandon Royval,Joshua Van,900.0,0,Joshua Van,Decision - Unanimous,0.7111066971297468,0.3297191017375293,0.3493357343740394,0.35,20,Brandon Royval,Joshua Van,Joshua Van,True,0.6506642656259606
236f811290163dca,Max Griffin,Chris Curtis,900.0,0,Chris Curtis,Decision - Split,0.4619959620525443,0.5933684014952296,0.5829422826874092,0.6,20,Chris Curtis,Max Griffin,Max Griffin,False,0.5829422826874092
2a03bc4c491b4c9a,Stephen Thompson,Gabriel Bonfim,900.0,0,Gabriel Bonfim,Decision - Split,0.19245426626531748,0.20939880941468533,0.3467019989916483,0.3,20,Gabriel Bonfim,Gabriel Bonfim,Gabriel Bonfim,True,0.6532980010083518
46bc1338a50cbeac,Lauren Murphy,Eduarda Moura,900.0,0,Eduarda Moura,Decision - Unanimous,0.09103149434319219,0.1937193805174526,0.460734019257867,0.45,20,Eduarda Moura,Eduarda Moura,Eduarda Moura,True,0.5392659807421329
f368475c366c6d85,Calvin Kattar,Steve Garcia,900.0,0,Steve Garcia,Decision - Unanimous,0.014172161554504244,0.14179056342693006,0.38721129321252923,0.35,20,Steve Garcia,Steve Garcia,Steve Garcia,True,0.6127887067874708
8e1feda9141602f1,Marvin Vettori,Brendan Allen,900.0,0,Brendan Allen,Decision - Unanimous,0.43992697967554073,0.6452253704303763,0.5340189276884829,0.55,20,Brendan Allen,Marvin Vettori,Marvin Vettori,False,0.5340189276884829
d7507e2741fd4d05,Max Holloway,Dustin Poirier,1500.0,1,Max Holloway,Decision - Unanimous,0.976927372532222,0.8483961875716043,0.7154367971405289,0.7,20,Max Holloway,Max Holloway,Max Holloway,True,0.7154367971405289
017a825c7820d12e,Davey Grant,Da'Mon Blackshear,900.0,1,Davey Grant,Decision - Unanimous,0.8391099263993995,0.49277650446498095,0.5126164816397673,0.5,20,Davey Grant,Da'Mon Blackshear,Davey Grant,True,0.5126164816397673
0a598768f5c8d540,Martin Buday,Marcus Buchecha,900.0,1,Martin Buday,Decision - Unanimous,0.7324470093907012,0.5575054988599014,0.6363990255751426,0.8,20,Martin Buday,Martin Buday,Martin Buday,True,0.6363990255751426
582d66ce97309e29,Shara Magomedov,Marc-Andre Barriault,900.0,1,Shara Magomedov,Decision - Unanimous,0.9468580875046909,0.8296144481642069,0.7399831283613579,0.8,20,Shara Magomedov,Shara Magomedov,Shara Magomedov,True,0.7399831283613579
6b8be0ee3e569ad2,Robert Whittaker,Reinier de Ridder,1500.0,0,Reinier de Ridder,Decision - Split,0.4002770628395575,0.6178145846453692,0.6919393884997455,0.8,20,Reinier de Ridder,Robert Whittaker,Robert Whittaker,False,0.6919393884997455
887c61da1a78a5e1,Asu Almabayev,Jose Ochoa,900.0,1,Asu Almabayev,Decision - Unanimous,0.9586498721829864,0.7405086244542489,0.6531219167990084,0.65,20,Asu Almabayev,Asu Almabayev,Asu Almabayev,True,0.6531219167990084
d4d4ee045b0ca695,Petr Yan,Marcus McGhee,900.0,1,Petr Yan,Decision - Unanimous,0.8945616346616985,0.7061958500311882,0.6730893765194721,0.65,20,Petr Yan,Petr Yan,Petr Yan,True,0.6730893765194721
e72c691b7c68b03a,Bryce Mitchell,Said Nurmagomedov,900.0,1,Bryce Mitchell,Decision - Unanimous,0.7827982171191142,0.9019684696014592,0.7881435711697427,0.8,20,Bryce Mitchell,Bryce Mitchell,Bryce Mitchell,True,0.7881435711697427
f9dac7702609669f,Ibo Aslan,Billy Elekana,900.0,0,Billy Elekana,Decision - Unanimous,0.3826591449757049,0.811854709541502,0.6793919873830688,0.65,20,Billy Elekana,Ibo Aslan,Ibo Aslan,False,0.6793919873830688
111e66eb922449e4,Danny Silva,Kevin Vallejos,900.0,0,Kevin Vallejos,Decision - Unanimous,0.2061960093787668,0.4379082207734114,0.5224686990213288,0.55,20,Kevin Vallejos,Kevin Vallejos,Danny Silva,False,0.5224686990213288
426a69e343822ab3,Mateusz Rebecki,Chris Duncan,900.0,0,Chris Duncan,Decision - Unanimous,0.8396648527700101,0.6845150239661365,0.5613702314462505,0.6,20,Mateusz Rebecki,Mateusz Rebecki,Mateusz Rebecki,False,0.5613702314462505
45781930d64da456,Rodolfo Vieira,Tresean Gore,900.0,1,Rodolfo Vieira,Decision - Unanimous,0.9818238327756655,0.8876158312410689,0.6889593505713263,0.65,20,Rodolfo Vieira,Rodolfo Vieira,Rodolfo Vieira,True,0.6889593505713263
878941394f9e3538,Elves Brener,Esteban Ribovics,900.0,0,Esteban Ribovics,Decision - Unanimous,0.43549556788525884,0.07551223574257732,0.24507001112990517,0.25,20,Esteban Ribovics,Esteban Ribovics,Esteban Ribovics,True,0.7549299888700949
b47db03affb279c3,Rafael Estevam,Felipe Bunes,900.0,1,Rafael Estevam,Decision - Unanimous,0.9929228818893253,0.9977252215337725,0.7926185954310634,0.85,20,Rafael Estevam,Rafael Estevam,Rafael Estevam,True,0.7926185954310634
c62ed8a6002b5360,Karol Rosa,Nora Cornolle,900.0,1,Karol Rosa,Decision - Unanimous,0.9875738510676315,0.7652252699040045,0.7048659045637444,0.75,20,Karol Rosa,Karol Rosa,Karol Rosa,True,0.7048659045637444
d98d6b2c13557a87,Piera Rodriguez,Ketlen Souza,900.0,1,Piera Rodriguez,Decision - Split,0.9001198033409036,0.861530960099035,0.7590673882936351,0.8,20,Piera Rodriguez,Piera Rodriguez,Piera Rodriguez,True,0.7590673882936351
37d58369782cb86b,Steve Erceg,Ode Osbourne,900.0,1,Steve Erceg,Decision - Unanimous,0.38264934637461534,0.7337527407196445,0.6327816952814698,0.7,20,Ode Osbourne,Steve Erceg,Steve Erceg,True,0.6327816952814698
3d6571790c21527c,Julius Walker,Rafael Cerqueira,900.0,1,Julius Walker,Decision - Unanimous,0.9994823946051211,0.9107534729184851,0.7887929671814055,0.85,20,Julius Walker,Julius Walker,Julius Walker,True,0.7887929671814055
646c79a7ecd12e5f,Iasmin Lucindo,Angela Hill,900.0,1,Iasmin Lucindo,Decision - Unanimous,0.918683293242535,0.7983966118857272,0.7051434749841983,0.75,20,Iasmin Lucindo,Iasmin Lucindo,Iasmin Lucindo,True,0.7051434749841983
6ef50ed03b116b60,Gabriella Fernandes,Julija Stoliarenko,900.0,1,Gabriella Fernandes,Decision - Unanimous,0.514026136179851,0.2638655425802453,0.37737162211630393,0.4,20,Gabriella Fernandes,Julija Stoliarenko,Julija Stoliarenko,False,0.6226283778836961
857e8facd8ff7c36,Cody Brundage,Eric McConico,900.0,0,Eric McConico,Decision - Split,0.8960317106925276,0.6121443441813077,0.5444446061610345,0.55,20,Cody Brundage,Cody Brundage,Cody Brundage,False,0.5444446061610345
98d6771af9b0ebe5,Andre Fili,Christian Rodriguez,900.0,1,Andre Fili,Decision - Split,0.31363966281616423,0.04217797813712866,0.24482835555291813,0.2,20,Christian Rodriguez,Christian Rodriguez,Christian Rodriguez,False,0.7551716444470818
ed5383b50ffcdded,Miles Johns,Jean Matsumoto,900.0,0,Jean Matsumoto,Decision - Split,0.6181449848919267,0.20900283788493124,0.2072634596323945,0.1,20,Miles Johns,Jean Matsumoto,Jean Matsumoto,True,0.7927365403676054
12cedec11b37ddc0,Dricus Du Plessis,Khamzat Chimaev,1500.0,0,Khamzat Chimaev,Decision - Unanimous,0.0008067852229763446,0.1675492831603226,0.43999873197453987,0.45,20,Khamzat Chimaev,Khamzat Chimaev,Khamzat Chimaev,True,0.5600012680254601
88020d22cf905792,Karine Silva,Dione Barbosa,900.0,1,Karine Silva,Decision - Unanimous,0.19721218598569906,0.5792188401892528,0.4884137941841587,0.4,20,Dione Barbosa,Karine Silva,Dione Barbosa,False,0.5115862058158414
9939d7073462e07e,Jared Cannonier,Michael Page,900.0,0,Michael Page,Decision - Unanimous,0.795378148721398,0.4686630424284955,0.5405069151754012,0.5,20,Jared Cannonier,Michael Page,Jared Cannonier,False,0.5405069151754012
a2eafd9e1d5031b1,Jessica Andrade,Loopy Godinez,900.0,0,Loopy Godinez,Decision - Unanimous,0.2344324799781552,0.25018001834697373,0.5074966243536305,0.55,20,Loopy Godinez,Loopy Godinez,Jessica Andrade,False,0.5074966243536305
bc63f1b2e52f603e,Edson Barboza,Drakkar Klose,900.0,0,Drakkar Klose,Decision - Unanimous,0.8103514071831592,0.23223020495660107,0.34949846675652607,0.35,20,Edson Barboza,Drakkar Klose,Drakkar Klose,True,0.6505015332434739
0b1460c666e66d39,Maheshate,Gauge Young,900.0,0,Gauge Young,Decision - Unanimous,0.020178578765341865,0.3854344066599096,0.3867888601105616,0.35,20,Gauge Young,Gauge Young,Gauge Young,True,0.6132111398894384
2f6065fe0804d1d8,Xiao Long,SuYoung You,900.0,0,SuYoung You,Decision - Unanimous,0.7089249011536611,0.46394675753313774,0.434009354887176,0.45,20,Xiao Long,SuYoung You,SuYoung You,True,0.565990645112824
5538d15c4eeac3b3,Sergei Pavlovich,Waldo Cortes-Acosta,900.0,1,Sergei Pavlovich,Decision - Unanimous,0.8002868867399062,0.32549890400114134,0.3846868453974043,0.3,20,Sergei Pavlovich,Waldo Cortes-Acosta,Waldo Cortes-Acosta,False,0.6153131546025957
58080e8989927500,Brian Ortega,Aljamain Sterling,1500.0,0,Aljamain Sterling,Decision - Unanimous,0.02041989395243711,0.007800851130909662,0.07243498170427841,0.05,20,Aljamain Sterling,Aljamain Sterling,Aljamain Sterling,True,0.9275650182957216
ce6bd165bef82bd7,Sumudaerji,Kevin Borjas,900.0,1,Sumudaerji,Decision - Unanimous,0.9917713673743557,0.6343435955031396,0.5793706468702875,0.6,20,Sumudaerji,Sumudaerji,Sumudaerji,True,0.5793706468702875
f55749e32ce5c6f3,Rongzhu,Austin Hubbard,900.0,1,Rongzhu,Decision - Unanimous,0.8311699906314327,0.571013640038499,0.5378793584538866,0.5,20,Rongzhu,Rongzhu,Rongzhu,True,0.5378793584538866
5bcd8abf6da01dae,Nassourdine Imavov,Caio Borralho,1500.0,1,Nassourdine Imavov,Decision - Unanimous,0.7162611389174212,0.5890807772739222,0.4675316812418324,0.5,20,Nassourdine Imavov,Nassourdine Imavov,Caio Borralho,False,0.5324683187581676
b53031bf4bd0a330,William Gomis,Robert Ruchala,900.0,1,William Gomis,Decision - Unanimous,0.5978800897071843,0.611657570465634,0.6311222686020606,0.65,20,William Gomis,William Gomis,William Gomis,True,0.6311222686020606
80eae31bc0a94a65,Mayra Bueno Silva,Jacqueline Cavalcanti,900.0,0,Jacqueline Cavalcanti,Decision - Unanimous,0.06246338158840302,0.08054064745073902,0.20322408159899355,0.15,20,Jacqueline Cavalcanti,Jacqueline Cavalcanti,Jacqueline Cavalcanti,True,0.7967759184010065
9126633d921afb57,Tecia Pennington,Denise Gomes,900.0,0,Denise Gomes,Decision - Unanimous,0.356599585487955,0.39258903055973665,0.4567884106774949,0.4,20,Denise Gomes,Denise Gomes,Denise Gomes,True,0.5432115893225051
c6d56aad93f98249,Ricky Simon,Raoni Barcelos,900.0,0,Raoni Barcelos,Decision - Unanimous,0.34639905022841655,0.5350300767528393,0.6718407727210767,0.65,20,Raoni Barcelos,Ricky Simon,Ricky Simon,False,0.6718407727210767
e3d657dd88864ba7,Hyder Amil,Jamall Emmers,900.0,0,Jamall Emmers,Decision - Unanimous,0.028557484497181533,0.3749004541399346,0.30624386348920646,0.3,20,Jamall Emmers,Jamall Emmers,Jamall Emmers,True,0.6937561365107936
46f81d5ecd974c1c,Nurullo Aliev,Shem Rock,900.0,1,Nurullo Aliev,Decision - Unanimous,0.8157351325230907,0.6416852756241707,0.6563165804709196,0.7,20,Nurullo Aliev,Nurullo Aliev,Nurullo Aliev,True,0.6563165804709196
6f0231915cc28507,Bekzat Almakhan,Aleksandre Topuria,900.0,0,Aleksandre Topuria,Decision - Unanimous,0.2716723175261,0.207406018871916,0.36523540892663575,0.4,20,Aleksandre Topuria,Aleksandre Topuria,Aleksandre Topuria,True,0.6347645910733642
9027e156c6f1988a,Marek Bujlo,Denzel Freeman,900.0,0,Denzel Freeman,Decision - Unanimous,0.18413407125366596,0.5673377219598496,0.5645557085731125,0.65,20,Denzel Freeman,Marek Bujlo,Marek Bujlo,False,0.5645557085731125
b2218930b982d9b6,Belal Muhammad,Ian Machado Garry,900.0,0,Ian Machado Garry,Decision - Unanimous,0.2881836038239108,0.3615479786236449,0.3689436266597478,0.3,20,Ian Machado Garry,Ian Machado Garry,Ian Machado Garry,True,0.6310563733402522
c49485cedb878cf0,Nicolas Dalby,Saygid Izagakhmaev,900.0,1,Nicolas Dalby,Decision - Split,0.7201066372385962,0.18229463061681958,0.2256273064151822,0.2,20,Nicolas Dalby,Saygid Izagakhmaev,Saygid Izagakhmaev,False,0.7743726935848179
225e93ebed9b71b8,Joanderson Brito,Isaac Thomson,900.0,1,Joanderson Brito,Decision - Unanimous,0.9734550302310774,0.46796346502297653,0.6175824005859816,0.7,20,Joanderson Brito,Isaac Thomson,Joanderson Brito,True,0.6175824005859816
ac56a1052c4c8f63,Allen Frye Jr.,Guilherme Pat,900.0,0,Guilherme Pat,Decision - Unanimous,0.09950608481705686,0.6273696111438702,0.5900893845667039,0.65,20,Guilherme Pat,Allen Frye Jr.,Allen Frye Jr.,False,0.5900893845667039
ceb5b0f1f6daddf6,Melissa Croden,Luana Santos,900.0,0,Luana Santos,Decision - Unanimous,0.21011252123012364,0.14630406887196878,0.2889557057883243,0.25,20,Luana Santos,Luana Santos,Luana Santos,True,0.7110442942116757
d000cb692343cdcd,Cesar Almeida,Cezary Oleksiejczuk,900.0,0,Cezary Oleksiejczuk,Decision - Unanimous,0.014956735868913676,0.3891889001944616,0.41579259862783075,0.35,20,Cezary Oleksiejczuk,Cezary Oleksiejczuk,Cezary Oleksiejczuk,True,0.5842074013721692
fc4ab243d21b795d,King Green,Lance Gibson Jr.,900.0,1,King Green,Decision - Split,0.956133932629206,0.6179415183164958,0.6926230839225431,0.7,20,King Green,King Green,King Green,True,0.6926230839225431
007e8e0d4a39d82c,Sean O'Malley,Song Yadong,900.0,1,Sean O'Malley,Decision - Unanimous,0.6313510544998304,0.7788695759701377,0.6812453144478703,0.75,20,Sean O'Malley,Sean O'Malley,Sean O'Malley,True,0.6812453144478703
33be2456161c14c3,Ateba Gautier,Andrey Pulyaev,900.0,1,Ateba Gautier,Decision - Unanimous,0.14476766055352144,0.6784710720860012,0.781077376739699,0.85,20,Andrey Pulyaev,Ateba Gautier,Ateba Gautier,True,0.781077376739699
6c9f4799990c3c33,Umar Nurmagomedov,Deiveson Figueiredo,900.0,1,Umar Nurmagomedov,Decision - Unanimous,0.9934534356907918,0.9894550424402534,0.9177560039874683,0.95,20,Umar Nurmagomedov,Umar Nurmagomedov,Umar Nurmagomedov,True,0.9177560039874683
836a188a90e479a5,Arnold Allen,Jean Silva,900.0,0,Jean Silva,Decision - Unanimous,0.21107433903120357,0.7468671737879765,0.6347589148793127,0.7,20,Jean Silva,Arnold Allen,Arnold Allen,False,0.6347589148793127
d63c9aa4f4873001,Natalia Silva,Rose Namajunas,900.0,1,Natalia Silva,Decision - Unanimous,0.8976097807568175,0.6429091371617794,0.6000494711651992,0.55,20,Natalia Silva,Natalia Silva,Natalia Silva,True,0.6000494711651992
fa4b3f5ce8055921,Justin Gaethje,Paddy Pimblett,1500.0,1,Justin Gaethje,Decision - Unanimous,0.7497505064857355,0.31917354987993996,0.49887346687357514,0.4,20,Justin Gaethje,Paddy Pimblett,Paddy Pimblett,False,0.5011265331264249
0047f8aadca1936f,Jacob Malkoun,Torrez Finney,900.0,1,Jacob Malkoun,Decision - Unanimous,0.9997589228034445,0.9550007010522508,0.8924910041347773,0.95,20,Jacob Malkoun,Jacob Malkoun,Jacob Malkoun,True,0.8924910041347773
4c1e7e1765a5438a,Kaan Ofli,Yizha,900.0,1,Kaan Ofli,Decision - Majority,0.2496395192863335,0.03137226708994758,0.242829265091478,0.2,20,Yizha,Yizha,Yizha,False,0.7571707349085219
5c73e0013b859664,Sulangrangbo,Lawrence Lui,900.0,0,Lawrence Lui,Decision - Split,0.1539309894582664,0.7187426181673718,0.7449761086048063,0.8,20,Lawrence Lui,Sulangrangbo,Sulangrangbo,False,0.7449761086048063
67765535bd0b6bdf,Tai Tuivasa,Tallison Teixeira,900.0,0,Tallison Teixeira,Decision - Unanimous,0.08516112434580392,0.007597303147794239,0.161439123241578,0.15,20,Tallison Teixeira,Tallison Teixeira,Tallison Teixeira,True,0.8385608767584221
ad14c502c9c5a7e9,Sangwook Kim,Dom Mar Fan,900.0,0,Dom Mar Fan,Decision - Unanimous,0.15915792996984765,0.4190299149952643,0.5430355170919013,0.5,20,Dom Mar Fan,Dom Mar Fan,Sangwook Kim,False,0.5430355170919013
b06b43670238c2d8,Alexander Volkanovski,Diego Lopes,1500.0,1,Alexander Volkanovski,Decision - Unanimous,0.8434848290402566,0.9529287028647224,0.8081940819992959,0.85,20,Alexander Volkanovski,Alexander Volkanovski,Alexander Volkanovski,True,0.8081940819992959
2a26c0cfa06265b7,Jean Matsumoto,Farid Basharat,900.0,0,Farid Basharat,Decision - Split,0.7385668343099892,0.4569644412211712,0.46982311869303606,0.55,20,Jean Matsumoto,Farid Basharat,Farid Basharat,True,0.5301768813069639
2bbfbb234c255249,Klaudia Sygula,Priscila Cachoeira,900.0,1,Klaudia Sygula,Decision - Unanimous,0.9623406983346252,0.9923754229530047,0.9310584702113012,0.95,20,Klaudia Sygula,Klaudia Sygula,Klaudia Sygula,True,0.9310584702113012
84e8ccc3c97c2b4c,Wang Cong,Eduarda Moura,900.0,1,Wang Cong,Decision - Unanimous,0.8283429814653872,0.5819775677281541,0.4294063760815674,0.4,20,Wang Cong,Wang Cong,Eduarda Moura,False,0.5705936239184326
86df0e75f41784d8,Javid Basharat,Gianni Vazquez,900.0,1,Javid Basharat,Decision - Unanimous,0.9956346918308955,0.8210135277013386,0.6850338732109473,0.65,20,Javid Basharat,Javid Basharat,Javid Basharat,True,0.6850338732109473
8fea32ab0445859c,Michal Oleksiejczuk,Marc-Andre Barriault,900.0,1,Michal Oleksiejczuk,Decision - Unanimous,0.9756515843354414,0.9548250614802247,0.7969592167249514,0.8,20,Michal Oleksiejczuk,Michal Oleksiejczuk,Michal Oleksiejczuk,True,0.7969592167249514
a5c5f76cf0a7c784,Jailton Almeida,Rizvan Kuniev,900.0,0,Rizvan Kuniev,Decision - Unanimous,0.29656842911738024,0.9888549093685222,0.824590528199575,0.85,20,Rizvan Kuniev,Jailton Almeida,Jailton Almeida,False,0.824590528199575
cc5c5a8cff4c1ae9,Bruna Brasil,Ketlen Souza,900.0,0,Ketlen Souza,Decision - Unanimous,0.16872097172496647,0.31648193454415674,0.5156842780815012,0.5,20,Ketlen Souza,Ketlen Souza,Bruna Brasil,False,0.5156842780815012
dbbf8334a2600895,Amir Albazi,Kyoji Horiguchi,900.0,0,Kyoji Horiguchi,Decision - Unanimous,0.01890012538059848,0.27296006355936153,0.34315773585763376,0.4,20,Kyoji Horiguchi,Kyoji Horiguchi,Kyoji Horiguchi,True,0.6568422641423662
f964d2dda87f25f0,Alex Morono,Daniil Donchenko,900.0,0,Daniil Donchenko,Decision - Unanimous,0.010990246781240866,0.08640124428990206,0.31561873877048546,0.2,20,Daniil Donchenko,Daniil Donchenko,Daniil Donchenko,True,0.6843812612295146
04b7bcc0e8488604,Serghei Spivac,Ante Delija,900.0,1,Serghei Spivac,Decision - Unanimous,0.7348702445752306,0.7107352622144947,0.5725411484737288,0.65,20,Serghei Spivac,Serghei Spivac,Serghei Spivac,True,0.5725411484737288
202d3277e569ad03,Chidi Njokuani,Carlos Leal,900.0,0,Carlos Leal,Decision - Unanimous,0.5098979625540422,0.3210403923121009,0.3886146575826307,0.2,20,Chidi Njokuani,Carlos Leal,Carlos Leal,True,0.6113853424173693
372d1dee0db8dbee,Zach Reese,Michel Pereira,900.0,0,Michel Pereira,Decision - Split,0.6925728992145488,0.8449825091396576,0.8171802309128312,0.9,20,Zach Reese,Zach Reese,Zach Reese,False,0.8171802309128312
508e622130b0a84d,Phil Rowe,Jean-Paul Lebosnoyani,900.0,0,Jean-Paul Lebosnoyani,Decision - Split,0.05484172523235454,0.4022189026033387,0.5059004588074913,0.5,20,Jean-Paul Lebosnoyani,Jean-Paul Lebosnoyani,Phil Rowe,False,0.5059004588074913
5b97f47cdd355cbe,Jordan Leavitt,Yadier del Valle,900.0,1,Jordan Leavitt,Decision - Unanimous,0.9494976004253146,0.8748888859377587,0.6850208769817921,0.7,20,Jordan Leavitt,Jordan Leavitt,Jordan Leavitt,True,0.6850208769817921
6e78d874097a3d22,Juliana Miller,Carli Judice,900.0,0,Carli Judice,Decision - Unanimous,0.11238175137041542,0.19268453176324277,0.3330162908685399,0.3,20,Carli Judice,Carli Judice,Carli Judice,True,0.6669837091314601
8f9896e60047007f,Ramiz Brahimaj,Punahele Soriano,900.0,0,Punahele Soriano,Decision - Unanimous,0.4050807886200819,0.14554213867456078,0.42028232569528196,0.4,20,Punahele Soriano,Punahele Soriano,Punahele Soriano,True,0.5797176743047181
ac39c1f00ae31e58,Alden Coria,Luis Gurule,900.0,1,Alden Coria,Decision - Unanimous,0.919871976141228,0.7383067005464637,0.5773867977303092,0.6,20,Alden Coria,Alden Coria,Alden Coria,True,0.5773867977303092
1330b5c21269fe92,Brandon Moreno,Lone'er Kavanagh,1500.0,0,Lone'er Kavanagh,Decision - Unanimous,0.3525970862079733,0.4473660945179442,0.5406465180119245,0.5,20,Lone'er Kavanagh,Lone'er Kavanagh,Brandon Moreno,False,0.5406465180119245
25ab195cefbce1d0,Cristian Quinonez,Kris Moutinho,900.0,1,Cristian Quinonez,Decision - Unanimous,0.9787254524463983,0.9672969202692911,0.8584316564517473,0.85,20,Cristian Quinonez,Cristian Quinonez,Cristian Quinonez,True,0.8584316564517473
36d12b31957e94db,Marlon Vera,David Martinez,900.0,0,David Martinez,Decision - Unanimous,0.08450812644669531,0.15158241299989947,0.35184521282595094,0.25,20,David Martinez,David Martinez,David Martinez,True,0.6481547871740491
3b76a00f5d0400eb,Santiago Luna,Angel Pacheco,900.0,1,Santiago Luna,Decision - Unanimous,0.9974330943444841,0.8051077259508974,0.796708554860891,0.95,20,Santiago Luna,Santiago Luna,Santiago Luna,True,0.796708554860891
44d58943ac8e47e1,Regina Tarin,Ernesta Kareckaite,900.0,1,Regina Tarin,Decision - Unanimous,0.6759274351453953,0.5572961092470662,0.5429320809243791,0.6,20,Regina Tarin,Regina Tarin,Regina Tarin,True,0.5429320809243791
7df505d8260ba680,Edgar Chairez,Felipe Bunes,900.0,1,Edgar Chairez,Decision - Split,0.5084180741321375,0.5617772675859946,0.5631789393650355,0.6,20,Edgar Chairez,Edgar Chairez,Edgar Chairez,True,0.5631789393650355
c40b934d2666e351,Ailin Perez,Macy Chiasson,900.0,1,Ailin Perez,Decision - Unanimous,0.9913134473968629,0.9163316133604663,0.7895275765993663,0.8,20,Ailin Perez,Ailin Perez,Ailin Perez,True,0.7895275765993663
9c8d5dbd8905a715,Donte Johnson,Cody Brundage,900.0,1,Donte Johnson,Decision - Split,0.7879632644833179,0.7464051470644897,0.7323614573481146,0.7,20,Donte Johnson,Donte Johnson,Donte Johnson,True,0.7323614573481146
a22fd3735819d858,Sumudaerji,Jesus Aguilar,900.0,1,Sumudaerji,Decision - Unanimous,0.9604171436157823,0.477150749082823,0.4872001159428579,0.55,20,Sumudaerji,Jesus Aguilar,Jesus Aguilar,False,0.5127998840571422
bed89a91da9d04c1,Rob Font,Raul Rosas Jr.,900.0,0,Raul Rosas Jr.,Decision - Unanimous,0.022804637511608775,0.0005822012161058919,0.06963912805457784,0.0,20,Raul Rosas Jr.,Raul Rosas Jr.,Raul Rosas Jr.,True,0.9303608719454222
cc03e698c4b7da52,Rafael Tobias,Diyar Nurgozhay,900.0,0,Diyar Nurgozhay,Decision - Unanimous,0.04513110405552754,0.6593725335397206,0.5693694512347223,0.55,20,Diyar Nurgozhay,Rafael Tobias,Rafael Tobias,False,0.5693694512347223
d564db29997e1371,Caio Borralho,Reinier de Ridder,900.0,1,Caio Borralho,Decision - Unanimous,0.6296088263889027,0.5167913714819707,0.5256122347875531,0.55,20,Caio Borralho,Caio Borralho,Caio Borralho,True,0.5256122347875531
ecd16d14a138d7fb,Cody Garbrandt,Xiao Long,900.0,1,Cody Garbrandt,Decision - Unanimous,0.06763478748081748,0.370071822493319,0.4371008666330548,0.35,20,Xiao Long,Xiao Long,Xiao Long,False,0.5628991333669452
f030febede41c661,Max Holloway,Charles Oliveira,1500.0,0,Charles Oliveira,Decision - Unanimous,0.002463983686098736,0.9740707980463422,0.868090420565965,0.95,20,Charles Oliveira,Max Holloway,Max Holloway,False,0.868090420565965
f661ef429055f8c1,Cody Durden,Nyamjargal Tumendemberel,900.0,0,Nyamjargal Tumendemberel,Decision - Unanimous,0.024856554368330622,0.7536201699656209,0.5723350907774922,0.6,20,Nyamjargal Tumendemberel,Cody Durden,Cody Durden,False,0.5723350907774922
244285b7fd0ddece,Piera Rodriguez,Sam Hughes,900.0,1,Piera Rodriguez,Decision - Unanimous,0.9043658316785026,0.6024921831983255,0.6334516007013102,0.7,20,Piera Rodriguez,Piera Rodriguez,Piera Rodriguez,True,0.6334516007013102
2c330a6f7f1e55f0,Vitor Petrino,Steven Asplund,900.0,1,Vitor Petrino,Decision - Unanimous,0.8891687631922229,0.527880416128442,0.4698900106393172,0.45,20,Vitor Petrino,Vitor Petrino,Steven Asplund,False,0.5301099893606829
32d371462c539bee,Luan Lacerda,Hecher Sosa,900.0,0,Hecher Sosa,Decision - Unanimous,0.1677473298523849,0.3170046043893659,0.398718883829223,0.45,20,Hecher Sosa,Hecher Sosa,Hecher Sosa,True,0.601281116170777
3b7b771b9578383d,Amanda Lemos,Gillian Robertson,900.0,0,Gillian Robertson,Decision - Unanimous,0.797722175007988,0.028942740109508362,0.3043419367733467,0.3,20,Amanda Lemos,Gillian Robertson,Gillian Robertson,True,0.6956580632266534
8bee5192baec71d8,Andre Fili,Jose Delgado,900.0,0,Jose Delgado,Decision - Split,0.16967113107145887,0.0880686081344868,0.2274978581349698,0.1,20,Jose Delgado,Jose Delgado,Jose Delgado,True,0.7725021418650302
cff81d681a01ae18,Brad Tavares,Eryk Anders,900.0,0,Eryk Anders,Decision - Unanimous,0.3589666617906543,0.6766436101344034,0.5528938587511358,0.6,20,Eryk Anders,Brad Tavares,Brad Tavares,False,0.5528938587511358
f26c0bdf7689aea2,Chris Curtis,Myktybek Orolbai,900.0,0,Myktybek Orolbai,Decision - Unanimous,0.00086740673756002,0.11371039854234716,0.22663651388968414,0.15,20,Myktybek Orolbai,Myktybek Orolbai,Myktybek Orolbai,True,0.7733634861103158
fc9168fd102e2e66,Charles Johnson,Bruno Silva,900.0,1,Charles Johnson,Decision - Split,0.7236219608647226,0.6775018081860213,0.6788779081001324,0.8,20,Charles Johnson,Charles Johnson,Charles Johnson,True,0.6788779081001324
346e3897c2ead99a,Movsar Evloev,Lerone Murphy,1500.0,1,Movsar Evloev,Decision - Majority,0.7526871545892451,0.7690154974691338,0.6976000108549834,0.7,20,Movsar Evloev,Movsar Evloev,Movsar Evloev,True,0.6976000108549834
3b9f50f07d9a1601,Nathaniel Wood,Losene Keita,900.0,1,Nathaniel Wood,Decision - Split,0.7791286367076089,0.8459017365661028,0.7157528270313305,0.75,20,Nathaniel Wood,Nathaniel Wood,Nathaniel Wood,True,0.7157528270313305
3ee578ddd071ad4c,Mason Jones,Axel Sola,900.0,1,Mason Jones,Decision - Unanimous,0.9180318905701141,0.7077593012080498,0.6403427635083477,0.7,20,Mason Jones,Mason Jones,Mason Jones,True,0.6403427635083477
562d916f55918901,Roman Dolidze,Christian Leroy Duncan,900.0,0,Christian Leroy Duncan,Decision - Unanimous,0.08416996979733099,0.1423849847430028,0.2376998235329407,0.2,20,Christian Leroy Duncan,Christian Leroy Duncan,Christian Leroy Duncan,True,0.7623001764670593
5ee11b727e89e8ad,Michael Page,Sam Patterson,900.0,1,Michael Page,Decision - Unanimous,0.8955109060155088,0.5332420042862908,0.6278334487895225,0.7,20,Michael Page,Michael Page,Michael Page,True,0.6278334487895225
8817bd21b6d0a989,Mantas Kondratavicius,Antonio Trocoli,900.0,1,Mantas Kondratavicius,Decision - Unanimous,0.99673357815558,0.8393311412997817,0.7896318514213435,0.8,20,Mantas Kondratavicius,Mantas Kondratavicius,Mantas Kondratavicius,True,0.7896318514213435
90187edeeda7e6d6,Mario Pinto,Felipe Franco,900.0,1,Mario Pinto,Decision - Unanimous,0.9688736556246199,0.38222067876848087,0.4685483801315479,0.4,20,Mario Pinto,Felipe Franco,Felipe Franco,False,0.531451619868452
bbe0f3653de9f6a8,Shem Rock,Abdul-Kareem Al-Selwady,900.0,0,Abdul-Kareem Al-Selwady,Decision - Unanimous,0.10451233691410651,0.5487524371232728,0.5929081891147956,0.55,20,Abdul-Kareem Al-Selwady,Shem Rock,Shem Rock,False,0.5929081891147956
fa534aaa5b997a69,Luke Riley,Michael Aswell Jr.,900.0,1,Luke Riley,Decision - Unanimous,0.9221734312293282,0.5650310587622084,0.4914171957589126,0.5,20,Luke Riley,Luke Riley,Michael Aswell Jr.,False,0.5085828042410874
08d4e3864c44f8a5,Marcin Tybura,Tyrell Fortune,900.0,0,Tyrell Fortune,Decision - Unanimous,0.47594779205866594,0.5519230734489103,0.6252536963939317,0.65,20,Tyrell Fortune,Marcin Tybura,Marcin Tybura,False,0.6252536963939317
796e1151896195aa,Alexia Thainara,Bruna Brasil,900.0,1,Alexia Thainara,Decision - Unanimous,0.9986716535491856,0.7723136416295453,0.6566544817399566,0.7,20,Alexia Thainara,Alexia Thainara,Alexia Thainara,True,0.6566544817399566
fa96d6252579b51e,Ignacio Bahamondes,Tofiq Musayev,900.0,0,Tofiq Musayev,Decision - Unanimous,0.05645600129041897,0.8792633692905665,0.7350618760723228,0.85,20,Tofiq Musayev,Ignacio Bahamondes,Ignacio Bahamondes,False,0.7350618760723228
0760bc02280574dd,Guilherme Pat,Thomas Petersen,900.0,0,Thomas Petersen,Decision - Majority,0.05091162175073184,0.29682679602172296,0.40855232618541126,0.35,20,Thomas Petersen,Thomas Petersen,Thomas Petersen,True,0.5914476738145887
721642e7de112e9e,Virna Jandiroba,Tabatha Ricci,900.0,1,Virna Jandiroba,Decision - Unanimous,0.8509700014848229,0.5418568155351412,0.5193171452936108,0.55,20,Virna Jandiroba,Virna Jandiroba,Virna Jandiroba,True,0.5193171452936108
7924f10aac3543de,Jose Delano,Robert Ruchala,900.0,1,Jose Delano,Decision - Unanimous,0.9351003633618684,0.530963733079097,0.5058827059861535,0.5,20,Jose Delano,Jose Delano,Jose Delano,True,0.5058827059861535
a5a749aa0061fdb4,Kai Kamaka III,Dakota Hope,900.0,1,Kai Kamaka III,Decision - Split,0.489187152407605,0.38742333843072124,0.6280485664706184,0.65,20,Dakota Hope,Dakota Hope,Kai Kamaka III,True,0.6280485664706184
caf13346cbcfdb03,Dione Barbosa,Melissa Gatto,900.0,1,Dione Barbosa,Decision - Majority,0.6517790404685363,0.4140265593962589,0.4109560508601233,0.35,20,Dione Barbosa,Melissa Gatto,Melissa Gatto,False,0.5890439491398767
10ab34056720b6b4,Patricio Pitbull,Aaron Pico,900.0,0,Aaron Pico,Decision - Unanimous,0.009649601091281946,0.12989912587395752,0.3908930491614756,0.35,20,Aaron Pico,Aaron Pico,Aaron Pico,True,0.6091069508385244
5b49c3d36907c6df,Charles Radtke,Francisco Prado,900.0,1,Charles Radtke,Decision - Unanimous,0.9020368534859158,0.3384041825796904,0.3553224306045897,0.25,20,Charles Radtke,Francisco Prado,Francisco Prado,False,0.6446775693954103
903552edaba48f4a,Curtis Blaydes,Josh Hokit,900.0,0,Josh Hokit,Decision - Unanimous,0.6648689746399085,0.9272892467729823,0.7552887554514075,0.8,20,Curtis Blaydes,Curtis Blaydes,Curtis Blaydes,False,0.7552887554514075
b4e16fb13153efdc,Kevin Holland,Randy Brown,900.0,1,Kevin Holland,Decision - Unanimous,0.8662897330519103,0.6442911297199765,0.5933042217595045,0.6,20,Kevin Holland,Kevin Holland,Kevin Holland,True,0.5933042217595045
c4d060cff018979a,Dominick Reyes,Johnny Walker,900.0,1,Dominick Reyes,Decision - Split,0.3774870161695851,0.7574178295058421,0.709974845140573,0.75,20,Johnny Walker,Dominick Reyes,Dominick Reyes,True,0.709974845140573
0df4f4ac27cf2d26,Talita Alencar,Julia Polastri,900.0,1,Talita Alencar,Decision - Unanimous,0.4886090730231544,0.6840621423269692,0.7407721011693241,0.8,20,Julia Polastri,Talita Alencar,Talita Alencar,True,0.7407721011693241
2e7f8d0ad385876d,Max Griffin,Victor Valenzuela,900.0,0,Victor Valenzuela,Decision - Unanimous,0.374421626680306,0.5561843390426048,0.5205351648309776,0.5,20,Victor Valenzuela,Max Griffin,Max Griffin,False,0.5205351648309776
348de8e364ecf041,Montel Jackson,Raoni Barcelos,900.0,0,Raoni Barcelos,Decision - Split,0.28618734609914304,0.5072073302920364,0.49649067377611944,0.5,20,Raoni Barcelos,Montel Jackson,Raoni Barcelos,True,0.5035093262238806
67f24cf244134661,Rodolfo Vieira,Eric McConico,900.0,0,Eric McConico,Decision - Unanimous,0.5019448950926217,0.9853940950411345,0.8511658435644224,0.9,20,Rodolfo Vieira,Rodolfo Vieira,Rodolfo Vieira,False,0.8511658435644224
84951374e4cdc679,Rafa Garcia,Alexander Hernandez,900.0,1,Rafa Garcia,Decision - Unanimous,0.8093729684953661,0.5952376813435849,0.546326125000554,0.55,20,Rafa Garcia,Rafa Garcia,Rafa Garcia,True,0.546326125000554
c7fb90f1355291e4,Francis Marshall,Lucas Brennan,900.0,1,Francis Marshall,Decision - Unanimous,0.9941170191295025,0.2611843200429982,0.3557444847414082,0.35,20,Francis Marshall,Lucas Brennan,Lucas Brennan,False,0.6442555152585918
cb745968bd16bf56,Norma Dumont,Joselyne Edwards,900.0,0,Joselyne Edwards,Decision - Unanimous,0.26601881479100176,0.45820992153310014,0.6498942005388552,0.7,20,Joselyne Edwards,Joselyne Edwards,Norma Dumont,False,0.6498942005388552
d421f3cd158fd055,Jafel Filho,Cody Durden,900.0,0,Cody Durden,Decision - Unanimous,0.11013026634556347,0.33651169220394667,0.4131238940629129,0.4,20,Cody Durden,Cody Durden,Cody Durden,True,0.5868761059370871
dcfd594b68ff5ae1,Mayra Bueno Silva,Michelle Montague,900.0,0,Michelle Montague,Decision - Unanimous,0.007015412676305243,0.1931565946646902,0.2657445480913755,0.2,20,Michelle Montague,Michelle Montague,Michelle Montague,True,0.7342554519086245
f524e42c36028de0,Aljamain Sterling,Youssef Zalal,1500.0,1,Aljamain Sterling,Decision - Unanimous,0.9622511461242719,0.837762427237097,0.866713410952587,0.95,20,Aljamain Sterling,Aljamain Sterling,Aljamain Sterling,True,0.866713410952587
f5aff2f858311fbc,Davey Grant,Adrian Luna Martinetti,900.0,1,Davey Grant,Decision - Unanimous,0.9757974521495657,0.5761824482099942,0.5692299120160991,0.55,20,Davey Grant,Davey Grant,Davey Grant,True,0.5692299120160991
00bde62cac38e5e9,Colby Thicknesse,Vince Morales,900.0,1,Colby Thicknesse,Decision - Unanimous,0.37230007183226493,0.83077618177627,0.6347671454994444,0.65,20,Vince Morales,Colby Thicknesse,Colby Thicknesse,True,0.6347671454994444
2afaa97901d5587c,Tai Tuivasa,Louie Sutherland,900.0,0,Louie Sutherland,Decision - Unanimous,0.006387215810137789,0.1302714175410066,0.18208748545406037,0.15,20,Louie Sutherland,Louie Sutherland,Louie Sutherland,True,0.8179125145459396
46181797eb543a0b,Cam Rowston,Robert Bryczek,900.0,1,Cam Rowston,Decision - Unanimous,0.9999616880898468,0.7659632299810488,0.5772951967958512,0.6,20,Cam Rowston,Cam Rowston,Cam Rowston,True,0.5772951967958512
7ac4ae301ed699ab,Jonathan Micallef,Themba Gorimbo,900.0,1,Jonathan Micallef,Decision - Split,0.6725187130111622,0.1698363852957766,0.273411198802039,0.2,20,Jonathan Micallef,Themba Gorimbo,Themba Gorimbo,False,0.726588801197961
afec383a96893ec5,Tim Elliott,Steve Erceg,900.0,0,Steve Erceg,Decision - Unanimous,0.08715345189804842,0.6789785225021921,0.7358698626147799,0.75,20,Steve Erceg,Tim Elliott,Tim Elliott,False,0.7358698626147799
edff38661bf2866b,Jacob Malkoun,Gerald Meerschaert,900.0,1,Jacob Malkoun,Decision - Unanimous,0.44580106410604053,0.9999734916408739,0.9385314759013195,0.95,20,Gerald Meerschaert,Jacob Malkoun,Jacob Malkoun,True,0.9385314759013195
22ba4f1b0aafbf82,Alexander Volkov,Waldo Cortes Acosta,900.0,1,Alexander Volkov,Decision - Unanimous,0.9204465816511145,0.4641030767588692,0.5211602973349593,0.55,20,Alexander Volkov,Waldo Cortes Acosta,Alexander Volkov,True,0.5211602973349593
303018d7459323b4,Pat Sabatini,William Gomis,900.0,1,Pat Sabatini,Decision - Unanimous,0.985548103657234,0.8736411632436714,0.5837167870501182,0.65,20,Pat Sabatini,Pat Sabatini,Pat Sabatini,True,0.5837167870501182
70f1621080b3435c,Khamzat Chimaev,Sean Strickland,1500.0,0,Sean Strickland,Decision - Split,0.5752213613863069,0.7613046338722653,0.6597886592597869,0.7,20,Khamzat Chimaev,Khamzat Chimaev,Khamzat Chimaev,False,0.6597886592597869
845b8653f9cf839c,Sean Brady,Joaquin Buckley,900.0,1,Sean Brady,Decision - Unanimous,0.9999981101441084,0.7488155883986911,0.5724560907011408,0.6,20,Sean Brady,Sean Brady,Sean Brady,True,0.5724560907011408
9d35723a53749931,Roman Kopylov,Marco Tulio,900.0,1,Roman Kopylov,Decision - Unanimous,0.7688106442041241,0.23039357562583382,0.39480288412641307,0.35,20,Roman Kopylov,Marco Tulio,Marco Tulio,False,0.6051971158735869
e92d89cb2d69235e,Clayton Carpenter,Jose Ochoa,900.0,0,Jose Ochoa,Decision - Unanimous,0.008375552489089269,0.6568914020295026,0.6099268160987839,0.6,20,Jose Ochoa,Clayton Carpenter,Clayton Carpenter,False,0.6099268160987839
57bd683efc797fc1,Modestas Bukauskas,Christian Edwards,900.0,1,Modestas Bukauskas,Decision - Split,0.5491899012108729,0.2898625878656848,0.28390949456292114,0.2,20,Modestas Bukauskas,Christian Edwards,Christian Edwards,False,0.7160905054370789
5f7111b982bcf6e3,Ketlen Vieira,Jacqueline Cavalcanti,900.0,1,Ketlen Vieira,Decision - Unanimous,0.42692808949006217,0.18336189413954884,0.2892557503488475,0.15,20,Jacqueline Cavalcanti,Jacqueline Cavalcanti,Jacqueline Cavalcanti,False,0.7107442496511525
6242cda790f2085d,Tuco Tokkos,Ivan Erslan,900.0,0,Ivan Erslan,Decision - Unanimous,0.24858429672112028,0.8682259462416907,0.6792368167480144,0.7,20,Ivan Erslan,Tuco Tokkos,Tuco Tokkos,False,0.6792368167480144
b482d4452e4d0eee,Daniel Barez,Luis Gurule,900.0,0,Luis Gurule,Decision - Unanimous,0.11016024427252416,0.2396582706932446,0.3960320092734695,0.4,20,Luis Gurule,Luis Gurule,Luis Gurule,True,0.6039679907265305
e4aa608124896794,Arnold Allen,Melquizael Costa,1500.0,1,Arnold Allen,Decision - Unanimous,0.8898559239447692,0.5301202041949862,0.4429113193920468,0.4,20,Arnold Allen,Arnold Allen,Melquizael Costa,False,0.5570886806079531
3f719885c9916e06,Angela Hill,Xiong Jingnan,900.0,1,Angela Hill,Decision - Unanimous,0.9690189277759226,0.5619580855319287,0.5611801507006231,0.55,20,Angela Hill,Angela Hill,Angela Hill,True,0.5611801507006231
bc0b3c16246e0d1d,Ding Meng,Jose Souza,900.0,0,Jose Souza,Decision - Split,0.39897295497985563,0.3903093912871138,0.4061679122200199,0.35,20,Jose Souza,Jose Souza,Jose Souza,True,0.5938320877799801
c1c9dfd0c0952f18,Jake Matthews,Carlston Harris,900.0,1,Jake Matthews,Decision - Unanimous,0.9959310475418299,0.7314389397033443,0.8010263356948382,0.8,20,Jake Matthews,Jake Matthews,Jake Matthews,True,0.8010263356948382
419fff06f338f5c6,Brendan Allen,Edmen Shahbazyan,900.0,1,Brendan Allen,Decision - Unanimous,0.5485113252843176,0.5856428485248331,0.4834815866941808,0.5,20,Brendan Allen,Brendan Allen,Edmen Shahbazyan,False,0.5165184133058192
58ffa2dac4f2e7d0,Fares Ziam,Tom Nolan,900.0,0,Tom Nolan,Decision - Unanimous,0.08607593035058948,0.7649265056825794,0.6797266636644312,0.8,20,Tom Nolan,Fares Ziam,Fares Ziam,False,0.6797266636644312
5c69b019e6deee41,Belal Muhammad,Gabriel Bonfim,1500.0,0,Gabriel Bonfim,Decision - Unanimous,0.17718336290343947,0.3180051521064504,0.4202785668731705,0.45,20,Gabriel Bonfim,Gabriel Bonfim,Gabriel Bonfim,True,0.5797214331268294
90940d93d6e0998f,Marcus McGhee,John Yannis,900.0,1,Marcus McGhee,Decision - Unanimous,0.8606866421908711,0.7967494829420031,0.7129060793558334,0.75,20,Marcus McGhee,Marcus McGhee,Marcus McGhee,True,0.7129060793558334
a6b211d8dab5edec,Jeisla Chaves,Yuneisy Duben,900.0,1,Jeisla Chaves,Decision - Split,0.7097435095719932,0.5741613648645476,0.5602453812299378,0.6,20,Jeisla Chaves,Jeisla Chaves,Jeisla Chaves,True,0.5602453812299378
17d31249c9ab18af,Andre Lima,Kevin Borjas,900.0,0,Kevin Borjas,Decision - Unanimous,0.5491899012108729,0.9237985904122236,0.9186305067373853,0.95,20,Andre Lima,Andre Lima,Andre Lima,False,0.9186305067373853
3b4803afa824fea3,Allan Nascimento,Mitch Raposo,900.0,0,Mitch Raposo,Decision - Split,0.9456285471263388,0.09710735400430967,0.3187081580705796,0.35,20,Allan Nascimento,Mitch Raposo,Mitch Raposo,True,0.6812918419294204
8b809ba1880aded0,Gaston Bolanos,Michael Aswell Jr.,900.0,1,Gaston Bolanos,Decision - Unanimous,0.2826389492966672,0.3383053812643669,0.35377246533335216,0.3,20,Michael Aswell Jr.,Michael Aswell Jr.,Michael Aswell Jr.,False,0.6462275346666478
9efa4de316b8bf43,Shane Collins,Otari Tanzilovi,900.0,1,Shane Collins,Decision - Unanimous,0.6238180245519589,0.5883584664643035,0.603807508093143,0.65,20,Shane Collins,Shane Collins,Shane Collins,True,0.603807508093143
b23a1a5d35eb438a,Karol Rosa,Luana Santos,900.0,0,Luana Santos,Decision - Unanimous,0.011349853959585992,0.33143317690456786,0.428391809851956,0.35,20,Luana Santos,Luana Santos,Luana Santos,True,0.571608190148044
012c307c9d446c4d,Shara Magomedov,Michel Pereira,900.0,1,Shara Magomedov,Decision - Unanimous,0.5562183406122284,0.8185077523581976,0.7658272411348732,0.95,20,Shara Magomedov,Shara Magomedov,Shara Magomedov,True,0.7658272411348732
